384,2000,1,1,0,0,0,0,0,0,1,0
384,2001,1,1,0,0,0,0,0,0,1,0
412,2000,2,2,0,0,0,0,0,0,2,0
541,2001,2,2,0,0,0,0,0,0,2,0
786,2001,1,1,0,0,0,0,0,0,0,0
825,2000,2,1,0,0,0,0,0,0,0,0
863,2000,1,1,0,0,0,0,0,0,1,0
872,2002,2,1,1,0,0,0,0,0,0,0
1015,2001,1,1,0,0,0,0,0,0,0,0
1062,2001,1,1,1,0,0,0,0,0,0,0
1138,2002,1,1,0,0,0,0,0,0,1,0
1406,2000,2,2,0,0,0,0,0,0,2,0
1556,2012,1,1,0,0,0,0,0,0,0,0
2242,2005,2,1,0,0,0,0,1,0,0,0
2493,2002,1,1,0,0,0,0,0,0,0,0
2508,2003,1,1,0,0,0,0,0,0,0,0
2562,2001,3,2,0,0,0,0,0,0,0,0
2810,1999,2,2,0,0,0,0,0,0,1,0
3039,2001,3,2,0,0,0,0,0,0,1,0
3166,2001,2,2,0,0,0,0,0,0,1,0
3223,2000,3,3,1,0,0,0,0,0,2,0
3262,2000,1,1,0,0,0,0,0,0,0,0
3410,1999,2,2,0,0,0,0,0,0,1,0
3916,2000,2,2,0,0,0,0,0,0,1,0
3923,2000,1,1,0,0,0,0,0,0,0,0
4161,2001,1,1,0,0,0,0,0,0,0,0
4570,2000,2,1,0,0,0,0,0,0,1,0
4744,2001,4,3,1,0,0,0,0,0,2,0
4781,2013,2,2,1,0,0,0,0,0,1,0
4910,1998,3,3,0,0,0,0,0,0,2,0
4910,2001,2,2,0,0,0,0,0,0,0,0
4910,2006,1,1,1,0,0,0,0,0,0,0
4910,2010,2,1,1,0,0,0,0,0,0,0
5737,2000,2,2,0,0,0,0,0,0,0,0
5782,2012,1,1,0,0,0,0,0,0,1,0
5871,2001,2,2,1,0,0,0,0,0,0,0
6332,2000,1,1,0,0,0,0,0,0,0,0
6460,2000,2,1,0,0,0,0,1,0,0,0
6676,2012,2,2,0,0,0,0,0,0,2,0
6735,2001,1,1,0,0,0,0,0,0,0,0
6778,2009,2,1,1,0,0,0,1,0,0,0
6876,2001,2,2,0,0,0,0,0,0,1,0
7051,2002,1,1,0,0,0,0,0,0,1,0
7515,2001,3,3,0,0,0,0,0,0,2,0
8010,2002,1,0,0,0,0,0,0,0,0,0
8089,2002,1,1,0,0,0,0,0,0,0,0
8201,2002,2,2,1,0,0,0,0,0,0,0
8340,1999,2,2,0,0,0,0,0,0,2,0
8390,2001,1,1,0,0,0,0,0,0,0,0
8449,2001,1,1,0,0,0,0,0,0,0,0
8576,2000,1,1,0,0,0,0,0,0,1,0
8660,2000,1,0,0,0,0,0,0,0,0,0
8859,2001,4,4,0,0,0,0,0,0,1,0
8954,2002,1,1,0,0,0,0,0,0,0,0
9240,1999,1,1,0,0,0,0,0,0,1,0
9346,1999,1,1,0,0,0,0,0,0,0,0
9429,2001,3,3,1,0,0,0,0,0,1,0
9437,2001,2,2,0,0,0,0,0,0,1,0
9467,1998,2,2,0,0,0,0,0,0,2,0
9540,2000,2,1,0,0,0,0,0,0,1,0
9698,2002,1,1,0,0,0,0,0,0,0,0
10002,2001,2,2,0,0,0,0,0,0,2,0
10029,2000,2,2,0,0,0,0,0,0,2,0
10070,1999,1,0,0,0,0,0,0,0,0,0
10103,2012,1,1,1,0,0,0,0,0,0,0
10267,2001,1,1,0,0,0,0,0,0,0,0
10294,2002,1,1,0,0,0,0,0,0,1,0
10578,1999,3,3,0,0,0,0,0,0,1,0
10703,2000,2,1,0,0,0,0,0,0,1,0
10703,2001,4,2,1,0,0,0,0,0,1,0
10984,2011,2,1,0,0,0,0,0,0,1,0
11256,2000,3,2,0,0,0,0,0,0,1,0
11256,2001,2,2,0,0,0,0,0,0,2,0
11340,1998,3,2,1,0,0,0,0,0,0,0
11513,2002,2,2,2,1,0,0,0,0,0,0
12089,2002,1,1,1,0,0,0,0,0,0,0
12143,2000,2,1,0,0,0,0,0,0,1,0
12146,2005,2,2,1,0,0,0,0,0,0,0
12216,2002,1,1,0,0,0,0,0,0,1,0
12358,2000,2,2,0,0,0,0,0,0,2,0
12460,2001,3,3,1,0,0,0,0,0,1,0
12526,2000,1,1,0,0,0,0,0,0,1,0
12584,1998,1,0,0,0,0,0,0,0,0,0
12671,2002,1,1,0,0,0,0,0,0,0,0
