126,2021,3,1,0,0,0,0,0,0,0,0
145,2021,1,1,0,0,0,0,0,0,0,0
243,2021,4,2,1,0,0,0,0,0,1,0
263,2021,1,1,1,0,0,0,0,0,0,0
1693,2021,1,1,0,0,0,0,0,0,0,0
1908,2021,1,0,0,0,0,0,1,0,0,0
2893,2021,1,1,0,0,0,0,0,0,0,0
3215,2021,2,2,0,0,0,0,0,0,1,0
3428,2021,1,1,0,0,0,0,0,0,1,0
4821,2021,2,2,0,0,0,0,0,0,1,0
5789,2021,3,2,0,0,0,0,0,0,2,0
6233,2021,4,4,0,0,0,0,0,0,1,0
6845,2021,1,0,0,0,0,0,1,0,0,0
7460,2021,2,1,0,0,0,0,0,0,1,0
8066,2021,1,1,1,0,0,0,0,0,0,0
8133,2021,2,2,0,0,0,0,0,0,0,0
8871,2021,2,2,0,0,0,0,0,0,1,0
8965,2021,1,1,0,0,0,0,0,0,0,0
10784,2021,2,2,0,0,0,0,0,0,1,0
11127,2021,2,2,0,0,0,0,0,0,1,0
11524,2021,2,2,0,0,0,0,0,0,2,0
11942,2021,2,2,0,0,0,0,0,0,1,0
12562,2021,1,0,0,0,0,0,0,0,0,0
