174,2023,2,1,0,0,0,0,1,0,1,0
299,2023,1,1,0,0,0,0,0,0,0,0
946,2023,1,1,1,0,0,0,0,0,0,0
2404,2023,1,1,0,0,0,0,0,0,0,0
2459,2023,1,1,0,0,0,0,0,0,1,0
2518,2023,1,1,0,0,0,0,0,0,1,0
2844,2023,2,1,1,0,0,0,0,1,0,0
3677,2023,1,1,0,0,0,0,0,0,1,0
3827,2023,1,1,0,0,0,0,0,0,0,0
4662,2023,2,2,0,0,0,0,0,0,2,0
4979,2023,1,1,0,0,0,0,0,0,1,0
5168,2023,2,2,0,0,0,0,0,0,1,0
5845,2023,3,3,0,0,0,0,0,0,1,0
6356,2023,1,1,0,0,0,0,0,0,0,0
6601,2023,1,1,0,0,0,0,0,0,1,0
6678,2023,3,3,1,0,0,0,0,0,0,0
7327,2023,1,1,0,0,0,0,0,0,0,0
7881,2023,2,2,0,0,0,0,0,0,1,0
7895,2023,1,1,0,0,0,0,0,0,0,0
7926,2023,1,1,1,0,0,0,0,0,0,0
8815,2023,1,1,0,0,0,0,0,0,1,0
8884,2023,1,1,0,0,0,0,0,0,0,0
9018,2023,1,1,1,0,0,0,0,0,0,0
9708,2023,1,1,0,0,0,0,0,0,0,0
9845,2023,1,1,0,0,0,0,0,0,1,0
9949,2023,1,1,0,0,0,0,0,0,1,0
10064,2023,2,2,0,0,0,0,0,0,2,0
10390,2023,1,1,0,0,0,0,0,0,1,0
10847,2023,1,1,0,0,0,0,0,0,0,0
11225,2023,1,1,0,0,0,0,0,0,0,0
11330,2023,2,2,1,0,0,0,0,0,0,0
11848,2023,1,1,1,0,0,0,0,0,0,0
12304,2023,1,0,0,0,0,0,1,0,0,0
