17,1969,1,1,0,0,0,0,0,0,1,0
17,1971,1,1,0,0,0,0,0,0,1,0
17,1972,2,2,0,0,0,0,0,0,2,0
39,1972,1,1,0,0,0,0,0,0,0,0
94,1965,7,7,1,1,0,0,0,0,2,0
94,1966,2,2,0,0,0,0,0,0,0,0
94,1969,2,2,1,1,0,0,0,0,1,0
106,1968,7,5,1,0,0,0,0,1,2,0
159,1966,1,1,1,0,0,0,0,0,0,0
175,1971,3,3,0,0,0,0,0,0,0,0
361,1969,2,2,2,0,0,0,0,0,0,0
381,1969,5,5,3,0,0,0,0,0,0,0
493,1971,1,1,0,0,0,0,0,0,0,0
493,1972,2,2,0,0,0,0,0,0,0,0
542,1969,5,5,2,1,0,0,0,0,0,0
588,1965,4,4,3,1,0,0,0,0,0,0
588,1966,3,3,1,0,0,0,0,0,0,0
588,1970,1,1,1,0,0,0,0,0,0,0
781,1972,2,2,1,0,0,1,0,0,0,0
792,1969,1,0,0,0,0,0,1,0,0,0
810,1968,11,9,1,0,0,1,2,0,1,0
854,1966,4,3,1,0,0,0,0,0,1,1
854,1967,2,2,0,0,0,0,0,0,1,0
854,1968,3,3,2,1,0,0,0,0,0,0
912,1966,1,1,0,0,0,0,0,0,0,0
912,1970,3,3,1,0,0,0,0,0,0,0
1023,1969,8,8,2,0,0,1,0,0,1,0
1024,1969,3,3,0,0,0,0,0,0,0,0
1047,1971,13,12,1,0,0,1,1,0,3,0
1047,1972,4,4,2,0,0,0,0,0,0,0
1050,1971,8,7,2,1,0,0,1,0,0,0
1073,1968,2,2,0,0,0,0,0,0,0,0
1083,1969,1,1,0,0,0,0,0,0,1,0
1083,1971,1,1,0,0,0,0,0,0,0,0
1099,1973,3,3,1,0,0,1,0,0,2,0
1122,1969,1,1,0,0,0,0,0,0,0,0
1125,1970,1,1,0,0,0,0,0,0,0,0
1149,1966,1,1,0,0,0,0,0,0,0,0
1149,1968,7,7,2,0,0,0,0,0,1,0
1149,1971,1,1,0,0,0,0,0,0,1,0
1154,1968,8,7,5,0,0,1,1,0,0,0
1177,1967,2,1,0,0,0,0,1,0,0,0
1212,1968,2,2,0,0,0,0,0,0,1,0
1239,1971,7,6,0,0,0,0,0,0,3,0
1239,1972,2,2,0,0,0,0,0,0,0,0
1243,1967,3,3,0,0,0,0,0,0,0,0
1292,1971,4,4,1,0,0,1,0,0,1,0
1292,1972,6,6,3,1,0,0,0,0,1,0
1292,1974,1,1,0,0,0,0,0,0,0,0
1308,1965,1,1,0,0,0,0,0,0,0,0
1334,1969,5,3,1,1,0,0,2,0,0,0
1405,1971,1,1,0,0,0,0,0,0,0,0
1456,1965,6,5,3,1,0,0,0,0,0,1
1456,1966,10,10,2,0,0,0,0,0,2,0
1456,1968,2,2,0,0,0,0,0,0,0,0
1469,1969,1,1,0,0,0,0,0,0,1,0
1469,1973,9,7,1,1,0,0,1,0,3,1
1519,1965,3,3,0,0,0,0,0,0,1,0
1520,1969,5,5,3,1,1,0,0,0,1,0
1527,1966,3,3,1,0,0,0,0,0,1,0
1539,1968,1,1,1,1,0,0,0,0,0,0
1539,1971,4,3,0,0,0,0,1,0,0,0
1539,1972,1,0,0,0,0,0,1,0,0,0
1613,1971,3,2,0,0,0,0,1,0,0,0
1668,1968,5,5,2,0,0,1,0,0,0,0
1668,1971,5,4,1,0,0,0,1,0,1,0
1674,1973,2,2,1,0,0,0,0,0,0,0
1674,1974,1,1,1,0,0,0,0,0,0,0
1780,1970,1,1,0,0,0,0,0,0,0,0
1791,1968,4,4,1,0,0,0,0,0,0,0
1797,1969,12,12,2,0,0,0,0,0,1,0
1797,1970,8,8,4,0,0,1,0,0,1,0
1797,1973,3,3,1,0,0,1,0,0,2,0
1797,1974,1,1,1,0,0,0,0,0,0,0
1823,1969,5,4,1,0,0,0,0,0,0,1
1823,1970,3,3,1,0,0,0,0,0,0,0
1978,1969,4,4,0,0,0,0,0,0,0,0
1989,1965,1,1,1,0,0,0,0,0,0,0
1989,1966,4,4,1,0,0,1,0,0,2,0
1989,1968,5,5,1,0,0,0,0,0,2,0
2016,1973,1,1,0,0,0,0,0,0,0,0
2088,1967,1,1,0,0,0,0,0,0,0,0
2120,1968,5,4,0,0,0,0,0,0,2,1
2163,1969,3,2,0,0,0,0,1,0,0,0
2164,1971,1,1,1,0,0,0,0,0,0,0
2199,1972,1,1,0,0,0,0,0,0,1,0
2202,1971,1,1,0,0,0,0,0,0,1,0
2214,1968,9,9,3,1,0,1,0,0,3,0
2214,1971,3,3,1,0,0,0,0,0,1,0
2299,1970,1,1,0,0,0,0,0,0,0,0
2303,1970,5,5,1,0,0,0,0,0,0,0
2323,1971,8,8,3,1,0,1,0,0,2,0
2323,1972,3,2,1,0,0,1,1,0,0,0
2342,1970,1,1,0,0,0,0,0,0,1,0
2342,1973,1,1,0,0,0,0,0,0,0,0
2371,1973,1,0,0,0,0,0,0,0,0,0
2406,1966,3,3,0,0,0,0,0,0,0,0
2406,1968,1,1,0,0,0,0,0,0,0,0
2406,1972,2,2,0,0,0,0,0,0,0,0
2436,1973,1,1,0,0,0,0,0,0,0,0
2523,1971,11,11,4,0,0,1,0,0,2,0
2523,1972,4,4,1,0,0,0,0,0,0,0
2532,1968,8,8,2,1,0,0,0,0,3,0
2533,1967,1,1,0,0,0,0,0,0,0,0
2533,1969,3,3,1,0,0,0,0,0,0,0
2533,1970,1,1,0,0,0,0,0,0,0,0
2550,1972,11,11,1,1,0,0,0,0,3,0
2550,1974,6,5,2,2,0,0,1,0,0,0
2570,1969,2,2,0,0,0,0,0,0,0,0
2670,1970,2,2,0,0,0,0,0,0,0,0
2717,1970,3,3,1,1,0,0,0,0,0,0
2854,1973,1,1,1,0,0,1,0,0,0,0
2915,1969,5,5,2,0,0,0,0,0,0,0
2922,1969,7,5,1,0,0,1,2,0,0,0
2922,1970,2,2,0,0,0,0,0,0,1,0
2958,1968,1,1,1,0,0,0,0,0,0,0
2958,1971,4,2,0,0,0,0,2,0,0,0
2959,1968,5,5,2,2,0,0,0,0,0,0
2959,1970,3,3,2,1,0,0,0,0,1,0
2959,1972,4,4,1,0,0,0,0,0,1,0
3009,1965,3,3,0,0,0,0,0,0,1,0
3009,1966,7,6,1,0,0,0,1,0,0,0
3030,1966,2,2,0,0,0,0,0,0,0,0
3030,1968,4,4,0,0,0,0,0,0,1,0
3030,1972,1,1,0,0,0,0,0,0,0,0
3031,1971,3,3,0,0,0,0,0,0,1,0
3031,1972,1,1,0,0,0,0,0,0,0,0
3085,1969,1,1,0,0,0,0,0,0,0,0
3164,1974,1,0,0,0,0,0,1,0,0,0
3242,1969,3,3,2,0,0,0,0,0,0,0
3242,1970,3,3,1,1,0,0,0,0,1,0
3251,1968,8,7,3,0,0,0,0,0,0,1
3252,1968,12,12,5,3,0,0,0,0,3,0
3378,1969,2,2,1,0,0,1,0,0,0,0
3405,1971,2,2,1,0,0,0,0,0,1,0
3405,1972,2,1,0,0,0,0,1,0,0,0
3518,1971,5,5,1,0,0,0,0,0,0,0
3530,1966,1,1,0,0,0,0,0,0,0,0
3538,1966,1,1,0,0,0,0,0,0,0,0
3538,1968,2,2,1,1,0,0,0,0,0,0
3538,1971,4,4,3,0,0,0,0,0,1,0
3542,1968,4,4,3,0,0,0,0,0,0,0
3542,1969,4,4,1,1,0,0,0,0,0,0
3548,1972,3,3,0,0,0,0,0,0,1,0
3630,1965,4,4,1,0,0,0,0,0,2,0
3635,1973,1,1,0,0,0,0,0,0,0,0
3638,1971,1,1,0,0,0,0,0,0,1,0
3638,1972,4,4,0,0,0,0,0,0,1,0
3648,1971,3,3,1,0,0,0,0,0,1,0
3648,1973,4,4,1,0,0,1,0,0,2,0
3674,1974,3,3,0,0,0,0,0,0,1,0
3723,1973,2,2,1,0,0,0,0,0,0,0
3764,1969,14,13,3,1,0,1,1,0,4,0
3764,1970,6,6,1,1,0,0,0,0,3,0
3920,1972,3,3,1,0,0,0,0,0,1,0
3928,1974,2,2,0,0,0,0,0,0,0,0
3959,1965,1,1,0,0,0,0,0,0,0,0
4022,1969,2,2,0,0,0,0,0,0,0,0
4025,1974,1,1,0,0,0,0,0,0,0,0
4045,1973,1,0,0,0,0,0,1,0,0,0
4085,1969,1,1,1,0,0,0,0,0,0,0
4085,1970,1,1,0,0,0,0,0,0,0,0
4085,1973,1,1,0,0,0,0,0,0,1,0
4089,1966,3,1,0,0,0,0,1,0,0,0
4089,1969,1,1,0,0,0,0,0,0,0,0
4089,1970,1,1,0,0,0,0,0,0,0,0
4120,1972,2,2,2,0,0,1,0,0,0,0
4129,1972,4,4,1,0,0,0,0,0,1,0
4239,1972,4,3,1,0,0,1,1,0,1,0
4273,1969,4,4,0,0,0,0,0,0,2,0
4273,1970,1,1,0,0,0,0,0,0,0,0
4273,1972,1,1,1,0,0,0,0,0,0,0
4359,1974,1,1,0,0,0,0,0,0,0,0
4432,1969,1,1,0,0,0,0,0,0,1,0
4436,1970,2,2,0,0,0,0,0,0,1,0
4524,1965,1,0,0,0,0,0,0,0,0,1
4532,1971,6,5,1,0,0,0,1,0,4,0
4549,1972,3,3,0,0,0,0,0,0,1,0
4554,1968,2,2,0,0,0,0,0,0,0,0
4556,1966,1,1,1,0,0,1,0,0,0,0
4580,1969,3,3,1,1,0,0,0,0,1,0
4583,1972,3,2,1,0,0,0,1,0,1,0
4584,1966,1,1,0,0,0,0,0,0,0,0
4596,1966,6,6,0,0,0,0,0,0,2,0
4596,1968,8,8,3,0,0,0,0,0,1,0
4617,1968,3,3,1,0,0,1,0,0,0,0
4624,1965,1,1,0,0,0,0,0,0,0,0
4624,1966,1,1,1,0,0,0,0,0,0,0
4624,1968,5,5,1,0,0,1,0,0,0,0
4624,1971,1,1,0,0,0,0,0,0,0,0
4645,1968,3,2,0,0,0,0,1,0,0,0
4672,1973,1,1,0,0,0,0,0,0,1,0
4672,1974,1,1,0,0,0,0,0,0,0,0
4683,1969,4,3,3,0,0,1,0,0,0,1
4776,1972,1,1,1,1,0,0,0,0,0,0
4861,1969,5,5,0,0,0,0,0,0,1,0
4861,1970,1,1,0,0,0,0,0,0,0,0
4924,1973,1,1,1,0,0,0,0,0,0,0
4924,1974,2,2,0,0,0,0,0,0,1,0
4989,1968,1,0,0,0,0,0,0,1,0,0
5011,1968,10,8,0,0,0,0,2,0,0,0
5066,1969,3,1,0,0,0,0,1,0,0,0
5066,1970,2,2,0,0,0,0,0,0,0,0
5120,1969,14,14,3,1,0,0,0,0,3,0
5120,1970,13,13,6,2,0,1,0,0,1,0
5120,1972,4,4,0,0,0,0,0,0,0,0
5145,1968,12,12,3,0,0,0,0,0,1,0
5166,1973,1,1,1,0,0,0,0,0,0,0
5178,1973,1,1,0,0,0,0,0,0,0,0
5178,1974,1,1,0,0,0,0,0,0,1,0
5274,1966,1,1,1,0,0,0,0,0,0,0
5274,1968,5,5,0,0,0,0,0,0,0,0
5285,1968,9,9,2,0,0,0,0,0,2,0
5285,1971,7,6,1,0,0,0,1,0,1,0
5285,1972,3,3,1,0,1,0,0,0,1,0
5374,1969,3,2,0,0,0,0,0,1,0,0
5385,1969,11,8,2,0,0,0,2,0,4,0
5385,1970,6,6,1,0,0,1,0,0,1,0
5433,1971,1,1,1,0,0,0,0,0,0,0
5445,1969,8,8,2,0,0,0,0,0,0,0
5445,1970,4,4,0,0,0,0,0,0,0,0
5445,1973,1,0,0,0,0,0,1,0,0,0
5448,1969,6,6,2,1,0,0,0,0,1,0
5448,1970,1,1,0,0,0,0,0,0,0,0
5473,1969,8,8,1,0,0,0,0,0,2,0
5473,1970,2,2,1,0,0,0,0,0,0,0
5532,1971,6,5,1,0,0,0,1,0,1,0
5600,1966,1,1,0,0,0,0,0,0,0,0
5600,1968,7,6,3,0,0,0,1,0,1,0
5600,1971,7,6,1,0,1,0,1,0,1,0
5600,1973,4,4,2,0,0,1,0,0,0,0
5600,1974,1,1,0,0,0,0,0,0,0,0
5657,1973,12,10,3,1,0,1,2,0,2,0
5660,1968,1,1,0,0,0,0,0,0,0,0
5717,1968,9,9,2,0,0,0,0,0,1,0
5717,1971,11,10,3,1,0,0,1,0,3,0
5717,1972,3,3,2,0,1,0,0,0,0,0
5772,1971,3,1,0,0,0,0,2,0,0,0
5772,1972,6,6,1,0,0,0,0,0,0,0
5781,1969,8,8,3,1,0,1,0,0,2,0
5801,1966,2,1,1,0,0,0,1,0,0,0
5850,1970,1,1,0,0,0,0,0,0,1,0
5916,1970,4,4,1,0,0,0,0,0,1,0
5916,1973,1,1,0,0,0,0,0,0,0,0
5943,1971,1,1,0,0,0,0,0,0,1,0
5943,1972,1,1,1,0,0,0,0,0,0,0
5946,1966,5,4,0,0,0,0,1,0,1,0
5976,1971,5,5,2,1,0,1,0,0,0,0
6013,1969,3,3,3,1,0,0,0,0,0,0
6013,1971,1,0,0,0,0,0,1,0,0,0
6015,1969,14,14,3,0,1,0,0,0,2,0
6015,1970,4,4,0,0,0,0,0,0,2,0
6015,1973,4,3,1,0,0,0,1,0,0,0
6018,1965,1,1,0,0,0,0,0,0,0,0
6047,1968,8,7,4,1,0,1,0,0,0,0
6060,1965,2,2,0,0,0,0,0,0,0,0
6101,1968,1,1,1,0,0,0,0,0,0,0
6156,1971,2,2,0,0,0,0,0,0,1,0
6156,1972,1,1,0,0,0,0,0,0,0,0
6166,1967,1,1,0,0,0,0,0,0,0,0
6166,1968,2,2,0,0,0,0,0,0,0,0
6210,1971,1,1,0,0,0,0,0,0,0,0
6210,1973,1,1,0,0,0,0,0,0,0,0
6222,1968,2,2,1,0,0,0,0,0,0,0
6259,1974,1,0,0,0,0,0,1,0,0,0
6288,1971,3,3,0,0,0,0,0,0,3,0
6288,1972,2,2,0,0,0,0,0,0,1,0
6289,1965,2,2,1,0,0,0,0,0,0,0
6289,1966,1,1,1,0,0,0,0,0,0,0
6341,1969,19,19,6,0,0,1,0,0,3,0
6341,1970,7,7,2,0,0,2,0,0,1,0
6346,1972,2,2,0,0,0,0,0,0,0,0
6357,1968,7,7,1,0,0,0,0,0,2,0
6363,1973,1,1,0,0,0,0,0,0,1,0
6372,1970,2,2,0,0,0,0,0,0,1,0
6445,1966,4,3,0,0,0,0,1,0,0,0
6445,1968,3,3,1,0,0,1,0,0,0,0
6445,1971,1,1,0,0,0,0,0,0,0,0
6445,1972,2,2,1,0,0,1,0,0,0,0
6449,1966,1,0,0,0,0,0,1,0,0,0
6455,1969,2,2,0,0,0,0,0,0,1,0
6455,1972,1,1,0,0,0,0,0,0,0,0
6499,1966,2,2,1,1,0,0,0,0,1,0
6499,1968,2,2,0,0,0,0,0,0,0,0
6499,1971,1,1,0,0,0,0,0,0,0,0
6499,1972,1,1,1,0,0,0,0,0,0,0
6499,1973,1,1,0,0,0,0,0,0,0,0
6505,1972,1,1,0,0,0,0,0,0,1,0
6525,1965,5,5,1,1,0,0,0,0,2,0
6525,1966,2,2,1,0,0,0,0,0,0,0
6525,1968,8,7,1,0,0,0,1,0,0,0
6525,1971,9,9,4,0,0,1,0,0,2,0
6525,1972,10,8,2,1,0,1,0,1,2,0
6537,1966,2,2,0,0,0,0,0,0,1,0
6537,1968,3,3,1,0,0,1,0,0,1,0
6537,1972,8,7,2,0,0,0,1,0,2,0
6537,1974,1,1,0,0,0,0,0,0,0,0
6581,1966,9,9,2,0,0,0,0,0,3,0
6581,1972,1,1,0,0,0,0,0,0,0,0
6643,1971,1,1,0,0,0,0,0,0,0,0
6677,1968,3,3,0,0,0,0,0,0,0,0
6677,1971,1,1,0,0,0,0,0,0,0,0
6677,1972,6,5,0,0,0,0,0,0,1,1
6806,1969,4,3,0,0,0,0,1,0,1,0
6806,1971,1,1,0,0,0,0,0,0,0,0
6851,1969,1,1,0,0,0,0,0,0,1,0
6856,1969,9,9,2,0,0,0,0,0,0,0
6856,1970,2,2,0,0,0,0,0,0,0,0
6869,1969,1,1,1,0,0,0,0,0,0,0
7031,1973,7,4,0,0,0,0,2,0,2,0
7031,1974,5,3,1,0,0,0,2,0,0,0
7084,1971,8,8,0,0,0,0,0,0,1,0
7114,1970,4,4,0,0,0,0,0,0,0,0
7156,1969,5,3,0,0,0,0,2,0,0,0
7161,1966,5,5,1,0,0,0,0,0,0,0
7161,1969,12,12,1,0,0,0,0,0,1,0
7161,1970,1,1,0,0,0,0,0,0,0,0
7200,1965,7,6,1,0,0,1,1,0,5,0
7200,1966,1,1,0,0,0,0,0,0,0,0
7200,1967,4,3,0,0,0,0,1,0,1,0
7200,1968,17,16,2,0,0,0,1,0,3,0
7200,1971,11,10,3,0,0,1,1,0,3,0
7214,1969,6,5,0,0,0,0,1,0,3,0
7214,1970,2,2,1,0,0,0,0,0,0,0
7217,1968,12,12,3,0,0,0,0,0,2,0
7217,1970,3,3,1,0,0,0,0,0,0,0
7219,1972,1,1,0,0,0,0,0,0,1,0
7228,1969,4,4,1,0,0,0,0,0,0,0
7228,1970,3,2,0,0,0,0,0,0,1,0
7261,1966,4,4,1,0,0,0,0,0,1,0
7261,1968,8,7,0,0,0,0,1,0,0,0
7270,1966,2,2,0,0,0,0,0,0,0,0
7270,1967,1,1,0,0,0,0,0,0,1,0
7270,1968,8,8,1,0,0,0,0,0,4,0
7281,1965,1,1,0,0,0,0,0,0,1,0
7281,1966,3,3,1,0,0,0,0,0,0,0
7281,1967,1,1,1,0,0,0,0,0,0,0
7281,1968,14,12,4,0,0,2,1,1,2,0
7281,1971,8,5,2,0,0,1,3,0,0,0
7291,1970,2,2,0,0,0,0,0,0,1,0
7403,1968,11,11,2,0,0,1,0,0,1,0
7403,1969,7,6,3,0,0,1,0,0,0,1
7403,1970,8,7,3,0,0,1,0,0,0,1
7412,1968,4,3,0,0,0,0,0,0,0,0
7412,1971,8,7,1,0,0,0,1,0,1,0
7412,1974,1,1,0,0,0,0,0,0,0,0
7468,1968,3,3,0,0,0,0,0,0,0,0
7511,1965,1,1,0,0,0,0,0,0,0,0
7511,1966,1,1,0,0,0,0,0,0,0,0
7529,1971,1,1,0,0,0,0,0,0,0,0
7529,1972,1,1,0,0,0,0,0,0,0,0
7834,1973,1,1,0,0,0,0,0,0,1,0
7854,1966,1,1,0,0,0,0,0,0,0,0
7913,1966,2,1,0,0,0,0,0,0,0,1
7913,1967,3,3,0,0,0,0,0,0,0,0
7913,1968,3,2,1,0,0,0,1,0,0,0
7933,1969,2,1,1,0,0,1,1,0,0,0
7962,1966,1,1,0,0,0,0,0,0,0,0
7962,1968,4,3,0,0,0,0,1,0,0,0
8008,1968,1,1,1,0,0,0,0,0,0,0
8017,1970,4,4,1,1,0,0,0,0,0,0
8017,1974,2,2,1,0,0,0,0,0,0,0
8115,1968,4,3,0,0,0,0,1,0,0,0
8115,1971,6,6,2,0,0,0,0,0,0,0
8115,1972,2,2,0,0,0,0,0,0,1,0
8161,1971,1,1,1,0,1,0,0,0,0,0
8180,1966,1,1,0,0,0,0,0,0,1,0
8180,1968,5,5,1,0,0,0,0,0,0,0
8180,1970,2,2,2,1,0,0,0,0,0,0
8210,1969,2,2,0,0,0,0,0,0,0,0
8210,1970,1,1,0,0,0,0,0,0,1,0
8225,1970,3,3,0,0,0,0,0,0,0,0
8232,1968,3,3,0,0,0,0,0,0,0,0
8232,1971,1,1,0,0,0,0,0,0,0,0
8232,1972,1,1,0,0,0,0,0,0,1,0
8259,1966,3,3,0,0,0,0,0,0,2,0
8285,1969,11,11,3,1,0,0,0,0,0,0
8285,1971,4,4,3,0,0,0,0,0,0,0
8287,1969,8,8,1,0,0,0,0,0,2,0
8287,1970,3,3,2,0,0,0,0,0,1,0
8287,1974,1,1,0,0,0,0,0,0,1,0
8332,1969,6,6,2,0,0,0,0,0,3,0
8332,1970,3,3,2,0,0,1,0,0,0,0
8370,1969,1,1,0,0,0,0,0,0,0,0
8397,1969,1,1,0,0,0,0,0,0,1,0
8397,1970,4,4,0,0,0,0,0,0,2,0
8399,1968,7,7,1,0,0,0,0,0,4,0
8427,1968,9,9,1,0,0,0,0,0,3,0
8427,1972,2,2,0,0,0,0,0,0,0,0
8429,1966,3,2,0,0,0,0,1,0,0,0
8542,1965,2,2,0,0,0,0,0,0,0,0
8542,1966,3,2,0,0,0,0,0,0,0,0
8542,1968,5,5,1,1,0,0,0,0,0,0
8568,1966,1,1,0,0,0,0,0,0,0,0
8568,1967,2,2,1,0,0,0,0,0,0,0
8570,1973,7,7,1,0,0,0,0,0,0,0
8670,1971,1,1,0,0,0,0,0,0,1,0
8670,1972,1,1,1,0,0,0,0,0,0,0
8671,1970,2,2,1,0,0,0,0,0,0,0
8687,1969,3,3,1,0,0,0,0,0,0,0
8687,1970,1,1,0,0,0,0,0,0,0,0
8733,1972,3,3,0,0,0,0,0,0,1,0
8739,1968,11,11,3,1,0,0,0,0,1,0
8759,1968,2,2,0,0,0,0,0,0,0,0
8768,1968,2,2,0,0,0,0,0,0,0,0
8781,1968,4,4,1,1,0,0,0,0,0,0
8781,1971,2,2,0,0,0,0,0,0,2,0
8781,1972,4,4,1,0,0,0,0,0,0,0
8846,1966,1,1,0,0,0,0,0,0,0,0
8846,1970,1,1,0,0,0,0,0,0,0,0
8846,1974,1,1,1,0,0,0,0,0,0,0
8876,1969,1,1,1,1,0,0,0,0,0,0
8947,1972,1,1,1,0,0,1,0,0,0,0
8950,1968,2,2,1,0,0,0,0,0,0,0
8950,1971,11,8,2,0,0,1,3,0,0,0
8950,1972,3,3,1,0,0,0,0,0,0,0
8953,1968,3,2,0,0,0,0,1,0,1,0
8953,1971,1,1,0,0,0,0,0,0,0,0
8955,1971,1,1,0,0,0,0,0,0,1,0
8969,1966,5,5,1,0,0,0,0,0,0,0
8969,1967,1,1,0,0,0,0,0,0,0,0
8969,1971,8,8,2,1,0,0,0,0,1,0
8969,1972,15,14,2,0,0,0,0,0,0,1
8970,1966,6,6,2,1,0,0,0,0,1,0
8970,1968,9,9,2,2,0,0,0,0,3,0
8970,1971,7,7,2,0,0,1,0,0,3,0
9033,1968,11,11,3,1,0,1,0,0,1,0
9054,1968,4,4,1,0,0,0,0,0,0,0
9063,1971,1,1,0,0,0,0,0,0,0,0
9063,1974,1,0,0,0,0,0,1,0,0,0
9087,1970,2,2,0,0,0,0,0,0,1,0
9093,1968,3,3,0,0,0,0,0,0,0,0
9093,1970,2,2,0,0,0,0,0,0,1,0
9093,1973,4,3,1,0,0,1,1,0,1,0
9113,1966,4,4,2,0,0,0,0,0,1,0
9113,1969,5,5,2,0,0,1,0,0,0,0
9201,1968,4,4,2,0,0,1,0,0,0,0
9259,1971,1,1,0,0,0,0,0,0,0,0
9290,1969,1,0,0,0,0,0,1,0,0,0
9298,1969,2,2,0,0,0,0,0,0,0,0
9365,1969,5,5,1,0,0,1,0,0,1,0
9398,1968,1,1,0,0,0,0,0,0,0,0
9404,1973,4,4,1,0,0,0,0,0,0,0
9404,1974,3,3,0,0,0,0,0,0,2,0
9416,1969,1,1,0,0,0,0,0,0,1,0
9416,1973,1,1,0,0,0,0,0,0,0,0
9422,1969,2,2,0,0,0,0,0,0,0,0
9433,1969,4,4,1,0,0,1,0,0,0,0
9433,1970,2,2,1,0,0,0,0,0,1,0
9457,1969,2,2,0,0,0,0,0,0,0,0
9457,1970,2,2,1,1,0,0,0,0,0,0
9466,1969,8,6,2,0,0,2,1,0,1,1
9474,1969,3,3,1,0,0,0,0,0,1,0
9474,1970,1,1,0,0,0,0,0,0,0,0
9504,1966,2,2,0,0,0,0,0,0,1,0
9504,1967,1,1,0,0,0,0,0,0,0,0
9506,1969,1,1,0,0,0,0,0,0,0,0
9506,1970,2,2,1,0,0,0,0,0,0,0
9517,1970,3,3,0,0,0,0,0,0,0,0
9517,1973,15,13,5,2,0,0,2,0,2,0
9541,1971,2,2,0,0,0,0,0,0,1,0
9564,1968,3,3,0,0,0,0,0,0,0,0
9590,1965,1,1,1,0,0,0,0,0,0,0
9590,1966,7,7,1,1,0,0,0,0,2,0
9590,1968,2,2,0,0,0,0,0,0,1,0
9590,1973,1,1,0,0,0,0,0,0,0,0
9598,1971,1,1,0,0,0,0,0,0,0,0
9692,1970,9,9,0,0,0,0,0,0,1,0
9692,1973,4,4,2,1,0,0,0,0,1,0
9700,1969,6,6,2,0,0,0,0,0,0,0
9711,1969,1,1,0,0,0,0,0,0,1,0
9852,1967,1,1,1,1,0,0,0,0,0,0
9861,1966,2,2,0,0,0,0,0,0,1,0
9861,1968,2,2,0,0,0,0,0,0,0,0
9862,1968,3,2,0,0,0,0,0,0,0,1
9862,1971,1,1,0,0,0,0,0,0,0,0
9862,1972,1,1,1,0,0,1,0,0,0,0
9903,1968,2,2,2,0,0,0,0,0,0,0
9903,1972,1,0,0,0,0,0,1,0,0,0
9903,1973,1,1,0,0,0,0,0,0,0,0
9903,1974,1,1,0,0,0,0,0,0,1,0
9915,1972,1,1,1,0,0,1,0,0,0,0
9915,1973,3,3,0,0,0,0,0,0,1,0
9915,1974,1,1,0,0,0,0,0,0,0,0
9961,1969,7,7,1,0,0,0,0,0,1,0
9961,1970,1,1,1,0,0,0,0,0,0,0
9994,1966,1,1,1,0,0,0,0,0,0,0
10059,1969,1,1,0,0,0,0,0,0,1,0
10059,1970,4,4,1,0,0,0,0,0,0,0
10078,1969,8,8,3,0,0,0,0,0,1,0
10078,1970,6,6,0,0,0,0,0,0,3,0
10078,1973,3,3,1,0,0,0,0,0,2,0
10179,1972,1,1,0,0,0,0,0,0,0,0
10191,1966,1,1,0,0,0,0,0,0,0,0
10202,1969,6,6,1,0,0,0,0,0,0,0
10218,1968,3,3,1,0,0,0,0,0,1,0
10269,1974,1,0,0,0,0,0,0,0,0,1
10287,1971,2,2,1,0,0,0,0,0,0,0
10326,1968,2,2,2,0,0,0,0,0,0,0
10414,1969,6,6,1,0,0,1,0,0,1,0
10414,1970,8,7,2,1,0,0,0,0,2,0
10414,1973,1,1,0,0,0,0,0,0,0,0
10429,1968,3,2,0,0,0,0,1,0,1,0
10429,1973,1,1,0,0,0,0,0,0,1,0
10445,1970,3,3,0,0,0,0,0,0,0,0
10448,1969,1,0,0,0,0,0,0,0,0,0
10506,1969,4,4,1,0,0,1,0,0,1,0
10513,1969,1,0,0,0,0,0,1,0,0,0
10527,1969,2,2,1,0,0,1,0,0,0,0
10527,1971,4,3,0,0,0,0,0,0,1,1
10528,1966,1,1,0,0,0,0,0,0,1,0
10568,1966,5,5,1,0,0,0,0,0,2,0
10569,1970,2,2,0,0,0,0,0,0,0,0
10586,1965,1,1,0,0,0,0,0,0,1,0
10586,1968,7,7,1,0,0,0,0,0,3,0
10620,1970,4,4,1,1,0,0,0,0,1,0
10642,1969,5,5,1,0,0,0,0,0,0,0
10853,1973,1,1,0,0,0,0,0,0,0,0
10853,1974,1,1,0,0,0,0,0,0,0,0
10880,1965,1,1,0,0,0,0,0,0,0,0
10880,1968,7,7,3,0,0,0,0,0,1,0
10880,1970,1,1,0,0,0,0,0,0,1,0
10915,1971,3,3,0,0,0,0,0,0,0,0
10915,1972,7,7,3,2,0,0,0,0,0,0
10919,1968,5,5,1,0,0,0,0,0,1,0
10937,1965,1,1,0,0,0,0,0,0,0,0
10954,1972,1,1,0,0,0,0,0,0,0,0
10959,1966,5,5,2,1,0,0,0,0,0,0
10959,1967,1,1,0,0,0,0,0,0,0,0
10959,1968,3,3,1,0,0,0,0,0,1,0
11011,1972,4,3,0,0,0,0,0,1,0,0
11017,1968,3,3,1,0,0,1,0,0,0,0
11073,1969,4,4,3,0,0,1,0,0,0,0
11073,1970,4,4,1,0,0,0,0,0,3,0
11076,1969,16,16,3,0,0,1,0,0,2,0
11076,1970,8,8,2,0,0,1,0,0,1,0
11076,1973,7,7,3,0,0,1,0,0,1,0
11089,1966,4,4,2,0,0,0,0,0,1,0
11089,1971,3,3,0,0,0,0,0,0,1,0
11089,1972,4,4,0,0,0,0,0,0,0,0
11116,1971,1,1,0,0,0,0,0,0,0,0
11116,1972,1,1,0,0,0,0,0,0,1,0
11125,1970,2,2,1,0,0,0,0,0,0,0
11159,1966,2,2,0,0,0,0,0,0,0,0
11243,1967,3,3,0,0,0,0,0,0,1,0
11280,1971,1,1,1,0,0,0,0,0,0,0
11280,1972,1,1,0,0,0,0,0,0,1,0
11302,1969,4,4,0,0,0,0,0,0,1,0
11315,1969,3,3,1,0,0,0,0,0,0,0
11315,1970,2,2,0,0,0,0,0,0,0,0
11475,1968,11,11,0,0,0,0,0,0,4,0
11475,1972,1,1,0,0,0,0,0,0,0,0
11480,1965,1,1,0,0,0,0,0,0,0,0
11486,1967,2,2,1,0,0,0,0,0,0,0
11553,1969,3,3,1,0,0,0,0,0,0,0
11604,1973,9,7,3,1,0,1,1,0,0,1
11604,1974,2,2,0,0,0,0,0,0,1,0
11679,1969,1,1,0,0,0,0,0,0,0,0
11804,1969,5,5,1,0,0,0,0,0,1,0
11804,1970,6,6,0,0,0,0,0,0,1,0
11972,1969,7,7,0,0,0,0,0,0,2,0
11972,1970,1,1,0,0,0,0,0,0,1,0
11972,1973,3,2,0,0,0,0,1,0,0,0
11990,1973,1,1,1,1,0,0,0,0,0,0
12036,1968,1,1,1,0,1,0,0,0,0,0
12061,1969,3,2,0,0,0,0,1,0,0,0
12064,1968,5,4,3,1,0,0,0,0,1,1
12064,1969,3,2,0,0,0,0,1,0,1,0
12064,1970,2,1,0,0,0,0,1,0,0,0
12086,1968,3,3,0,0,0,0,0,0,2,0
12086,1971,1,1,0,0,0,0,0,0,0,0
12096,1968,1,1,0,0,0,0,0,0,0,0
12121,1969,3,2,0,0,0,0,1,0,1,0
12263,1972,1,1,0,0,0,0,0,0,1,0
12269,1968,4,4,1,0,0,0,0,0,1,0
12269,1969,1,1,1,0,0,0,0,0,0,0
12349,1969,1,1,0,0,0,0,0,0,0,0
12349,1970,3,3,1,0,0,0,0,0,0,0
12352,1968,5,5,1,1,0,0,0,0,1,0
12352,1971,1,1,0,0,0,0,0,0,0,0
12365,1969,3,3,1,0,0,0,0,0,0,0
12373,1969,3,3,1,0,0,0,0,0,0,0
12373,1973,1,1,0,0,0,0,0,0,0,0
12373,1974,1,0,0,0,0,0,1,0,0,0
12375,1966,1,1,0,0,0,0,0,0,1,0
12434,1969,1,1,0,0,0,0,0,0,1,0
12434,1970,3,3,1,1,0,0,0,0,0,0
12464,1966,1,1,0,0,0,0,0,0,1,0
12464,1969,1,1,0,0,0,0,0,0,1,0
12505,1968,5,5,0,0,0,0,0,0,0,0
12505,1971,12,12,3,1,0,0,0,0,2,0
12505,1972,13,13,4,0,1,0,0,0,1,0
12514,1968,3,3,0,0,0,0,0,0,1,0
12521,1966,4,4,3,1,0,0,0,0,0,0
12521,1968,4,4,1,0,0,0,0,0,0,0
12521,1971,10,9,3,0,0,0,1,0,1,0
12531,1972,1,1,0,0,0,0,0,0,1,0
12542,1966,2,1,0,0,0,0,0,0,1,0
12545,1968,1,1,1,0,0,0,0,0,0,0
