17,1964,1,1,0,0,0,0,0,0,1,0
94,1960,6,6,2,1,0,0,0,0,3,0
94,1961,4,3,3,0,0,1,1,0,0,0
94,1962,12,10,3,0,0,1,2,0,3,0
94,1963,8,6,5,0,0,1,1,0,0,1
94,1964,9,6,4,1,0,1,3,0,0,0
94,1965,5,4,1,0,0,0,1,0,3,0
94,1966,8,7,2,0,0,1,1,0,1,0
94,1967,3,3,1,1,0,0,0,0,0,0
106,1964,2,1,0,0,0,0,1,0,0,0
106,1967,2,2,0,0,0,0,0,0,1,0
106,1968,6,5,0,0,0,0,1,0,0,0
159,1961,7,6,1,0,0,0,1,0,0,0
159,1962,3,2,0,0,0,0,1,0,2,0
159,1963,1,1,1,0,0,0,0,0,0,0
159,1966,4,3,0,0,0,0,1,0,1,0
159,1967,3,2,1,0,0,0,1,0,0,0
267,1963,1,1,0,0,0,0,0,0,1,0
284,1960,1,1,1,0,1,0,0,0,0,0
324,1961,5,3,1,0,1,0,1,0,0,1
344,1961,16,16,4,2,0,0,0,0,3,0
344,1962,1,1,0,0,0,0,0,0,1,0
381,1964,4,3,3,1,0,0,1,0,0,0
507,1967,2,2,1,0,0,0,0,0,1,0
588,1960,7,6,2,0,1,0,1,0,2,0
588,1961,15,14,6,3,0,2,1,0,3,0
588,1963,9,9,3,1,0,1,0,0,0,0
588,1964,17,14,4,1,0,0,3,0,5,0
588,1965,7,5,0,0,0,0,2,0,2,0
588,1966,11,6,1,0,0,0,5,0,0,0
588,1967,3,3,1,0,0,1,0,0,0,0
685,1961,6,4,0,0,0,0,2,0,2,0
685,1963,1,1,0,0,0,0,0,0,0,0
714,1960,8,5,1,0,0,1,2,0,0,1
714,1961,14,12,6,0,1,1,2,0,0,0
714,1962,5,4,0,0,0,0,0,0,0,1
714,1964,4,3,2,0,0,1,1,0,1,0
792,1962,8,5,0,0,0,0,3,0,1,0
792,1963,5,3,1,0,0,0,2,0,0,0
792,1964,6,6,4,1,0,1,0,0,1,0
810,1960,16,13,2,0,0,2,3,0,6,0
810,1961,16,11,4,0,0,1,5,0,1,0
810,1962,6,5,3,0,0,1,1,0,1,0
810,1964,7,5,1,0,0,1,2,0,1,0
810,1966,8,7,4,0,0,0,1,0,1,0
810,1967,8,6,1,0,0,1,2,0,3,0
810,1968,8,8,2,0,0,0,0,0,1,0
854,1965,3,3,1,0,0,1,0,0,0,0
854,1968,4,4,0,0,0,0,0,0,1,0
912,1965,1,1,0,0,0,0,0,0,0,0
912,1966,3,2,0,0,0,0,1,0,0,0
912,1967,17,15,2,0,0,1,2,0,4,0
1073,1968,2,2,1,0,0,0,0,0,0,0
1105,1962,1,1,0,0,0,0,0,0,0,0
1136,1960,1,1,0,0,0,0,0,0,0,0
1149,1966,3,2,2,0,0,1,1,0,0,0
1149,1967,4,4,1,0,0,1,0,0,2,0
1149,1968,9,7,5,0,0,0,1,0,0,0
1154,1965,1,1,0,0,0,0,0,0,0,0
1154,1966,6,3,0,0,0,0,3,0,3,0
1154,1967,14,12,2,0,0,1,2,0,4,0
1154,1968,13,10,1,0,0,0,3,0,4,0
1166,1964,2,1,0,0,0,0,1,0,1,0
1198,1960,6,3,2,0,0,0,3,0,1,0
1198,1961,14,12,6,1,0,0,2,0,2,0
1198,1962,8,7,3,1,0,0,1,0,0,0
1198,1963,4,3,2,0,0,1,1,0,0,0
1198,1964,3,3,0,0,0,0,0,0,1,0
1212,1966,1,0,0,0,0,0,0,0,0,1
1212,1967,4,4,0,0,0,0,0,0,2,0
1212,1968,3,3,1,1,0,0,0,0,1,0
1243,1966,4,3,0,0,0,0,1,0,2,0
1243,1967,3,2,1,0,0,0,1,0,0,0
1302,1960,12,10,6,2,0,1,2,0,1,0
1302,1961,1,0,0,0,0,0,1,0,0,0
1308,1964,3,2,2,0,0,0,1,0,0,0
1316,1960,4,2,0,0,0,0,1,0,1,1
1354,1963,2,1,1,0,0,0,1,0,0,0
1354,1964,2,2,0,0,0,0,0,0,2,0
1395,1960,16,14,4,0,0,1,2,0,1,0
1395,1961,6,6,4,1,0,0,0,0,0,0
1395,1962,7,5,2,1,0,1,2,0,0,0
1437,1960,5,5,1,0,0,0,0,0,2,0
1456,1960,1,1,1,0,0,0,0,0,0,0
1456,1963,1,1,1,0,0,1,0,0,0,0
1456,1964,5,5,1,0,0,0,0,0,1,0
1456,1965,4,4,1,0,0,0,0,0,2,0
1456,1966,10,8,3,0,0,1,2,0,2,0
1456,1967,14,10,4,1,0,0,4,0,2,0
1456,1968,7,7,3,0,0,1,0,0,0,0
1519,1964,2,2,0,0,0,0,0,0,0,0
1519,1965,3,2,0,0,0,0,1,0,0,0
1519,1967,2,2,1,0,0,0,0,0,0,0
1519,1968,3,3,1,0,0,0,0,0,0,0
1520,1960,6,6,1,1,0,0,0,0,4,0
1520,1961,9,7,2,0,0,1,2,0,3,0
1520,1962,4,4,0,0,0,0,0,0,2,0
1520,1963,3,2,0,0,0,0,1,0,2,0
1527,1966,4,4,1,0,0,1,0,0,1,0
1527,1967,1,1,0,0,0,0,0,0,0,0
1539,1968,2,1,0,0,0,0,1,0,0,0
1566,1960,10,7,3,1,0,1,3,0,2,0
1566,1961,9,6,2,0,0,1,3,0,1,0
1566,1962,6,5,3,1,0,1,0,0,0,1
1566,1963,1,1,0,0,0,0,0,0,0,0
1627,1962,9,6,1,0,0,0,3,0,2,0
1627,1964,1,1,1,0,0,0,0,0,0,0
1627,1965,3,3,3,0,0,0,0,0,0,0
1627,1966,3,3,1,1,0,0,0,0,2,0
1627,1967,1,0,0,0,0,0,1,0,0,0
1668,1968,2,1,1,0,0,0,1,0,0,0
1791,1967,2,2,0,0,0,0,0,0,1,0
1791,1968,4,4,1,0,0,0,0,0,0,0
1853,1960,11,8,1,0,0,0,3,0,2,0
1853,1961,3,2,0,0,0,0,1,0,0,0
1853,1962,2,0,0,0,0,0,2,0,0,0
1989,1962,8,6,1,0,0,0,2,0,2,0
1989,1963,7,4,0,0,0,0,3,0,2,0
1989,1964,15,12,2,0,0,1,3,0,2,0
1989,1965,11,8,3,0,0,1,3,0,2,0
1989,1966,12,10,5,0,0,1,2,0,2,0
1989,1967,5,5,1,0,0,0,0,0,2,0
1989,1968,9,8,1,0,0,0,1,0,4,0
2005,1964,3,2,0,0,0,0,1,0,1,0
2021,1961,2,1,0,0,0,0,1,0,1,0
2021,1962,4,4,3,0,0,2,0,0,0,0
2021,1963,3,3,1,0,0,0,0,0,1,0
2040,1960,1,1,0,0,0,0,0,0,1,0
2080,1967,2,1,0,0,0,0,1,0,0,0
2088,1962,3,3,3,0,0,1,0,0,0,0
2088,1967,1,1,0,0,0,0,0,0,0,0
2120,1967,7,6,2,1,0,0,1,0,1,0
2120,1968,10,5,1,0,0,0,5,0,0,0
2155,1960,6,4,2,0,0,0,2,0,0,0
2155,1961,1,1,0,0,0,0,0,0,0,0
2174,1963,2,1,1,1,0,0,1,0,0,0
2174,1967,1,1,0,0,0,0,0,0,0,0
2214,1967,2,1,1,0,0,0,1,0,0,0
2214,1968,13,11,4,1,0,1,1,0,5,1
2217,1960,1,0,0,0,0,0,1,0,0,0
2229,1962,1,1,0,0,0,0,0,0,0,0
2269,1961,5,5,2,0,0,1,0,0,2,0
2269,1962,13,10,4,2,0,0,3,0,3,0
2272,1964,2,2,1,0,0,0,0,0,0,0
2272,1967,4,0,0,0,0,0,3,0,0,1
2406,1966,1,1,1,1,0,0,0,0,0,0
2406,1967,1,0,0,0,0,0,1,0,0,0
2422,1965,1,1,0,0,0,0,0,0,0,0
2524,1961,1,1,0,0,0,0,0,0,0,0
2532,1968,7,4,0,0,0,0,3,0,1,0
2533,1967,4,3,1,1,0,0,1,0,0,0
2568,1962,1,1,1,0,0,0,0,0,0,0
2571,1960,24,21,6,1,0,1,3,0,2,0
2571,1961,5,4,1,0,0,0,1,0,0,0
2586,1961,8,8,2,0,0,1,0,0,3,0
2586,1962,16,16,6,1,0,1,0,0,1,0
2586,1964,10,10,3,1,0,2,0,0,2,0
2586,1965,1,1,1,0,0,0,0,0,0,0
2633,1960,1,0,0,0,0,0,1,0,0,0
2784,1960,9,7,2,0,0,0,2,0,1,0
2784,1961,5,5,1,0,0,1,0,0,0,0
2907,1965,1,1,0,0,0,0,0,0,0,0
2907,1966,1,1,0,0,0,0,0,0,0,0
2923,1967,9,6,3,0,0,1,3,0,0,0
2948,1961,4,3,2,0,0,1,1,0,1,0
2958,1966,4,3,1,1,0,0,1,0,1,0
2958,1967,3,3,0,0,0,0,0,0,1,0
2958,1968,3,3,1,1,0,0,0,0,0,0
2959,1967,1,1,1,0,0,0,0,0,0,0
2959,1968,5,5,0,0,0,0,0,0,1,0
2984,1960,4,3,3,0,0,0,1,0,0,0
2984,1961,14,13,4,0,0,2,1,0,0,0
2984,1962,7,7,1,0,0,0,0,0,0,0
2984,1963,7,6,0,0,0,0,1,0,3,0
2984,1964,9,8,3,1,0,1,1,0,2,0
2985,1961,10,6,2,1,0,1,4,0,1,0
3030,1962,3,1,0,0,0,0,2,0,0,0
3030,1963,6,4,2,0,0,1,2,0,1,0
3030,1964,2,2,0,0,0,0,0,0,1,0
3030,1965,2,2,2,1,0,1,0,0,0,0
3030,1967,7,6,0,0,0,0,1,0,5,0
3030,1968,4,3,0,0,0,0,1,0,1,0
3068,1963,2,1,0,0,0,0,1,0,0,0
3068,1964,1,1,0,0,0,0,0,0,1,0
3087,1964,2,2,1,0,0,1,0,0,1,0
3087,1965,1,1,0,0,0,0,0,0,0,0
3134,1961,7,6,1,0,0,1,1,0,4,0
3134,1962,3,1,0,0,0,0,2,0,1,0
3156,1961,7,5,1,1,0,0,2,0,2,0
3156,1962,5,4,1,0,0,0,1,0,2,0
3156,1963,1,0,0,0,0,0,1,0,0,0
3156,1965,4,2,1,0,0,1,2,0,0,0
3207,1963,1,1,1,0,0,0,0,0,0,0
3207,1964,2,1,1,0,0,0,1,0,0,0
3207,1966,2,0,0,0,0,0,1,0,0,1
3251,1968,5,4,0,0,0,0,1,0,0,0
3252,1968,13,10,1,0,0,0,3,0,1,0
3340,1960,18,15,2,0,0,1,3,0,5,0
3340,1961,7,5,1,0,0,1,2,0,3,0
3340,1962,7,4,2,0,0,1,3,0,2,0
3340,1964,2,2,1,0,0,1,0,0,0,0
3529,1960,3,3,0,0,0,0,0,0,1,0
3529,1961,4,3,3,0,0,0,1,0,0,0
3529,1962,7,7,3,0,0,1,0,0,0,0
3529,1963,4,3,1,0,0,1,1,0,1,0
3538,1962,6,3,1,0,0,1,3,0,2,0
3538,1964,4,4,0,0,0,0,0,0,1,0
3538,1965,3,3,1,0,0,0,0,0,1,0
3538,1967,6,5,2,1,0,0,1,0,1,0
3538,1968,5,5,1,0,0,0,0,0,1,0
3542,1960,7,6,3,0,0,0,1,0,0,0
3542,1961,9,6,1,0,0,0,3,0,2,0
3542,1962,3,2,0,0,0,0,1,0,0,0
3542,1968,1,1,1,0,0,0,0,0,0,0
3633,1960,4,3,0,0,0,0,1,0,1,0
3633,1961,2,2,1,0,0,1,0,0,1,0
3633,1962,2,1,0,0,0,0,1,0,1,0
3643,1965,3,2,1,0,0,0,1,0,0,0
3661,1961,1,1,1,0,0,0,0,0,0,0
3661,1962,4,4,0,0,0,0,0,0,1,0
3671,1961,2,1,0,0,0,0,1,0,0,0
3671,1962,1,1,0,0,0,0,0,0,0,0
3671,1963,1,1,0,0,0,0,0,0,0,0
3671,1964,5,2,0,0,0,0,3,0,0,0
3671,1965,4,3,1,0,0,0,1,0,0,0
3673,1960,8,6,3,0,0,1,2,0,1,0
3673,1961,4,4,1,0,0,1,0,0,1,0
3673,1962,6,4,1,0,0,1,2,0,2,0
3673,1963,1,0,0,0,0,0,1,0,0,0
3790,1961,3,1,0,0,0,0,2,0,0,0
3790,1962,2,1,1,0,0,0,1,0,0,0
3895,1960,1,1,0,0,0,0,0,0,1,0
3895,1961,1,0,0,0,0,0,1,0,0,0
3920,1968,1,1,0,0,0,0,0,0,1,0
3948,1960,9,9,3,0,0,0,0,0,3,0
3948,1961,2,1,0,0,0,0,1,0,0,0
3959,1964,1,1,0,0,0,0,0,0,0,0
3959,1965,1,1,0,0,0,0,0,0,0,0
4034,1961,1,1,0,0,0,0,0,0,0,0
4036,1960,1,1,0,0,0,0,0,0,0,0
4089,1964,2,1,0,0,0,0,1,0,0,0
4089,1965,2,2,2,1,0,1,0,0,0,0
4089,1966,1,0,0,0,0,0,1,0,0,0
4089,1967,4,3,1,0,0,1,1,0,2,0
4270,1960,7,5,0,0,0,0,2,0,2,0
4270,1961,12,11,2,0,0,1,1,0,5,0
4270,1962,6,6,1,0,0,1,0,0,1,0
4270,1963,8,7,0,0,0,0,1,0,2,0
4270,1964,8,7,3,1,0,0,1,0,2,0
4270,1965,7,7,1,0,0,0,0,0,1,0
4270,1966,1,1,1,1,0,0,0,0,0,0
4270,1967,4,4,3,0,0,2,0,0,1,0
4294,1961,15,11,3,0,0,3,4,0,1,0
4307,1962,2,1,0,0,0,0,1,0,0,0
4395,1964,1,1,1,0,0,1,0,0,0,0
4489,1961,4,3,1,0,0,0,1,0,1,0
4490,1964,6,5,1,0,0,0,1,0,1,0
4490,1965,2,1,0,0,0,0,1,0,0,0
4524,1960,2,2,1,0,0,0,0,0,0,0
4524,1961,3,3,0,0,0,0,0,0,1,0
4524,1962,3,3,0,0,0,0,0,0,0,0
4524,1963,1,1,0,0,0,0,0,0,1,0
4524,1964,4,4,1,0,0,0,0,0,1,0
4524,1965,3,3,1,0,0,1,0,0,2,0
4524,1966,1,1,0,0,0,0,0,0,1,0
4532,1968,1,1,1,0,0,0,0,0,0,0
4554,1967,6,3,0,0,0,0,3,0,1,0
4554,1968,2,2,1,0,0,0,0,0,1,0
4556,1962,6,5,3,0,0,1,1,0,1,0
4584,1964,1,0,0,0,0,0,1,0,0,0
4596,1962,4,3,2,0,0,1,1,0,0,0
4596,1964,3,1,0,0,0,0,2,0,0,0
4596,1966,3,3,3,0,0,1,0,0,0,0
4596,1968,13,10,5,1,1,0,3,0,2,0
4617,1968,6,6,1,0,0,0,0,0,2,0
4624,1966,10,10,2,0,0,0,0,0,5,0
4624,1967,8,8,2,0,0,1,0,0,2,0
4624,1968,10,7,1,1,0,0,3,0,0,0
4679,1960,4,2,0,0,0,0,2,0,0,0
4732,1960,3,1,0,0,0,0,2,0,1,0
4779,1964,8,8,0,0,0,0,0,0,3,0
4779,1965,1,1,0,0,0,0,0,0,0,0
4860,1960,23,20,3,0,1,0,3,0,8,0
4860,1961,17,13,3,0,0,2,4,0,3,0
4860,1962,6,4,2,0,0,1,2,0,2,0
4860,1963,3,3,0,0,0,0,0,0,0,0
4860,1964,2,2,1,0,0,1,0,0,0,0
4923,1961,1,1,0,0,0,0,0,0,0,0
4989,1966,4,4,2,1,0,0,0,0,2,0
4989,1968,4,2,1,0,0,0,2,0,1,0
5003,1960,1,1,0,0,0,0,0,0,0,0
5003,1961,2,2,0,0,0,0,0,0,0,0
5011,1967,1,1,0,0,0,0,0,0,1,0
5011,1968,8,8,3,0,0,0,0,0,0,0
5049,1962,1,1,1,0,0,0,0,0,0,0
5064,1960,1,1,0,0,0,0,0,0,1,0
5064,1962,5,4,0,0,0,0,1,0,0,0
5145,1962,4,2,1,0,0,0,2,0,1,0
5145,1964,6,6,3,1,0,0,0,0,1,0
5145,1965,8,7,1,0,0,0,1,0,2,0
5145,1966,8,7,1,0,0,0,1,0,0,0
5145,1967,3,3,0,0,0,0,0,0,2,0
5145,1968,14,11,2,0,0,1,3,0,2,0
5182,1965,3,2,1,0,0,0,1,0,0,0
5182,1966,6,5,2,1,0,1,1,0,1,0
5182,1967,1,1,0,0,0,0,0,0,1,0
5182,1968,2,0,0,0,0,0,2,0,0,0
5274,1962,1,0,0,0,0,0,1,0,0,0
5274,1966,1,1,0,0,0,0,0,0,1,0
5274,1967,3,2,0,0,0,0,1,0,0,0
5274,1968,5,4,2,1,0,1,1,0,1,0
5285,1965,4,3,0,0,0,0,1,0,0,0
5285,1966,3,2,0,0,0,0,1,0,1,0
5285,1967,9,7,2,2,0,0,2,0,1,0
5285,1968,14,7,2,0,0,0,7,0,1,0
5428,1961,2,2,0,0,0,0,0,0,2,0
5475,1962,1,0,0,0,0,0,1,0,0,0
5570,1960,3,0,0,0,0,0,3,0,0,0
5570,1961,1,1,0,0,0,0,0,0,0,0
5600,1964,2,2,2,0,0,1,0,0,0,0
5600,1965,17,13,2,1,0,0,4,0,3,0
5600,1966,9,8,2,0,0,0,1,0,0,0
5600,1967,12,10,2,0,0,0,2,0,4,0
5600,1968,3,2,1,0,0,0,1,0,0,0
5631,1960,2,2,1,0,1,0,0,0,1,0
5631,1962,2,2,2,0,0,1,0,0,0,0
5660,1967,3,2,0,0,0,0,1,0,1,0
5694,1962,2,1,0,0,0,0,1,0,0,0
5717,1960,11,10,2,0,0,2,1,0,2,0
5717,1961,4,4,2,0,0,1,0,0,1,0
5717,1962,10,6,2,0,0,0,4,0,1,0
5717,1963,4,4,1,0,0,1,0,0,0,0
5717,1964,3,3,1,0,0,0,0,0,0,0
5717,1965,19,17,6,0,0,1,2,0,1,0
5717,1966,5,5,1,0,0,0,0,0,1,0
5717,1967,17,14,4,0,0,1,3,0,4,0
5717,1968,9,7,1,0,0,1,2,0,0,0
5801,1964,2,0,0,0,0,0,2,0,0,0
5801,1966,4,3,0,0,0,0,1,0,2,0
5804,1967,5,5,2,1,0,0,0,0,0,0
5806,1960,8,6,2,0,1,1,2,0,2,0
5806,1961,4,3,0,0,0,0,1,0,1,0
5865,1960,1,1,0,0,0,0,0,0,0,0
5933,1967,4,3,1,1,0,0,1,0,0,0
5946,1961,8,5,1,0,0,0,3,0,2,0
5946,1962,5,4,2,0,0,0,1,0,0,0
5946,1964,3,3,2,1,0,0,0,0,0,0
5946,1965,2,2,1,1,0,0,0,0,0,0
5946,1966,1,1,0,0,0,0,0,0,0,0
5946,1967,2,2,0,0,0,0,0,0,0,0
5950,1960,2,2,0,0,0,0,0,0,1,0
5950,1961,5,2,1,0,0,1,3,0,0,0
5950,1964,3,2,0,0,0,0,1,0,2,0
5950,1965,3,2,1,1,0,0,1,0,1,0
5976,1965,1,0,0,0,0,0,1,0,0,0
5976,1967,2,2,2,1,0,1,0,0,0,0
5984,1964,3,2,1,1,0,0,1,0,1,0
6003,1962,4,3,1,0,0,0,1,0,0,0
6018,1964,1,1,1,0,0,0,0,0,0,0
6022,1967,2,1,0,0,0,0,1,0,0,0
6040,1960,7,7,2,0,0,1,0,0,0,0
6040,1961,15,13,7,0,1,1,2,0,1,0
6040,1962,9,9,5,1,0,1,0,0,1,0
6040,1963,3,2,1,0,0,0,1,0,0,0
6040,1964,6,4,1,0,0,0,2,0,0,0
6040,1965,3,3,1,0,0,0,0,0,0,0
6040,1966,4,4,3,0,0,1,0,0,0,0
6047,1966,7,7,2,0,0,0,0,0,1,0
6047,1967,5,2,0,0,0,0,3,0,1,0
6047,1968,9,8,3,2,0,0,1,0,2,0
6060,1964,2,2,2,0,0,1,0,0,0,0
6060,1965,1,1,1,0,0,0,0,0,0,0
6088,1960,11,7,2,0,0,1,4,0,1,0
6094,1961,6,4,1,0,0,1,2,0,0,0
6106,1960,4,4,1,0,0,0,0,0,1,0
6106,1961,5,4,0,0,0,0,1,0,1,0
6106,1962,1,1,1,0,0,0,0,0,0,0
6111,1960,1,1,0,0,0,0,0,0,0,0
6145,1964,10,8,1,0,0,1,2,0,0,0
6166,1968,1,1,0,0,0,0,0,0,1,0
6216,1960,1,1,0,0,0,0,0,0,0,0
6216,1961,1,1,0,0,0,0,0,0,0,0
6216,1965,4,2,0,0,0,0,2,0,0,0
6221,1960,19,17,5,1,0,2,2,0,5,0
6221,1961,18,13,4,0,0,0,3,0,2,1
6221,1962,8,7,3,1,0,0,1,0,1,0
6221,1963,3,3,1,0,0,0,0,0,0,0
6221,1965,1,1,0,0,0,0,0,0,0,0
6222,1968,1,1,0,0,0,0,0,0,1,0
6228,1960,3,3,2,0,0,0,0,0,1,0
6228,1961,6,5,3,1,1,0,1,0,1,0
6228,1962,4,2,1,0,0,1,2,0,0,0
6228,1964,2,1,0,0,0,0,1,0,1,0
6228,1965,1,1,0,0,0,0,0,0,0,0
6289,1964,6,6,2,1,0,0,0,0,3,0
6289,1965,2,1,0,0,0,0,1,0,0,0
6289,1966,3,2,0,0,0,0,1,0,0,0
6300,1960,13,9,2,0,1,0,3,0,2,1
6300,1961,5,5,0,0,0,0,0,0,1,0
6300,1962,9,4,1,0,0,0,5,0,0,0
6300,1964,2,0,0,0,0,0,2,0,0,0
6309,1960,1,1,0,0,0,0,0,0,1,0
6357,1968,14,8,1,1,0,0,6,0,2,0
6445,1967,8,6,2,0,0,0,2,0,2,0
6445,1968,1,0,0,0,0,0,1,0,0,0
6449,1966,2,2,0,0,0,0,0,0,1,0
6449,1967,6,5,2,0,0,0,1,0,1,0
6498,1960,14,13,4,0,0,0,1,0,3,0
6498,1961,5,3,0,0,0,0,2,0,1,0
6498,1968,2,1,0,0,0,0,1,0,1,0
6499,1965,2,2,1,0,0,0,0,0,0,0
6499,1967,3,3,0,0,0,0,0,0,2,0
6525,1963,1,1,0,0,0,0,0,0,0,0
6525,1964,16,12,4,1,1,1,4,0,1,0
6525,1965,8,7,3,1,0,1,1,0,1,0
6525,1966,10,9,4,1,0,0,1,0,2,0
6525,1967,17,13,2,0,0,1,4,0,2,0
6525,1968,6,2,0,0,0,0,4,0,1,0
6537,1965,12,12,5,1,0,1,0,0,1,0
6537,1966,8,7,3,0,0,0,1,0,2,0
6537,1967,11,7,3,0,0,0,3,1,2,0
6537,1968,8,6,2,1,0,1,2,0,2,0
6581,1965,13,9,4,0,0,1,4,0,1,0
6581,1966,8,5,4,0,0,1,2,0,0,1
6621,1960,5,2,1,0,0,1,3,0,1,0
6621,1961,5,4,0,0,0,0,1,0,1,0
6621,1962,1,1,0,0,0,0,0,0,1,0
6677,1968,1,1,0,0,0,0,0,0,0,0
6693,1960,1,1,1,0,0,0,0,0,0,0
6846,1962,2,2,0,0,0,0,0,0,0,0
6893,1967,4,2,0,0,0,0,2,0,2,0
7015,1960,2,2,2,1,0,1,0,0,0,0
7015,1961,2,2,2,0,0,2,0,0,0,0
7084,1965,8,6,1,0,0,1,2,0,1,0
7122,1961,15,14,3,0,0,1,1,0,3,0
7122,1962,8,8,3,0,0,0,0,0,0,0
7122,1963,8,7,1,0,0,0,1,0,3,0
7122,1964,5,3,1,0,0,0,2,0,0,0
7146,1961,11,9,5,0,0,3,1,0,2,1
7146,1962,3,1,0,0,0,0,1,1,0,0
7161,1963,4,3,1,0,0,1,1,0,1,0
7161,1964,1,1,1,0,0,0,0,0,0,0
7161,1965,6,5,0,0,0,0,1,0,0,0
7161,1966,14,12,4,1,0,2,2,0,1,0
7182,1961,1,1,1,0,0,0,0,0,0,0
7182,1962,3,2,0,0,0,0,1,0,0,0
7200,1962,8,5,3,1,0,0,3,0,1,0
7200,1963,4,4,1,0,0,0,0,0,0,0
7200,1964,7,4,1,0,0,0,3,0,1,0
7200,1965,12,11,0,0,0,0,1,0,7,0
7200,1966,6,6,2,0,0,1,0,0,3,0
7200,1967,15,11,2,0,0,0,4,0,6,0
7200,1968,11,11,1,0,0,1,0,0,2,0
7217,1967,8,6,2,0,0,0,2,0,1,0
7217,1968,11,9,3,0,0,2,2,0,2,0
7261,1964,9,8,1,0,0,1,0,0,0,1
7261,1965,9,7,2,0,0,0,2,0,2,0
7261,1966,1,1,0,0,0,0,0,0,1,0
7261,1967,10,8,1,0,0,1,2,0,5,0
7261,1968,15,12,4,0,0,1,3,0,3,0
7268,1961,2,2,0,0,0,0,0,0,1,0
7270,1964,3,1,0,0,0,0,2,0,1,0
7270,1965,1,0,0,0,0,0,1,0,0,0
7270,1966,7,4,1,0,0,1,3,0,3,0
7270,1967,5,2,0,0,0,0,3,0,0,0
7270,1968,2,2,0,0,0,0,0,0,1,0
7281,1963,2,2,1,1,0,0,0,0,0,0
7281,1964,8,7,3,1,0,0,1,0,1,0
7281,1965,13,13,2,0,0,0,0,0,1,0
7281,1966,9,7,0,0,0,0,2,0,2,0
7281,1967,6,4,2,1,0,0,2,0,0,0
7281,1968,12,11,1,0,0,0,1,0,1,0
7403,1965,8,7,2,1,0,0,1,0,1,0
7403,1966,8,7,2,0,0,0,1,0,2,0
7403,1967,11,10,0,0,0,0,1,0,3,0
7403,1968,13,13,4,0,0,3,0,0,1,0
7412,1968,5,3,1,0,0,0,2,0,1,0
7425,1964,2,2,1,0,0,0,0,0,0,0
7454,1968,1,1,0,0,0,0,0,0,1,0
7468,1968,3,1,0,0,0,0,2,0,1,0
7511,1964,6,6,1,0,0,0,0,0,2,0
7511,1965,2,2,0,0,0,0,0,0,1,0
7511,1966,4,4,1,0,0,0,0,0,1,0
7511,1967,4,4,1,0,0,1,0,0,2,0
7833,1961,5,5,0,0,0,0,0,0,1,0
7854,1960,19,16,3,1,0,0,3,0,5,0
7854,1961,14,13,4,1,0,1,1,0,4,0
7854,1962,10,9,2,0,0,0,1,0,3,0
7854,1963,4,4,0,0,0,0,0,0,2,0
7854,1964,21,18,7,1,0,2,3,0,2,0
7854,1965,8,8,2,1,0,0,0,0,1,0
7854,1966,4,4,0,0,0,0,0,0,1,0
7869,1963,1,1,1,0,0,0,0,0,0,0
7869,1964,1,1,0,0,0,0,0,0,0,0
7869,1966,2,1,1,1,0,0,1,0,0,0
7889,1961,1,0,0,0,0,0,1,0,0,0
7913,1967,1,1,0,0,0,0,0,0,0,0
7928,1960,4,4,1,0,0,1,0,0,1,0
7928,1961,5,3,2,0,0,1,2,0,0,0
7928,1962,3,2,1,0,0,0,1,0,1,0
7962,1963,1,1,0,0,0,0,0,0,1,0
7962,1964,7,5,1,0,0,0,1,0,2,1
7962,1965,8,6,0,0,0,0,2,0,6,0
7962,1967,3,2,1,0,0,0,1,0,0,0
7962,1968,4,4,1,0,0,0,0,0,0,0
7982,1960,3,2,0,0,0,0,0,0,0,1
7982,1961,4,3,1,0,0,0,1,0,0,0
8008,1968,3,3,0,0,0,0,0,0,1,0
8033,1960,26,24,8,1,0,1,2,0,4,0
8033,1961,18,14,2,2,0,0,4,0,4,0
8033,1962,6,6,3,1,0,0,0,0,1,0
8033,1963,7,7,4,1,0,0,0,0,0,0
8033,1964,1,1,1,0,0,0,0,0,0,0
8033,1965,1,1,0,0,0,0,0,0,0,0
8057,1960,11,11,2,0,0,1,0,0,2,0
8057,1961,3,3,1,0,0,1,0,0,0,0
8115,1968,6,4,0,0,0,0,2,0,1,0
8175,1964,9,5,1,0,0,0,4,0,1,0
8175,1965,7,5,0,0,0,0,2,0,1,0
8180,1967,13,9,0,0,0,0,3,0,5,1
8180,1968,9,6,2,0,0,1,3,0,1,0
8194,1962,2,2,1,0,0,0,0,0,0,0
8194,1963,2,2,0,0,0,0,0,0,0,0
8194,1964,1,0,0,0,0,0,1,0,0,0
8194,1965,1,1,0,0,0,0,0,0,0,0
8227,1963,3,2,0,0,0,0,1,0,0,0
8227,1965,1,1,1,0,0,1,0,0,0,0
8259,1964,12,12,5,1,0,1,0,0,3,0
8259,1965,2,2,1,0,0,0,0,0,0,0
8272,1960,3,3,1,0,0,0,0,0,1,0
8272,1961,1,0,0,0,0,0,1,0,0,0
8272,1962,4,2,0,0,0,0,2,0,1,0
8309,1961,1,0,0,0,0,0,0,0,0,1
8309,1962,3,3,1,0,0,0,0,0,0,0
8309,1963,1,1,0,0,0,0,0,0,1,0
8351,1963,2,1,0,0,0,0,1,0,0,0
8395,1961,10,9,5,0,1,0,1,0,3,0
8399,1968,7,6,3,0,0,0,1,0,1,0
8427,1964,2,1,1,0,0,1,1,0,0,0
8427,1967,5,4,1,0,0,0,1,0,0,0
8427,1968,10,9,3,0,0,2,1,0,1,0
8429,1964,13,12,6,0,0,4,1,0,1,0
8429,1965,14,11,4,0,0,1,3,0,0,0
8429,1966,10,10,2,0,0,0,0,0,4,0
8429,1967,15,14,9,0,0,0,1,0,2,0
8491,1966,2,2,1,0,0,0,0,0,0,0
8491,1967,2,1,0,0,0,0,0,0,1,1
8542,1965,8,6,1,0,0,1,2,0,1,0
8542,1966,2,2,2,0,0,1,0,0,0,0
8542,1967,5,3,1,0,0,0,2,0,1,0
8542,1968,4,2,0,0,0,0,2,0,0,0
8568,1962,3,2,0,0,0,0,1,0,0,0
8568,1963,3,2,1,0,0,0,1,0,1,0
8568,1964,2,1,0,0,0,0,1,0,0,0
8570,1962,4,1,1,0,0,0,3,0,0,0
8570,1963,1,1,1,0,0,0,0,0,0,0
8570,1964,15,13,6,1,0,1,2,0,1,0
8588,1967,4,4,2,0,0,0,0,0,1,0
8669,1961,2,0,0,0,0,0,2,0,0,0
8670,1965,3,3,0,0,0,0,0,0,2,0
8670,1966,7,6,1,0,0,1,1,0,4,0
8670,1967,5,5,0,0,0,0,0,0,1,0
8687,1960,12,10,2,0,0,0,2,0,1,0
8687,1961,8,8,1,0,0,1,0,0,1,0
8687,1962,6,3,0,0,0,0,3,0,0,0
8687,1963,8,6,5,1,0,2,2,0,0,0
8687,1964,10,9,2,0,0,0,1,0,3,0
8687,1965,7,6,1,0,0,0,1,0,2,0
8739,1960,12,11,2,0,0,0,1,0,5,0
8739,1961,17,17,5,1,0,1,0,0,7,0
8739,1962,5,4,2,0,0,2,1,0,1,0
8739,1963,12,11,3,0,0,1,1,0,3,0
8739,1964,15,11,3,0,0,0,3,0,3,1
8739,1965,6,6,1,0,0,1,0,0,2,0
8739,1966,6,5,0,0,0,0,1,0,2,0
8739,1967,3,2,0,0,0,0,1,0,1,0
8739,1968,10,7,3,1,0,0,3,0,1,0
8759,1968,2,2,0,0,0,0,0,0,1,0
8768,1968,1,1,0,0,0,0,0,0,1,0
8781,1968,3,3,0,0,0,0,0,0,1,0
8846,1962,6,4,0,0,0,0,2,0,2,0
8846,1963,5,5,1,0,0,1,0,0,1,0
8846,1964,5,5,0,0,0,0,0,0,1,0
8846,1965,8,3,1,0,0,0,5,0,0,0
8846,1966,2,1,1,0,0,0,1,0,0,0
8846,1967,3,2,0,0,0,0,1,0,1,0
8950,1960,22,17,2,0,0,2,5,0,1,0
8950,1961,15,12,4,0,0,2,3,0,2,0
8950,1962,1,1,0,0,0,0,0,0,0,0
8950,1964,2,2,0,0,0,0,0,0,1,0
8950,1965,5,4,1,0,0,0,1,0,1,0
8950,1966,4,4,1,0,0,1,0,0,1,0
8950,1967,6,5,0,0,0,0,0,0,0,1
8950,1968,9,7,0,0,0,0,2,0,1,0
8953,1968,2,2,1,0,0,0,0,0,0,0
8970,1963,2,1,0,0,0,0,1,0,0,0
8970,1964,16,14,4,1,0,0,2,0,4,0
8970,1965,17,13,3,0,0,2,4,0,2,0
8970,1966,11,11,2,0,0,0,0,0,0,0
8970,1967,15,12,2,0,0,0,3,0,5,0
8970,1968,6,4,0,0,0,0,2,0,1,0
9001,1962,10,8,4,1,0,1,2,0,1,0
9001,1964,2,2,1,0,1,0,0,0,0,0
9033,1967,13,12,2,0,0,0,1,0,3,0
9033,1968,14,12,3,1,0,0,1,1,7,0
9047,1960,18,16,7,3,0,0,2,0,1,0
9047,1961,9,6,2,0,0,0,2,0,3,1
9054,1967,5,5,2,0,0,0,0,0,0,0
9054,1968,3,3,1,0,0,0,0,0,0,0
9063,1968,3,1,0,0,0,0,1,0,0,1
9093,1961,14,11,2,0,0,1,3,0,5,0
9093,1962,19,17,4,0,0,0,2,0,5,0
9093,1963,1,1,0,0,0,0,0,0,0,0
9093,1964,9,9,3,1,0,2,0,0,2,0
9093,1965,7,7,4,0,1,0,0,0,0,0
9093,1966,10,7,3,1,0,1,3,0,0,0
9093,1968,4,3,1,0,0,0,1,0,1,0
9101,1961,5,3,1,0,0,0,2,0,2,0
9101,1962,4,3,0,0,0,0,1,0,2,0
9101,1964,2,2,0,0,0,0,0,0,1,0
9101,1965,1,1,0,0,0,0,0,0,0,0
9113,1966,6,5,1,0,0,0,1,0,1,0
9113,1967,5,4,0,0,0,0,1,0,0,0
9145,1960,2,1,0,0,0,0,1,0,1,0
9201,1967,1,1,1,0,0,1,0,0,0,0
9201,1968,3,3,0,0,0,0,0,0,1,0
9278,1962,1,0,0,0,0,0,1,0,0,0
9290,1962,6,5,0,0,0,0,1,0,5,0
9290,1963,1,0,0,0,0,0,1,0,0,0
9290,1964,6,6,1,0,0,1,0,0,4,0
9290,1965,2,2,0,0,0,0,0,0,2,0
9290,1966,4,3,2,1,0,0,1,0,1,0
9313,1962,9,2,1,0,0,1,7,0,1,0
9313,1963,3,3,3,1,0,1,0,0,0,0
9313,1964,8,6,1,0,0,0,2,0,2,0
9365,1960,20,14,3,0,0,1,5,1,4,0
9365,1961,14,14,4,1,0,2,0,0,2,0
9365,1962,7,7,2,0,0,1,0,0,2,0
9365,1964,10,9,3,0,0,1,1,0,2,0
9457,1966,3,2,1,0,0,0,1,0,0,0
9474,1960,5,5,1,0,0,1,0,0,1,0
9474,1961,8,6,0,0,0,0,2,0,2,0
9474,1962,4,2,2,0,0,0,2,0,0,0
9474,1964,4,3,0,0,0,0,1,0,0,0
9564,1968,1,1,1,0,0,0,0,0,0,0
9590,1965,5,3,1,0,0,0,2,0,0,0
9590,1966,7,7,1,0,0,1,0,0,2,0
9590,1967,7,5,2,1,0,0,2,0,1,0
9602,1963,3,1,0,0,0,0,2,0,1,0
9602,1964,3,3,1,0,0,0,0,0,0,0
9602,1965,2,1,0,0,0,0,1,0,0,0
9633,1962,2,1,0,0,0,0,1,0,0,0
9636,1964,2,2,2,1,0,0,0,0,0,0
9712,1962,4,2,0,0,0,0,2,0,0,0
9712,1964,6,5,0,0,0,0,1,0,0,0
9712,1965,11,9,3,1,0,0,2,0,2,0
9847,1965,1,1,0,0,0,0,0,0,0,0
9852,1967,5,5,1,0,0,0,0,0,0,0
9852,1968,2,1,0,0,0,0,1,0,0,0
9861,1966,3,2,2,0,0,0,1,0,0,0
9861,1967,8,4,2,0,0,2,4,0,2,0
9861,1968,2,1,0,0,0,0,1,0,0,0
9862,1964,5,3,0,0,0,0,2,0,1,0
9862,1967,3,2,1,1,0,0,1,0,0,0
9862,1968,3,3,0,0,0,0,0,0,0,0
9903,1968,4,3,1,0,0,0,1,0,1,0
9999,1962,6,6,3,1,0,0,0,0,0,0
9999,1963,3,3,1,0,0,1,0,0,1,0
10030,1960,3,3,1,0,0,1,0,0,1,0
10089,1961,5,4,2,0,0,1,1,0,0,0
10089,1962,1,1,0,0,0,0,0,0,0,0
10179,1964,4,3,2,1,0,0,1,0,1,0
10179,1966,2,2,1,0,0,0,0,0,0,0
10191,1966,3,3,0,0,0,0,0,0,0,0
10191,1967,5,4,2,0,0,1,1,0,0,0
10218,1964,4,3,0,0,0,0,1,0,1,0
10218,1965,1,0,0,0,0,0,1,0,0,0
10218,1966,11,10,3,0,0,2,1,0,3,0
10218,1967,1,1,0,0,0,0,0,0,1,0
10333,1961,4,3,1,0,0,1,1,0,1,0
10363,1961,11,7,4,0,1,1,4,0,1,0
10363,1962,4,2,0,0,0,0,2,0,2,0
10373,1960,11,9,2,0,0,0,2,0,3,0
10373,1962,1,0,0,0,0,0,1,0,0,0
10407,1964,1,1,0,0,0,0,0,0,0,0
10429,1962,10,9,2,0,0,1,1,0,1,0
10429,1963,6,6,2,0,0,1,0,0,1,0
10429,1964,16,13,2,1,0,1,3,0,4,0
10429,1965,9,9,3,1,0,0,0,0,3,0
10429,1966,5,5,2,0,0,0,0,0,1,0
10429,1967,5,3,0,0,0,0,2,0,1,0
10429,1968,4,3,1,1,0,0,1,0,1,0
10504,1960,5,4,1,0,0,1,1,0,0,0
10504,1961,15,9,2,0,0,2,6,0,2,0
10528,1965,1,1,0,0,0,0,0,0,1,0
10528,1966,10,9,2,0,0,2,1,0,0,0
10539,1964,6,5,1,0,0,0,1,0,2,0
10539,1966,2,2,0,0,0,0,0,0,1,0
10539,1967,3,2,2,0,0,0,1,0,0,0
10568,1962,1,1,1,0,1,0,0,0,0,0
10583,1966,2,1,1,0,0,0,1,0,0,0
10586,1964,8,6,0,0,0,0,2,0,2,0
10586,1965,8,8,1,0,0,0,0,0,0,0
10586,1966,6,6,1,1,0,0,0,0,0,0
10586,1967,5,3,1,0,0,1,1,0,0,1
10586,1968,3,3,3,0,0,0,0,0,0,0
10604,1967,4,4,2,1,0,0,0,0,0,0
10643,1960,7,4,0,0,0,0,2,0,1,1
10643,1961,4,2,1,0,0,0,2,0,0,0
10778,1964,2,2,1,0,0,0,0,0,1,0
10875,1964,2,2,2,1,0,0,0,0,0,0
10880,1964,2,1,0,0,0,0,1,0,0,0
10880,1965,15,15,3,0,0,0,0,0,6,0
10880,1966,4,3,0,0,0,0,1,0,0,0
10880,1967,8,8,1,1,0,0,0,0,2,0
10880,1968,11,10,2,1,0,0,1,0,4,0
10919,1968,5,3,2,0,0,0,1,0,0,1
10925,1962,3,2,0,0,0,0,1,0,1,0
10925,1965,1,1,1,1,0,0,0,0,0,0
10943,1960,7,7,3,1,0,0,0,0,0,0
10943,1961,3,1,1,0,0,1,2,0,0,0
10945,1961,4,4,3,0,0,1,0,0,1,0
10959,1962,2,2,1,0,0,0,0,0,0,0
10959,1963,1,1,0,0,0,0,0,0,0,0
10959,1964,5,4,1,1,0,0,1,0,2,0
10959,1965,2,2,2,0,0,1,0,0,0,0
10959,1966,2,2,0,0,0,0,0,0,0,0
10959,1968,2,2,1,0,0,0,0,0,0,0
11007,1962,10,10,2,0,0,1,0,0,2,0
11007,1963,4,1,1,1,0,0,3,0,0,0
11007,1964,6,4,1,0,0,0,2,0,2,0
11017,1968,1,1,0,0,0,0,0,0,0,0
11053,1960,17,13,5,0,0,3,4,0,5,0
11053,1961,8,7,3,1,0,0,1,0,1,0
11053,1962,11,9,2,1,0,0,2,0,2,0
11053,1963,8,7,2,1,0,0,1,0,0,0
11053,1964,11,11,4,1,0,1,0,0,2,0
11053,1965,3,3,0,0,0,0,0,0,3,0
11053,1966,2,2,1,0,0,0,0,0,0,0
11063,1960,8,8,3,1,0,2,0,0,0,0
11063,1961,3,3,0,0,0,0,0,0,1,0
11068,1961,3,2,0,0,0,0,1,0,0,0
11068,1962,2,1,0,0,0,0,1,0,1,0
11068,1963,1,0,0,0,0,0,1,0,0,0
11068,1964,4,3,2,0,0,0,1,0,0,0
11068,1965,2,1,0,0,0,0,1,0,0,0
11068,1966,1,0,0,0,0,0,1,0,0,0
11074,1962,3,2,0,0,0,0,1,0,0,0
11074,1963,1,1,0,0,0,0,0,0,0,0
11143,1960,2,0,0,0,0,0,2,0,0,0
11143,1963,5,5,0,0,0,0,0,0,0,0
11163,1960,4,4,1,0,0,0,0,0,0,0
11163,1962,2,1,0,0,0,0,1,0,0,0
11243,1965,8,6,1,0,0,0,2,0,2,0
11243,1966,4,4,1,0,0,1,0,0,0,0
11315,1962,2,1,1,1,0,0,1,0,0,0
11362,1965,3,2,0,0,0,0,0,0,0,1
11387,1963,3,2,0,0,0,0,1,0,0,0
11475,1964,1,1,0,0,0,0,0,0,0,0
11475,1965,1,1,0,0,0,0,0,0,1,0
11475,1966,2,2,0,0,0,0,0,0,0,0
11475,1967,10,9,1,0,0,0,1,0,1,0
11475,1968,16,14,2,0,0,0,2,0,8,0
11480,1967,1,1,0,0,0,0,0,0,0,0
11611,1960,4,4,1,0,0,1,0,0,2,0
11646,1967,2,2,2,0,0,0,0,0,0,0
11881,1964,2,2,0,0,0,0,0,0,0,0
11969,1960,8,7,2,1,0,1,1,0,2,0
11969,1961,9,5,4,0,0,1,4,0,0,0
11969,1962,7,6,4,1,0,2,1,0,1,0
11969,1963,1,0,0,0,0,0,1,0,0,0
11969,1964,2,1,0,0,0,0,1,0,0,0
12036,1968,1,1,0,0,0,0,0,0,0,0
12064,1968,6,5,0,0,0,0,1,0,2,0
12086,1966,2,2,0,0,0,0,0,0,1,0
12086,1967,7,5,0,0,0,0,2,0,0,0
12086,1968,3,2,0,0,0,0,1,0,1,0
12092,1965,3,2,0,0,0,0,1,0,1,0
12243,1962,2,2,0,0,0,0,0,0,1,0
12243,1963,4,3,2,0,0,0,1,0,0,0
12243,1964,9,7,1,0,0,0,2,0,1,0
12243,1965,3,3,1,0,0,0,0,0,1,0
12243,1966,3,3,1,0,1,0,0,0,1,0
12243,1967,4,4,0,0,0,0,0,0,2,0
12269,1960,14,9,2,0,0,2,5,0,2,0
12269,1961,3,3,0,0,0,0,0,0,1,0
12269,1962,2,1,0,0,0,0,1,0,0,0
12269,1964,5,3,1,0,0,0,2,0,0,0
12269,1965,5,4,1,0,0,0,1,0,2,0
12269,1966,1,1,0,0,0,0,0,0,0,0
12269,1967,5,5,2,1,0,0,0,0,1,0
12269,1968,3,3,1,0,0,0,0,0,1,0
12309,1963,1,1,0,0,0,0,0,0,0,0
12343,1967,2,2,0,0,0,0,0,0,0,0
12352,1968,5,4,1,0,0,0,1,0,0,0
12356,1960,2,2,1,0,0,1,0,0,0,0
12356,1961,2,2,2,0,0,0,0,0,0,0
12356,1965,1,1,0,0,0,0,0,0,0,0
12375,1960,3,3,0,0,0,0,0,0,1,0
12375,1962,9,6,3,0,0,1,3,0,2,0
12375,1963,3,2,0,0,0,0,1,0,2,0
12375,1964,13,12,2,0,0,2,1,0,4,0
12375,1965,2,1,0,0,0,0,1,0,0,0
12375,1966,6,4,0,0,0,0,2,0,2,0
12375,1967,14,10,3,0,0,2,4,0,1,0
12375,1968,11,9,1,0,0,1,2,0,2,0
12484,1960,11,11,5,0,0,2,0,0,2,0
12484,1961,7,5,1,0,0,1,2,0,0,0
12505,1961,2,1,1,0,0,0,1,0,0,0
12505,1967,5,4,1,1,0,0,1,0,0,0
12505,1968,6,4,0,0,0,0,2,0,0,0
12514,1964,4,2,1,0,0,1,2,0,0,0
12514,1965,1,1,0,0,0,0,0,0,0,0
12514,1966,2,2,0,0,0,0,0,0,0,0
12514,1967,4,3,0,0,0,0,1,0,0,0
12514,1968,4,4,1,0,0,0,0,0,2,0
12521,1966,6,6,1,0,0,0,0,0,2,0
12521,1967,6,5,1,0,0,0,1,0,2,0
12521,1968,5,3,1,0,0,1,1,0,1,1
12542,1962,4,2,1,0,0,1,2,0,1,0
12542,1964,2,2,1,1,0,0,0,0,0,0
12542,1965,4,2,1,0,0,1,2,0,0,0
12542,1966,1,1,0,0,0,0,0,0,0,0
12546,1960,23,15,4,1,0,1,8,0,4,0
12546,1961,4,3,2,0,0,1,1,0,1,0
12546,1962,9,4,0,0,0,0,5,0,0,0
