1527,1960,1,1,0,0,0,0,0,0,0,0
1627,1962,1,1,0,0,0,0,0,0,1,0
1780,1960,2,2,0,0,0,0,0,0,1,0
2784,1962,2,2,0,0,0,0,0,0,2,0
3058,1960,1,1,0,0,0,0,0,0,1,0
3256,1960,1,1,0,0,0,0,0,0,1,0
3728,1960,1,1,0,0,0,0,0,0,0,0
4490,1960,3,3,1,0,0,0,0,0,1,0
5391,1960,1,1,1,0,0,0,0,0,0,0
6018,1962,2,2,1,0,0,0,0,0,0,0
6106,1962,1,1,1,1,0,0,0,0,0,0
6221,1962,1,1,0,0,0,0,0,0,0,0
6300,1962,1,1,0,0,0,0,0,0,0,0
7146,1962,1,1,0,0,0,0,0,0,0,0
8950,1962,1,1,0,0,0,0,0,0,0,0
9633,1962,1,1,1,1,0,0,0,0,0,0
9999,1962,1,1,0,0,0,0,0,0,0,0
10363,1962,1,1,0,0,0,0,0,0,1,0
10873,1960,2,2,0,0,0,0,0,0,2,0
11362,1962,1,0,0,0,0,0,1,0,0,0
12375,1962,3,3,1,0,0,0,0,0,2,0
