5,2012,1,1,0,0,0,0,0,0,0,0
5,2014,4,3,0,0,0,0,0,1,2,0
5,2015,2,1,0,0,0,0,0,0,0,1
5,2016,1,1,0,0,0,0,0,0,0,0
48,2014,1,1,0,0,0,0,0,0,0,0
48,2019,1,0,0,0,0,0,1,0,0,0
57,2018,1,0,0,0,0,0,1,0,0,0
86,2015,1,1,0,0,0,0,0,0,1,0
112,2016,1,1,0,0,0,0,0,0,0,0
118,2013,1,1,0,0,0,0,0,0,0,0
118,2014,2,2,0,0,0,0,0,0,1,0
125,2016,3,3,1,1,0,0,0,0,1,0
126,2019,6,5,1,0,0,0,0,0,1,0
129,2019,1,1,1,1,0,0,0,0,0,0
144,2017,1,1,0,0,0,0,0,0,0,0
162,2012,1,1,1,1,0,0,0,0,0,0
162,2013,1,1,1,0,0,0,0,0,0,0
162,2014,2,2,1,0,0,0,0,0,1,0
162,2016,2,2,0,0,0,0,0,0,1,0
162,2018,1,1,0,0,0,0,0,0,1,0
207,2018,1,1,0,0,0,0,0,0,0,0
219,2016,1,1,0,0,0,0,0,0,1,0
228,2015,4,4,2,0,0,1,0,0,1,0
228,2016,3,3,2,0,0,0,0,0,0,0
228,2018,2,1,0,0,0,0,1,0,0,0
229,2018,1,1,0,0,0,0,0,0,0,0
229,2019,1,1,0,0,0,0,0,0,0,0
234,2015,1,1,0,0,0,0,0,0,0,0
253,2013,1,1,0,0,0,0,0,0,0,0
263,2013,2,2,0,0,0,0,0,0,1,0
263,2015,3,3,0,0,0,0,0,0,2,0
263,2019,2,2,1,0,0,0,0,0,0,0
268,2015,3,3,1,1,0,0,0,0,1,0
268,2016,1,0,0,0,0,0,1,0,0,0
268,2017,1,1,0,0,0,0,0,0,0,0
269,2016,2,2,0,0,0,0,0,0,2,0
293,2019,2,2,0,0,0,0,0,0,1,0
309,2015,2,2,0,0,0,0,0,0,0,0
309,2016,1,1,0,0,0,0,0,0,1,0
342,2018,1,1,0,0,0,0,0,0,0,0
343,2013,2,2,1,0,1,0,0,0,0,0
343,2014,3,3,1,1,0,0,0,0,2,0
343,2016,2,2,1,0,0,0,0,0,0,0
343,2018,3,3,2,1,0,0,0,0,0,0
369,2019,1,1,0,0,0,0,0,0,0,0
382,2016,3,3,1,0,0,0,0,0,1,0
417,2014,1,1,0,0,0,0,0,0,1,0
417,2015,1,1,1,0,0,1,0,0,0,0
449,2018,2,2,0,0,0,0,0,0,1,0
455,2012,2,2,0,0,0,0,0,0,0,0
455,2013,1,1,0,0,0,0,0,0,0,0
456,2013,1,1,0,0,0,0,0,0,1,0
456,2015,1,0,0,0,0,0,1,0,0,0
456,2016,4,4,1,0,0,0,0,0,1,0
456,2018,1,1,0,0,0,0,0,0,0,0
479,2014,1,1,1,0,0,0,0,0,0,0
494,2016,2,2,0,0,0,0,0,0,0,0
500,2019,3,2,0,0,0,0,1,0,1,0
550,2013,1,1,1,0,0,0,0,0,0,0
550,2014,2,1,0,0,0,0,1,0,0,0
579,2019,1,1,0,0,0,0,0,0,1,0
585,2016,1,1,0,0,0,0,0,0,1,0
614,2018,1,1,1,0,0,0,0,0,0,0
622,2018,2,1,0,0,0,0,1,0,0,0
629,2015,1,1,0,0,0,0,0,0,0,0
635,2016,3,3,1,1,0,0,0,0,1,0
635,2017,1,1,0,0,0,0,0,0,0,0
647,2018,2,2,1,0,0,0,0,0,0,0
683,2015,1,1,0,0,0,0,0,0,0,0
683,2016,3,3,1,0,0,0,0,0,0,0
683,2018,3,3,0,0,0,0,0,0,0,0
683,2019,2,1,0,0,0,0,1,0,0,0
687,2014,1,1,0,0,0,0,0,0,0,0
711,2014,5,2,1,0,0,0,2,0,0,1
711,2016,1,1,1,0,0,0,0,0,0,0
711,2018,11,10,5,2,0,0,0,1,3,0
754,2013,2,2,0,0,0,0,0,0,1,0
754,2014,1,1,0,0,0,0,0,0,0,0
771,2013,11,10,1,0,0,0,1,0,4,0
774,2014,1,1,0,0,0,0,0,0,0,0
774,2016,1,1,0,0,0,0,0,0,1,0
774,2017,2,2,0,0,0,0,0,0,2,0
774,2018,1,1,0,0,0,0,0,0,0,0
778,2018,2,2,2,0,1,1,0,0,0,0
778,2019,3,3,1,0,0,0,0,0,0,0
786,2014,5,4,3,0,0,1,0,0,0,0
794,2018,1,1,1,0,0,0,0,0,0,0
799,2015,2,2,0,0,0,0,0,0,1,0
831,2012,2,2,1,0,1,0,0,0,1,0
861,2015,1,1,0,0,0,0,0,0,0,0
861,2016,1,1,0,0,0,0,0,0,0,0
904,2018,7,6,1,0,0,0,1,0,2,0
904,2019,5,5,1,1,0,0,0,0,2,0
919,2014,1,1,1,0,1,0,0,0,0,0
919,2015,1,0,0,0,0,0,1,0,0,0
919,2016,2,1,0,0,0,0,1,0,1,0
934,2016,2,2,1,0,0,0,0,0,0,0
934,2018,2,2,2,1,0,0,0,0,0,0
947,2018,3,2,0,0,0,0,1,0,1,0
1009,2013,5,4,1,0,0,0,0,0,0,1
1009,2015,1,1,0,0,0,0,0,0,0,0
1027,2013,1,1,0,0,0,0,0,0,1,0
1032,2017,1,1,1,0,0,1,0,0,0,0
1032,2018,2,2,0,0,0,0,0,0,1,0
1032,2019,2,2,1,1,0,0,0,0,1,0
1035,2012,1,1,0,0,0,0,0,0,0,0
1035,2013,3,3,0,0,0,0,0,0,1,0
1035,2014,1,1,0,0,0,0,0,0,0,0
1145,2013,1,0,0,0,0,0,1,0,0,0
1145,2016,1,1,0,0,0,0,0,0,1,0
1200,2014,1,1,0,0,0,0,0,0,0,0
1200,2017,1,1,0,0,0,0,0,0,1,0
1204,2015,1,1,1,0,0,0,0,0,0,0
1204,2019,3,2,1,0,0,0,0,1,1,0
1206,2018,1,1,0,0,0,0,0,0,1,0
1214,2014,2,2,1,0,0,0,0,0,0,0
1214,2015,1,1,0,0,0,0,0,0,0,0
1214,2016,2,2,0,0,0,0,0,0,1,0
1214,2017,1,1,1,0,0,0,0,0,0,0
1214,2018,1,1,0,0,0,0,0,0,0,0
1216,2015,3,3,0,0,0,0,0,0,0,0
1258,2018,1,1,0,0,0,0,0,0,1,0
1258,2019,1,1,0,0,0,0,0,0,0,0
1263,2018,1,1,0,0,0,0,0,0,1,0
1274,2017,1,1,0,0,0,0,0,0,0,0
1283,2019,1,1,0,0,0,0,0,0,0,0
1289,2014,1,1,0,0,0,0,0,0,0,0
1289,2015,1,1,1,0,0,0,0,0,0,0
1309,2017,2,2,0,0,0,0,0,0,0,0
1337,2013,2,1,1,0,0,0,1,0,0,0
1337,2016,2,2,0,0,0,0,0,0,2,0
1337,2017,1,1,0,0,0,0,0,0,0,0
1355,2019,2,2,1,0,0,1,0,0,1,0
1368,2015,1,1,0,0,0,0,0,0,0,0
1433,2016,1,1,0,0,0,0,0,0,0,0
1477,2014,2,2,1,0,0,0,0,0,0,0
1477,2015,3,3,0,0,0,0,0,0,1,0
1481,2017,1,1,1,0,0,0,0,0,0,0
1481,2018,2,2,1,1,0,0,0,0,1,0
1481,2019,2,2,0,0,0,0,0,0,0,0
1495,2013,2,2,0,0,0,0,0,0,1,0
1495,2014,6,5,5,0,0,0,1,0,0,0
1495,2015,3,3,0,0,0,0,0,0,1,0
1497,2014,1,1,0,0,0,0,0,0,0,0
1515,2018,1,1,0,0,0,0,0,0,0,0
1515,2019,1,1,1,0,0,0,0,0,0,0
1518,2016,3,3,2,0,0,1,0,0,0,0
1518,2019,2,2,0,0,0,0,0,0,2,0
1556,2013,2,1,0,0,0,0,1,0,0,0
1556,2014,3,2,1,0,0,0,1,0,0,0
1567,2013,1,1,1,0,0,0,0,0,0,0
1583,2013,2,2,1,0,0,0,0,0,1,0
1583,2014,2,2,2,0,0,0,0,0,0,0
1599,2016,2,2,0,0,0,0,0,0,0,0
1666,2013,3,3,0,0,0,0,0,0,0,0
1684,2017,1,1,0,0,0,0,0,0,1,0
1702,2016,2,2,0,0,0,0,0,0,1,0
1767,2013,1,0,0,0,0,0,0,0,0,0
1773,2014,1,1,1,0,0,1,0,0,0,0
1773,2015,2,2,0,0,0,0,0,0,1,0
1798,2019,2,2,1,0,0,0,0,0,1,0
1801,2013,3,2,2,0,0,0,1,0,0,0
1801,2015,3,3,0,0,0,0,0,0,0,0
1808,2015,2,1,1,1,0,0,0,0,0,0
1814,2019,2,2,1,0,0,1,0,0,0,0
1820,2015,3,2,0,0,0,0,1,0,0,0
1820,2016,3,3,1,1,0,0,0,0,1,0
1820,2018,7,7,4,1,0,1,0,0,1,0
1858,2017,5,5,0,0,0,0,0,0,2,0
1858,2018,6,5,3,0,0,0,1,0,1,0
1883,2019,1,1,1,0,0,0,0,0,0,0
1905,2019,2,2,0,0,0,0,0,0,1,0
1908,2018,1,1,0,0,0,0,0,0,0,0
1908,2019,1,1,1,0,0,0,0,0,0,0
1920,2017,1,1,0,0,0,0,0,0,0,0
1943,2013,2,2,0,0,0,0,0,0,0,0
1943,2014,2,2,0,0,0,0,0,0,1,0
1943,2016,1,1,0,0,0,0,0,0,0,0
1943,2017,2,2,0,0,0,0,0,0,0,0
1952,2016,2,2,0,0,0,0,0,0,0,0
1952,2018,2,2,0,0,0,0,0,0,2,0
1966,2019,1,1,0,0,0,0,0,0,1,0
1971,2016,8,7,3,0,0,0,1,0,1,0
1982,2014,2,2,0,0,0,0,0,0,0,0
1991,2016,1,1,1,1,0,0,0,0,0,0
1997,2013,3,3,0,0,0,0,0,0,1,0
1997,2014,3,2,1,0,0,0,0,0,1,0
1997,2016,2,2,2,0,0,0,0,0,0,0
2011,2013,6,5,1,0,0,0,1,0,2,0
2011,2014,2,2,0,0,0,0,0,0,2,0
2011,2015,3,3,0,0,0,0,0,0,1,0
2011,2017,1,1,1,0,0,0,0,0,0,0
2011,2019,2,2,0,0,0,0,0,0,0,0
2018,2013,1,1,1,1,0,0,0,0,0,0
2022,2013,3,3,0,0,0,0,0,0,2,0
2022,2014,3,3,0,0,0,0,0,0,1,0
2022,2015,3,3,1,0,0,0,0,0,0,0
2046,2013,1,1,0,0,0,0,0,0,1,0
2083,2013,2,2,0,0,0,0,0,0,1,0
2083,2016,1,1,1,0,0,0,0,0,0,0
2089,2014,1,1,0,0,0,0,0,0,1,0
2090,2013,1,1,0,0,0,0,0,0,0,0
2129,2016,6,6,1,0,0,0,0,0,3,0
2129,2017,1,1,0,0,0,0,0,0,0,0
2152,2018,6,5,1,0,0,0,1,0,1,0
2161,2015,1,1,0,0,0,0,0,0,0,0
2161,2018,1,1,1,0,0,0,0,0,0,0
2175,2013,3,3,0,0,0,0,0,0,0,0
2175,2014,2,2,0,0,0,0,0,0,1,0
2175,2018,3,3,2,0,1,0,0,0,1,0
2182,2013,1,1,0,0,0,0,0,0,1,0
2192,2013,1,1,1,1,0,0,0,0,0,0
2212,2013,2,2,0,0,0,0,0,0,2,0
2212,2016,3,3,0,0,0,0,0,0,1,0
2212,2019,3,3,1,0,0,1,0,0,1,0
2219,2018,2,2,0,0,0,0,0,0,0,0
2228,2013,2,2,1,0,0,0,0,0,1,0
2236,2016,2,1,0,0,0,0,1,0,1,0
2236,2019,1,1,0,0,0,0,0,0,1,0
2237,2013,8,8,1,1,0,0,0,0,2,0
2237,2014,3,2,0,0,0,0,1,0,0,0
2268,2019,1,1,0,0,0,0,0,0,1,0
2298,2014,3,3,1,1,0,0,0,0,1,0
2358,2013,6,6,2,0,0,0,0,0,0,0
2358,2014,6,6,1,0,0,0,0,0,0,0
2368,2019,1,1,0,0,0,0,0,0,0,0
2369,2013,3,3,0,0,0,0,0,0,1,0
2369,2014,9,8,4,0,0,0,1,0,1,0
2380,2015,1,1,0,0,0,0,0,0,1,0
2383,2016,2,2,1,0,0,0,0,0,0,0
2383,2017,3,3,0,0,0,0,0,0,1,0
2388,2016,2,2,1,0,0,0,0,0,1,0
2396,2019,2,2,0,0,0,0,0,0,0,0
2421,2012,1,1,0,0,0,0,0,0,1,0
2421,2013,1,1,1,0,0,0,0,0,0,0
2482,2013,1,1,0,0,0,0,0,0,0,0
2482,2014,1,1,1,0,0,0,0,0,0,0
2512,2012,1,1,0,0,0,0,0,0,0,0
2606,2016,4,4,1,0,0,0,0,0,2,0
2690,2013,2,2,1,0,0,0,0,0,1,0
2690,2014,1,1,0,0,0,0,0,0,0,0
2690,2016,2,2,0,0,0,0,0,0,1,0
2722,2014,3,2,1,1,0,0,1,0,0,0
2749,2013,2,2,0,0,0,0,0,0,0,0
2754,2014,2,2,1,0,0,0,0,0,1,0
2763,2015,1,1,0,0,0,0,0,0,1,0
2768,2013,1,1,0,0,0,0,0,0,0,0
2768,2014,1,1,0,0,0,0,0,0,0,0
2776,2015,1,0,0,0,0,0,1,0,0,0
2810,2013,3,2,0,0,0,0,1,0,1,0
2833,2019,2,1,0,0,0,0,1,0,1,0
2840,2016,1,1,0,0,0,0,0,0,1,0
2850,2016,7,7,3,0,0,0,0,0,3,0
2850,2017,1,1,0,0,0,0,0,0,1,0
2872,2016,1,1,1,0,0,0,0,0,0,0
2878,2018,1,1,0,0,0,0,0,0,1,0
2885,2016,1,0,0,0,0,0,1,0,0,0
2886,2014,1,1,0,0,0,0,0,0,0,0
2911,2013,3,3,2,0,0,0,0,0,0,0
2911,2014,6,6,1,0,0,0,0,0,1,0
2911,2016,2,2,1,0,0,0,0,0,0,0
2914,2016,2,2,0,0,0,0,0,0,0,0
2914,2018,1,1,0,0,0,0,0,0,0,0
2987,2012,1,1,0,0,0,0,0,0,0,0
2987,2013,2,2,1,0,0,0,0,0,0,0
2987,2014,4,4,0,0,0,0,0,0,1,0
2987,2016,1,1,0,0,0,0,0,0,0,0
3011,2013,2,2,1,0,0,0,0,0,1,0
3011,2014,4,4,0,0,0,0,0,0,1,0
3016,2013,1,1,0,0,0,0,0,0,1,0
3016,2014,1,1,0,0,0,0,0,0,1,0
3033,2017,1,0,0,0,0,0,1,0,0,0
3070,2013,2,2,1,0,0,0,0,0,0,0
3070,2015,1,1,0,0,0,0,0,0,0,0
3073,2015,2,1,0,0,0,0,1,0,0,0
3073,2017,3,3,1,1,0,0,0,0,0,0
3073,2018,3,3,1,1,0,0,0,0,0,0
3080,2016,3,3,0,0,0,0,0,0,1,0
3086,2016,1,1,0,0,0,0,0,0,1,0
3086,2018,2,2,0,0,0,0,0,0,0,0
3088,2016,5,5,1,0,0,0,0,0,1,0
3088,2017,1,1,0,0,0,0,0,0,0,0
3108,2014,2,2,0,0,0,0,0,0,0,0
3154,2016,3,3,2,0,0,0,0,0,1,0
3154,2017,1,1,1,0,0,0,0,0,0,0
3187,2014,1,1,0,0,0,0,0,0,0,0
3194,2016,1,1,0,0,0,0,0,0,1,0
3210,2016,2,2,0,0,0,0,0,0,1,0
3231,2014,6,4,0,0,0,0,1,0,3,0
3231,2016,2,2,0,0,0,0,0,0,0,0
3231,2019,3,2,1,1,0,0,0,0,0,0
3281,2012,1,1,0,0,0,0,0,0,0,0
3286,2014,2,2,2,0,0,0,0,0,0,0
3347,2013,3,3,1,0,0,0,0,0,1,0
3347,2016,6,4,0,0,0,0,2,0,3,0
3366,2016,1,0,0,0,0,0,1,0,0,0
3404,2019,1,0,0,0,0,0,1,0,0,0
3410,2013,1,1,0,0,0,0,0,0,0,0
3411,2014,3,3,1,0,0,0,0,0,0,0
3411,2015,2,2,0,0,0,0,0,0,1,0
3411,2018,1,1,0,0,0,0,0,0,1,0
3423,2016,1,1,0,0,0,0,0,0,0,0
3434,2013,4,3,0,0,0,0,1,0,1,0
3434,2014,16,15,5,0,0,0,1,0,1,0
3434,2016,1,1,0,0,0,0,0,0,0,0
3438,2016,1,1,1,0,0,0,0,0,0,0
3438,2017,2,2,0,0,0,0,0,0,1,0
3438,2018,1,1,1,1,0,0,0,0,0,0
3440,2016,1,1,0,0,0,0,0,0,0,0
3492,2014,2,2,1,0,1,0,0,0,0,0
3497,2013,1,1,0,0,0,0,0,0,1,0
3497,2014,1,1,1,1,0,0,0,0,0,0
3498,2016,6,6,0,0,0,0,0,0,3,0
3498,2017,2,2,0,0,0,0,0,0,1,0
3514,2018,3,2,0,0,0,0,1,0,1,0
3546,2012,2,2,1,1,0,0,0,0,1,0
3546,2013,3,3,1,0,0,0,0,0,1,0
3546,2014,2,2,0,0,0,0,0,0,0,0
3546,2016,10,8,3,0,0,1,2,0,0,0
3574,2017,1,1,1,0,0,0,0,0,0,0
3598,2016,2,2,0,0,0,0,0,0,0,0
3598,2018,1,1,0,0,0,0,0,0,1,0
3607,2017,3,1,1,0,0,0,1,1,0,0
3683,2014,1,1,1,0,0,0,0,0,0,0
3701,2019,1,1,0,0,0,0,0,0,1,0
3703,2014,1,1,0,0,0,0,0,0,0,0
3742,2015,2,2,0,0,0,0,0,0,0,0
3747,2015,1,1,0,0,0,0,0,0,0,0
3748,2013,2,2,1,1,0,0,0,0,1,0
3748,2014,1,1,0,0,0,0,0,0,0,0
3748,2015,1,1,0,0,0,0,0,0,0,0
3749,2019,4,4,1,0,0,0,0,0,1,0
3758,2018,1,1,0,0,0,0,0,0,1,0
3758,2019,2,1,0,0,0,0,1,0,1,0
3784,2016,1,1,0,0,0,0,0,0,1,0
3785,2016,6,4,1,0,0,0,1,1,1,0
3793,2013,5,5,2,0,0,0,0,0,0,0
3793,2014,2,2,0,0,0,0,0,0,1,0
3793,2015,1,1,1,0,0,0,0,0,0,0
3876,2015,1,1,0,0,0,0,0,0,1,0
3876,2017,1,1,0,0,0,0,0,0,0,0
3878,2016,3,2,2,0,0,0,1,0,0,0
3878,2018,1,1,0,0,0,0,0,0,0,0
3880,2017,1,1,0,0,0,0,0,0,0,0
3880,2019,1,1,0,0,0,0,0,0,0,0
3933,2018,1,1,0,0,0,0,0,0,0,0
3938,2019,2,0,0,0,0,0,2,0,0,0
3951,2016,2,2,2,1,0,0,0,0,0,0
3968,2013,1,0,0,0,0,0,1,0,0,0
3968,2015,2,1,0,0,0,0,1,0,1,0
3968,2016,3,3,1,0,0,0,0,0,1,0
3968,2018,3,3,0,0,0,0,0,0,1,0
3969,2018,3,3,0,0,0,0,0,0,2,0
3975,2016,3,3,1,0,0,0,0,0,2,0
3998,2018,3,3,2,1,0,0,0,0,0,0
3998,2019,2,2,0,0,0,0,0,0,1,0
4002,2014,1,1,1,0,0,1,0,0,0,0
4002,2015,1,1,0,0,0,0,0,0,0,0
4029,2014,5,5,2,1,0,0,0,0,0,0
4029,2016,2,2,0,0,0,0,0,0,0,0
4029,2018,6,6,1,0,0,0,0,0,1,0
4055,2016,5,5,1,0,0,0,0,0,2,0
4055,2017,2,2,0,0,0,0,0,0,2,0
4077,2018,6,4,0,0,0,0,2,0,0,0
4077,2019,5,5,0,0,0,0,0,0,2,0
4087,2016,1,0,0,0,0,0,1,0,0,0
4087,2019,1,1,0,0,0,0,0,0,0,0
4132,2011,1,1,0,0,0,0,0,0,1,0
4132,2013,1,1,0,0,0,0,0,0,0,0
4137,2013,1,1,0,0,0,0,0,0,0,0
4163,2013,2,2,1,0,0,1,0,0,1,0
4180,2013,1,1,1,0,0,0,0,0,0,0
4182,2013,5,5,1,1,0,0,0,0,3,0
4182,2015,2,2,0,0,0,0,0,0,1,0
4182,2016,2,2,1,0,0,1,0,0,0,0
4207,2018,1,1,0,0,0,0,0,0,0,0
4260,2015,1,1,0,0,0,0,0,0,0,0
4283,2015,6,5,0,0,0,0,1,0,1,0
4283,2016,11,10,1,0,0,0,1,0,3,0
4283,2017,2,2,1,0,0,0,0,0,0,0
4288,2011,1,1,0,0,0,0,0,0,0,0
4292,2014,20,17,2,0,0,0,3,0,6,0
4292,2015,13,13,2,0,0,0,0,0,4,0
4292,2016,3,3,2,0,0,1,0,0,0,0
4327,2014,3,3,0,0,0,0,0,0,0,0
4327,2016,1,1,0,0,0,0,0,0,0,0
4327,2019,2,2,0,0,0,0,0,0,0,0
4337,2014,3,3,1,0,0,0,0,0,0,0
4337,2016,4,2,1,0,0,0,2,0,0,0
4337,2017,2,2,0,0,0,0,0,0,1,0
4344,2015,3,3,0,0,0,0,0,0,1,0
4350,2012,2,2,0,0,0,0,0,0,0,0
4350,2013,7,7,0,0,0,0,0,0,4,0
4350,2016,4,2,0,0,0,0,2,0,1,0
4361,2014,3,3,0,0,0,0,0,0,0,0
4361,2017,1,1,0,0,0,0,0,0,1,0
4365,2016,1,1,0,0,0,0,0,0,0,0
4365,2018,2,1,0,0,0,0,1,0,0,0
4405,2016,6,5,1,0,0,0,0,0,0,1
4412,2014,2,2,0,0,0,0,0,0,1,0
4415,2019,1,0,0,0,0,0,0,1,0,0
4429,2014,2,2,1,0,1,0,0,0,0,0
4445,2017,1,1,0,0,0,0,0,0,0,0
4449,2012,1,1,0,0,0,0,0,0,0,0
4449,2013,3,3,0,0,0,0,0,0,1,0
4449,2014,6,6,2,0,0,0,0,0,0,0
4449,2015,2,2,0,0,0,0,0,0,1,0
4454,2013,5,5,0,0,0,0,0,0,0,0
4495,2015,2,2,0,0,0,0,0,0,1,0
4504,2015,5,4,3,0,0,0,0,1,0,0
4513,2014,1,1,1,0,0,0,0,0,0,0
4513,2019,1,1,0,0,0,0,0,0,1,0
4543,2016,8,8,2,1,0,1,0,0,2,0
4543,2017,5,4,1,0,1,0,0,1,0,0
4561,2014,6,6,2,0,0,0,0,0,1,0
4561,2017,2,2,0,0,0,0,0,0,1,0
4561,2018,12,10,3,1,0,0,2,0,2,0
4579,2014,1,1,1,0,0,0,0,0,0,0
4579,2018,1,1,0,0,0,0,0,0,0,0
4608,2013,6,5,3,1,0,0,0,1,1,0
4610,2015,6,5,2,1,0,0,1,0,2,0
4610,2016,4,4,1,0,0,0,0,0,2,0
4610,2018,3,3,1,0,0,0,0,0,0,0
4611,2013,2,2,2,0,1,1,0,0,0,0
4612,2014,1,1,0,0,0,0,0,0,1,0
4612,2015,1,1,0,0,0,0,0,0,1,0
4612,2016,2,2,0,0,0,0,0,0,2,0
4612,2019,2,2,0,0,0,0,0,0,1,0
4635,2019,1,1,0,0,0,0,0,0,0,0
4665,2013,5,4,3,0,1,0,0,0,1,0
4678,2015,2,2,0,0,0,0,0,0,0,0
4678,2016,3,3,1,0,0,0,0,0,2,0
4678,2017,2,2,0,0,0,0,0,0,0,0
4678,2019,1,1,0,0,0,0,0,0,0,0
4715,2014,1,1,0,0,0,0,0,0,0,0
4715,2018,1,0,0,0,0,0,1,0,0,0
4725,2017,1,1,1,1,0,0,0,0,0,0
4731,2014,1,1,0,0,0,0,0,0,0,0
4763,2013,1,1,0,0,0,0,0,0,0,0
4801,2013,1,1,1,1,0,0,0,0,0,0
4801,2014,2,2,2,0,0,0,0,0,0,0
4810,2016,1,1,0,0,0,0,0,0,1,0
4810,2019,1,1,0,0,0,0,0,0,0,0
4823,2013,3,2,0,0,0,0,1,0,0,0
4823,2016,3,2,0,0,0,0,1,0,0,0
4823,2017,1,1,0,0,0,0,0,0,0,0
4823,2019,2,2,0,0,0,0,0,0,1,0
4886,2013,1,1,0,0,0,0,0,0,0,0
4886,2018,1,0,0,0,0,0,1,0,0,0
4896,2011,2,2,2,1,0,0,0,0,0,0
4896,2012,3,3,0,0,0,0,0,0,1,0
4896,2013,15,13,4,0,1,1,0,0,0,0
4896,2014,8,8,2,0,1,0,0,0,4,0
4896,2015,6,6,3,2,0,0,0,0,0,0
4896,2018,3,3,0,0,0,0,0,0,0,0
4946,2014,1,1,0,0,0,0,0,0,0,0
4946,2015,2,2,1,0,0,0,0,0,0,0
4946,2017,1,1,0,0,0,0,0,0,1,0
4946,2018,2,2,1,0,0,0,0,0,0,0
4946,2019,1,1,0,0,0,0,0,0,0,0
4994,2018,3,2,0,0,0,0,0,0,1,1
5016,2016,6,6,2,0,0,0,0,0,1,0
5023,2018,2,2,2,0,0,0,0,0,0,0
5053,2013,1,1,0,0,0,0,0,0,1,0
5053,2015,1,1,0,0,0,0,0,0,0,0
5053,2016,1,0,0,0,0,0,1,0,0,0
5089,2019,1,1,0,0,0,0,0,0,1,0
5093,2016,7,7,2,0,0,0,0,0,2,0
5094,2014,1,1,0,0,0,0,0,0,0,0
5094,2015,1,1,0,0,0,0,0,0,1,0
5177,2014,2,2,0,0,0,0,0,0,1,0
5203,2015,1,1,0,0,0,0,0,0,1,0
5213,2016,1,1,0,0,0,0,0,0,0,0
5234,2015,1,0,0,0,0,0,1,0,0,0
5234,2019,1,1,0,0,0,0,0,0,1,0
5246,2014,3,3,0,0,0,0,0,0,0,0
5254,2016,1,1,0,0,0,0,0,0,1,0
5258,2014,7,6,2,1,0,0,0,0,2,0
5258,2015,3,3,2,0,0,1,0,0,0,0
5270,2012,2,2,1,1,0,0,0,0,0,0
5270,2013,4,3,1,0,1,0,0,1,0,0
5293,2013,1,1,0,0,0,0,0,0,0,0
5293,2015,1,1,0,0,0,0,0,0,0,0
5293,2017,1,1,0,0,0,0,0,0,1,0
5312,2014,3,2,1,0,0,0,1,0,1,0
5312,2015,2,2,0,0,0,0,0,0,1,0
5329,2018,1,1,0,0,0,0,0,0,0,0
5329,2019,1,1,1,0,0,0,0,0,0,0
5364,2013,13,12,1,0,0,0,0,0,4,1
5364,2014,7,7,2,0,0,0,0,0,0,0
5384,2018,3,3,0,0,0,0,0,0,1,0
5427,2019,1,1,0,0,0,0,0,0,1,0
5438,2013,1,1,1,0,0,0,0,0,0,0
5472,2012,1,1,0,0,0,0,0,0,1,0
5479,2015,2,2,1,0,0,0,0,0,0,0
5479,2016,2,2,2,0,0,1,0,0,0,0
5487,2013,1,1,0,0,0,0,0,0,0,0
5487,2014,4,2,0,0,0,0,2,0,1,0
5515,2012,2,1,0,0,0,0,0,0,0,1
5515,2013,5,5,1,0,0,1,0,0,0,0
5515,2014,5,3,0,0,0,0,2,0,1,0
5515,2016,5,5,1,0,0,0,0,0,0,0
5515,2017,2,2,0,0,0,0,0,0,0,0
5527,2018,5,5,0,0,0,0,0,0,3,0
5549,2014,2,2,1,0,0,0,0,0,0,0
5562,2013,2,2,0,0,0,0,0,0,0,0
5563,2013,1,1,0,0,0,0,0,0,0,0
5563,2014,1,1,0,0,0,0,0,0,0,0
5563,2018,1,1,1,0,0,0,0,0,0,0
5629,2015,1,0,0,0,0,0,0,1,0,0
5649,2013,2,2,0,0,0,0,0,0,0,0
5649,2016,3,3,0,0,0,0,0,0,2,0
5649,2018,1,1,0,0,0,0,0,0,0,0
5707,2017,3,3,1,0,0,0,0,0,0,0
5707,2018,7,7,2,1,0,0,0,0,3,0
5707,2019,3,3,2,0,0,1,0,0,0,0
5719,2014,1,1,0,0,0,0,0,0,0,0
5719,2019,1,1,1,0,0,1,0,0,0,0
5757,2014,10,10,3,0,0,0,0,0,1,0
5757,2015,9,9,2,0,0,0,0,0,4,0
5773,2016,2,1,0,0,0,0,0,0,1,1
5773,2017,1,1,0,0,0,0,0,0,0,0
5777,2018,1,1,0,0,0,0,0,0,0,0
5777,2019,4,2,1,0,0,0,2,0,1,0
5782,2013,2,2,1,0,0,0,0,0,0,0
5782,2015,6,6,1,1,0,0,0,0,1,0
5797,2011,1,1,0,0,0,0,0,0,0,0
5797,2014,1,1,0,0,0,0,0,0,1,0
5815,2014,3,3,1,0,0,0,0,0,0,0
5819,2016,2,2,0,0,0,0,0,0,2,0
5819,2018,3,3,0,0,0,0,0,0,2,0
5845,2015,2,2,0,0,0,0,0,0,2,0
5851,2013,10,10,3,1,0,0,0,0,4,0
5851,2014,6,5,0,0,0,0,0,0,3,0
5851,2015,5,5,1,0,0,0,0,0,2,0
5851,2016,6,6,1,0,0,0,0,0,3,0
5851,2017,3,3,0,0,0,0,0,0,1,0
5869,2019,6,6,1,1,0,0,0,0,1,0
5883,2015,2,2,0,0,0,0,0,0,2,0
5883,2018,1,1,1,0,0,0,0,0,0,0
5929,2018,1,1,0,0,0,0,0,0,1,0
5944,2019,1,1,0,0,0,0,0,0,0,0
5953,2013,3,2,1,1,0,0,0,0,0,1
5953,2018,10,9,2,0,0,1,1,0,2,0
5961,2014,1,0,0,0,0,0,1,0,0,0
5961,2017,1,1,0,0,0,0,0,0,1,0
5990,2014,2,2,0,0,0,0,0,0,2,0
5990,2017,2,2,1,0,0,0,0,0,0,0
5996,2013,2,2,0,0,0,0,0,0,0,0
5997,2019,1,1,1,0,0,0,0,0,0,0
6010,2018,3,2,0,0,0,0,1,0,1,0
6091,2018,3,3,1,0,0,1,0,0,1,0
6099,2013,4,4,3,0,0,2,0,0,0,0
6099,2014,3,2,1,0,0,0,1,0,0,0
6118,2013,4,3,1,0,0,0,1,0,1,0
6118,2014,6,5,0,0,0,0,1,0,2,0
6151,2016,3,2,1,0,0,1,1,0,0,0
6229,2013,3,3,2,1,0,0,0,0,1,0
6261,2016,2,2,0,0,0,0,0,0,0,0
6271,2011,1,1,0,0,0,0,0,0,0,0
6273,2013,3,2,1,0,0,0,1,0,0,0
6273,2015,3,3,1,0,0,0,0,0,1,0
6273,2016,3,3,2,0,0,0,0,0,0,0
6273,2019,6,6,2,0,0,0,0,0,3,0
6279,2013,2,1,1,0,0,0,1,0,0,0
6279,2018,3,2,0,0,0,0,1,0,0,0
6280,2017,1,1,0,0,0,0,0,0,0,0
6282,2013,1,1,0,0,0,0,0,0,0,0
6292,2014,3,3,2,0,0,0,0,0,0,0
6356,2014,3,2,0,0,0,0,0,0,1,0
6356,2015,1,1,0,0,0,0,0,0,0,0
6378,2014,3,2,0,0,0,0,1,0,1,0
6378,2016,2,2,1,1,0,0,0,0,1,0
6386,2016,8,8,3,0,0,1,0,0,2,0
6406,2015,1,1,0,0,0,0,0,0,0,0
6429,2013,2,1,0,0,0,0,0,1,1,0
6431,2016,2,1,0,0,0,0,0,0,0,1
6461,2012,1,1,0,0,0,0,0,0,0,0
6461,2013,2,2,0,0,0,0,0,0,0,0
6461,2016,2,2,2,1,0,0,0,0,0,0
6491,2013,2,1,0,0,0,0,1,0,0,0
6502,2016,1,1,0,0,0,0,0,0,0,0
6511,2013,1,1,1,0,0,0,0,0,0,0
6518,2013,2,2,0,0,0,0,0,0,2,0
6518,2015,1,1,0,0,0,0,0,0,1,0
6522,2013,3,3,1,0,0,0,0,0,0,0
6585,2019,3,3,0,0,0,0,0,0,1,0
6588,2018,9,7,5,0,0,0,2,0,1,0
6588,2019,6,5,1,0,0,0,1,0,1,0
6595,2019,1,1,0,0,0,0,0,0,1,0
6601,2013,2,2,0,0,0,0,0,0,0,0
6601,2014,1,0,0,0,0,0,1,0,0,0
6601,2015,2,2,0,0,0,0,0,0,2,0
6601,2016,2,2,0,0,0,0,0,0,1,0
6604,2019,1,1,1,0,0,0,0,0,0,0
6617,2013,1,0,0,0,0,0,1,0,0,0
6617,2016,1,1,0,0,0,0,0,0,1,0
6645,2014,1,1,1,0,0,0,0,0,0,0
6646,2013,2,1,0,0,0,0,0,1,0,0
6652,2017,2,2,1,0,0,1,0,0,1,0
6676,2012,2,1,0,0,0,0,1,0,0,0
6676,2013,4,4,2,1,0,0,0,0,0,0
6676,2014,3,3,0,0,0,0,0,0,1,0
6682,2017,3,2,0,0,0,0,1,0,0,0
6682,2018,6,6,0,0,0,0,0,0,2,0
6682,2019,3,3,1,0,0,0,0,0,1,0
6685,2012,1,0,0,0,0,0,1,0,0,0
6688,2013,1,1,0,0,0,0,0,0,0,0
6688,2016,2,2,1,0,0,0,0,0,0,0
6688,2017,1,0,0,0,0,0,1,0,0,0
6749,2016,5,5,3,0,0,1,0,0,1,0
6757,2018,1,1,0,0,0,0,0,0,0,0
6769,2016,2,2,0,0,0,0,0,0,0,0
6773,2018,3,3,0,0,0,0,0,0,2,0
6810,2016,4,3,0,0,0,0,0,0,2,0
6854,2016,2,2,0,0,0,0,0,0,0,0
6871,2013,2,2,0,0,0,0,0,0,1,0
6876,2012,3,3,1,1,0,0,0,0,1,0
6914,2016,4,4,0,0,0,0,0,0,1,0
6915,2014,1,1,0,0,0,0,0,0,0,0
6922,2013,2,1,0,0,0,0,0,0,1,0
6961,2016,1,1,0,0,0,0,0,0,0,0
6961,2017,3,3,2,0,0,0,0,0,0,0
7000,2014,1,1,1,0,0,0,0,0,0,0
7003,2013,3,3,0,0,0,0,0,0,1,0
7003,2014,2,2,0,0,0,0,0,0,1,0
7013,2015,1,1,0,0,0,0,0,0,1,0
7055,2013,1,1,0,0,0,0,0,0,0,0
7055,2014,1,1,0,0,0,0,0,0,0,0
7055,2016,3,2,2,0,0,0,0,0,0,0
7061,2013,4,4,0,0,0,0,0,0,1,0
7061,2014,3,3,2,0,0,0,0,0,0,0
7086,2019,1,1,0,0,0,0,0,0,0,0
7101,2019,2,1,0,0,0,0,1,0,1,0
7111,2012,2,2,0,0,0,0,0,0,0,0
7111,2015,1,1,0,0,0,0,0,0,0,0
7111,2016,1,1,1,1,0,0,0,0,0,0
7111,2018,1,1,0,0,0,0,0,0,1,0
7126,2013,1,1,1,0,0,0,0,0,0,0
7126,2014,5,4,0,0,0,0,1,0,0,0
7137,2018,2,2,0,0,0,0,0,0,0,0
7176,2016,6,5,3,1,2,0,1,0,1,0
7176,2017,3,3,0,0,0,0,0,0,1,0
7207,2013,1,1,0,0,0,0,0,0,0,0
7207,2014,1,1,1,0,0,0,0,0,0,0
7211,2014,3,3,1,0,0,0,0,0,1,0
7220,2013,1,1,1,1,0,0,0,0,0,0
7220,2014,1,1,0,0,0,0,0,0,0,0
7220,2017,2,2,0,0,0,0,0,0,1,0
7239,2014,4,4,2,0,0,0,0,0,0,0
7239,2015,6,6,0,0,0,0,0,0,1,0
7239,2016,13,10,1,0,0,0,3,0,2,0
7239,2019,3,2,1,0,0,1,1,0,1,0
7321,2013,2,2,0,0,0,0,0,0,1,0
7321,2014,2,1,0,0,0,0,1,0,1,0
7321,2015,2,2,1,1,0,0,0,0,0,0
7322,2016,2,1,0,0,0,0,1,0,0,0
7337,2014,1,0,0,0,0,0,1,0,0,0
7345,2013,1,1,1,0,0,0,0,0,0,0
7374,2016,1,0,0,0,0,0,1,0,0,0
7379,2016,2,2,0,0,0,0,0,0,1,0
7379,2019,2,1,1,0,0,0,1,0,0,0
7422,2016,2,2,1,0,0,0,0,0,0,0
7442,2017,1,1,0,0,0,0,0,0,0,0
7456,2015,2,2,1,0,0,0,0,0,1,0
7456,2017,2,2,0,0,0,0,0,0,1,0
7456,2019,3,3,0,0,0,0,0,0,2,0
7459,2013,2,2,0,0,0,0,0,0,0,0
7459,2015,1,1,1,0,0,0,0,0,0,0
7491,2012,3,2,0,0,0,0,0,0,2,0
7510,2013,3,3,2,0,0,0,0,0,0,0
7510,2019,1,1,0,0,0,0,0,0,0,0
7521,2013,5,5,3,0,0,0,0,0,0,0
7521,2014,3,3,0,0,0,0,0,0,0,0
7521,2015,2,2,1,0,0,0,0,0,1,0
7524,2018,1,1,0,0,0,0,0,0,1,0
7524,2019,2,2,1,0,0,0,0,0,1,0
7532,2014,3,3,2,0,0,0,0,0,0,0
7532,2019,3,3,0,0,0,0,0,0,1,0
7541,2016,1,1,0,0,0,0,0,0,1,0
7877,2018,3,3,2,0,0,0,0,0,0,0
7877,2019,4,4,2,0,0,0,0,0,2,0
7881,2018,3,3,0,0,0,0,0,0,0,0
7887,2016,2,2,1,0,0,0,0,0,1,0
7926,2016,2,2,0,0,0,0,0,0,2,0
7926,2018,4,3,2,1,0,1,1,0,0,0
7941,2014,3,3,1,0,0,0,0,0,0,0
7941,2016,1,1,0,0,0,0,0,0,0,0
7987,2014,5,5,1,0,0,0,0,0,3,0
7987,2015,1,1,0,0,0,0,0,0,0,0
7987,2016,2,1,0,0,0,0,1,0,0,0
7987,2017,1,1,0,0,0,0,0,0,0,0
7997,2018,3,3,2,0,0,1,0,0,0,0
8015,2017,4,4,1,0,0,0,0,0,2,0
8015,2019,2,2,1,0,0,0,0,0,1,0
8016,2013,1,1,0,0,0,0,0,0,1,0
8058,2015,1,1,0,0,0,0,0,0,0,0
8133,2017,4,4,0,0,0,0,0,0,0,0
8205,2016,7,7,1,0,0,0,0,0,0,0
8238,2013,1,1,0,0,0,0,0,0,0,0
8238,2015,1,1,0,0,0,0,0,0,1,0
8238,2016,2,1,0,0,0,0,1,0,0,0
8268,2014,3,2,0,0,0,0,1,0,0,0
8294,2016,2,2,1,0,0,0,0,0,0,0
8326,2014,3,3,0,0,0,0,0,0,2,0
8326,2015,1,1,0,0,0,0,0,0,0,0
8334,2016,6,5,4,3,0,0,1,0,1,0
8334,2017,4,4,0,0,0,0,0,0,0,0
8345,2012,1,1,0,0,0,0,0,0,1,0
8354,2013,2,2,0,0,0,0,0,0,1,0
8354,2014,2,2,0,0,0,0,0,0,0,0
8354,2015,3,3,1,0,0,0,0,0,0,0
8356,2016,4,4,1,0,0,1,0,0,1,0
8372,2013,3,2,1,0,0,0,0,1,1,0
8372,2015,2,2,1,0,0,0,0,0,0,0
8372,2018,7,6,2,0,1,0,1,0,0,0
8372,2019,6,6,2,1,0,1,0,0,1,0
8404,2013,6,5,2,0,0,0,1,0,1,0
8404,2014,6,6,1,0,0,0,0,0,1,0
8404,2016,2,1,1,0,0,0,1,0,0,0
8424,2014,2,2,0,0,0,0,0,0,1,0
8424,2015,1,1,0,0,0,0,0,0,0,0
8424,2017,1,1,0,0,0,0,0,0,1,0
8424,2018,1,1,0,0,0,0,0,0,1,0
8430,2014,5,5,2,0,0,0,0,0,2,0
8430,2015,3,3,1,0,0,0,0,0,0,0
8430,2016,4,3,1,1,0,0,1,0,2,0
8430,2018,3,2,0,0,0,0,0,0,0,1
8430,2019,3,2,0,0,0,0,1,0,1,0
8437,2014,3,3,1,0,0,0,0,0,1,0
8437,2015,1,1,0,0,0,0,0,0,1,0
8438,2015,1,1,1,1,0,0,0,0,0,0
8456,2018,3,1,0,0,0,0,2,0,0,0
8504,2015,2,2,0,0,0,0,0,0,0,0
8504,2016,1,1,0,0,0,0,0,0,0,0
8510,2012,1,1,0,0,0,0,0,0,0,0
8531,2016,1,1,0,0,0,0,0,0,0,0
8540,2013,1,1,0,0,0,0,0,0,0,0
8566,2019,2,2,0,0,0,0,0,0,1,0
8579,2016,1,1,1,0,0,1,0,0,0,0
8579,2019,1,1,0,0,0,0,0,0,1,0
8584,2013,3,3,1,0,0,0,0,0,0,0
8584,2014,3,3,2,1,0,0,0,0,0,0
8584,2018,2,2,1,0,0,0,0,0,1,0
8592,2019,1,1,0,0,0,0,0,0,0,0
8597,2014,1,1,0,0,0,0,0,0,0,0
8675,2019,1,1,0,0,0,0,0,0,1,0
8682,2014,2,2,1,0,0,0,0,0,0,0
8690,2017,1,1,0,0,0,0,0,0,0,0
8700,2017,2,2,0,0,0,0,0,0,0,0
8700,2018,2,2,2,1,0,1,0,0,0,0
8710,2013,12,10,4,2,0,0,1,0,3,0
8729,2013,1,1,0,0,0,0,0,0,0,0
8736,2019,1,1,1,0,0,0,0,0,0,0
8774,2013,2,2,1,0,0,0,0,0,0,0
8777,2016,1,1,0,0,0,0,0,0,0,0
8778,2014,3,3,2,0,1,1,0,0,1,0
8789,2014,3,3,2,0,0,0,0,0,0,0
8789,2015,3,3,2,0,0,0,0,0,0,0
8789,2018,4,4,0,0,0,0,0,0,2,0
8798,2018,1,1,0,0,0,0,0,0,0,0
8799,2013,5,3,2,0,0,0,1,0,0,0
8799,2014,6,5,1,0,0,1,0,0,2,1
8799,2017,1,1,0,0,0,0,0,0,1,0
8799,2019,3,3,0,0,0,0,0,0,1,0
8807,2014,3,3,1,0,0,0,0,0,1,0
8823,2013,3,3,0,0,0,0,0,0,0,0
8823,2015,2,2,1,0,0,0,0,0,0,0
8823,2016,3,3,1,0,0,0,0,0,2,0
8838,2018,2,2,1,0,0,1,0,0,0,0
8873,2013,2,2,0,0,0,0,0,0,0,0
8873,2014,2,2,1,0,0,0,0,0,0,0
8880,2013,2,2,0,0,0,0,0,0,1,0
8880,2016,3,2,1,0,0,1,1,0,0,0
8880,2019,2,2,0,0,0,0,0,0,0,0
8881,2018,1,1,1,1,0,0,0,0,0,0
8906,2013,2,2,0,0,0,0,0,0,0,0
8914,2016,8,7,1,0,0,0,1,0,3,0
8914,2019,1,0,0,0,0,0,1,0,0,0
8919,2013,3,2,0,0,0,0,0,1,0,0
8919,2015,1,1,1,0,0,0,0,0,0,0
8919,2018,5,5,1,0,0,0,0,0,0,0
8940,2014,1,1,0,0,0,0,0,0,0,0
8940,2015,1,1,0,0,0,0,0,0,0,0
8956,2013,1,1,1,0,0,0,0,0,0,0
8956,2014,1,1,1,0,0,0,0,0,0,0
8982,2015,1,1,0,0,0,0,0,0,1,0
8982,2017,1,1,0,0,0,0,0,0,1,0
8982,2018,1,1,0,0,0,0,0,0,0,0
8982,2019,1,1,0,0,0,0,0,0,0,0
8988,2014,2,2,1,0,0,0,0,0,0,0
8988,2015,1,0,0,0,0,0,1,0,0,0
8990,2013,3,3,1,0,0,0,0,0,0,0
9005,2014,5,5,2,0,1,0,0,0,1,0
9071,2015,3,3,2,0,0,0,0,0,0,0
9071,2016,2,2,0,0,0,0,0,0,2,0
9071,2019,2,2,0,0,0,0,0,0,1,0
9073,2015,2,2,0,0,0,0,0,0,1,0
9109,2018,3,3,1,0,0,0,0,0,1,0
9129,2015,4,4,0,0,0,0,0,0,1,0
9129,2016,3,3,0,0,0,0,0,0,1,0
9143,2012,3,2,0,0,0,0,1,0,0,0
9143,2013,2,2,1,0,1,0,0,0,0,0
9143,2014,7,6,3,0,0,0,1,0,1,0
9143,2016,6,6,2,0,0,0,0,0,3,0
9143,2019,3,3,0,0,0,0,0,0,0,0
9165,2016,2,2,1,0,0,0,0,0,0,0
9196,2016,1,1,0,0,0,0,0,0,1,0
9196,2018,3,2,0,0,0,0,1,0,0,0
9196,2019,1,1,0,0,0,0,0,0,0,0
9198,2013,3,3,0,0,0,0,0,0,0,0
9198,2014,3,2,0,0,0,0,0,0,1,0
9198,2016,6,6,2,0,0,0,0,0,0,0
9198,2018,3,2,0,0,0,0,0,1,1,0
9246,2013,1,1,0,0,0,0,0,0,0,0
9250,2014,1,1,1,0,0,0,0,0,0,0
9250,2015,1,1,0,0,0,0,0,0,1,0
9255,2014,2,2,0,0,0,0,0,0,0,0
9255,2015,2,2,0,0,0,0,0,0,0,0
9269,2014,2,1,0,0,0,0,1,0,0,0
9269,2015,3,3,1,0,0,1,0,0,1,0
9269,2016,7,6,1,1,0,0,0,1,1,0
9326,2014,7,6,3,0,0,0,1,0,2,0
9326,2016,1,1,1,0,0,0,0,0,0,0
9334,2016,5,5,2,1,0,0,0,0,2,0
9334,2017,3,2,0,0,0,0,1,0,0,0
9336,2017,1,1,0,0,0,0,0,0,1,0
9343,2019,1,1,0,0,0,0,0,0,0,0
9347,2014,1,1,0,0,0,0,0,0,0,0
9352,2019,2,2,0,0,0,0,0,0,1,0
9354,2017,1,1,1,0,0,0,0,0,0,0
9356,2013,2,2,1,0,0,1,0,0,1,0
9356,2014,2,2,0,0,0,0,0,0,0,0
9356,2015,3,3,1,0,0,0,0,0,0,0
9374,2016,2,2,0,0,0,0,0,0,0,0
9391,2013,2,2,2,1,0,0,0,0,0,0
9391,2014,5,5,2,0,0,1,0,0,1,0
9391,2016,2,1,0,0,0,0,1,0,0,0
9395,2015,1,1,0,0,0,0,0,0,0,0
9411,2015,1,1,0,0,0,0,0,0,0,0
9420,2014,1,1,1,0,0,0,0,0,0,0
9449,2013,2,2,0,0,0,0,0,0,1,0
9449,2015,1,1,1,0,0,0,0,0,0,0
9449,2018,1,1,1,0,0,0,0,0,0,0
9456,2013,2,2,0,0,0,0,0,0,0,0
9456,2014,2,2,1,0,0,0,0,0,0,0
9550,2012,1,1,0,0,0,0,0,0,0,0
9550,2013,1,0,0,0,0,0,1,0,0,0
9557,2017,1,1,0,0,0,0,0,0,1,0
9581,2013,8,5,3,0,0,0,1,0,1,0
9581,2014,12,10,2,0,0,0,2,0,1,0
9581,2015,6,4,0,0,0,0,1,0,2,0
9659,2013,1,1,0,0,0,0,0,0,1,0
9677,2014,3,3,1,0,0,1,0,0,1,0
9688,2013,1,1,0,0,0,0,0,0,0,0
9688,2014,3,3,1,0,0,0,0,0,2,0
9688,2015,1,1,1,0,0,0,0,0,0,0
9688,2018,1,1,0,0,0,0,0,0,1,0
9741,2018,1,1,0,0,0,0,0,0,1,0
9761,2014,5,5,4,1,0,0,0,0,0,0
9761,2018,1,1,1,0,0,0,0,0,0,0
9762,2015,5,4,1,0,0,0,0,0,0,0
9762,2016,3,3,0,0,0,0,0,0,1,0
9762,2019,3,3,0,0,0,0,0,0,2,0
9774,2016,3,3,0,0,0,0,0,0,1,0
9774,2018,3,3,1,0,0,0,0,0,0,0
9782,2015,1,1,0,0,0,0,0,0,0,0
9782,2016,1,0,0,0,0,0,0,0,0,0
9813,2018,1,1,0,0,0,0,0,0,1,0
9827,2015,2,2,2,1,0,0,0,0,0,0
9827,2016,1,1,0,0,0,0,0,0,1,0
9830,2013,1,1,0,0,0,0,0,0,0,0
9835,2012,1,1,0,0,0,0,0,0,1,0
9835,2013,3,3,0,0,0,0,0,0,1,0
9844,2019,2,2,0,0,0,0,0,0,1,0
9880,2018,3,2,2,0,0,0,1,0,0,0
9885,2016,2,2,0,0,0,0,0,0,0,0
9885,2018,1,1,0,0,0,0,0,0,0,0
9906,2016,1,1,0,0,0,0,0,0,0,0
9906,2018,1,1,1,0,0,0,0,0,0,0
9908,2016,1,1,0,0,0,0,0,0,0,0
9908,2019,1,1,0,0,0,0,0,0,0,0
9944,2014,1,0,0,0,0,0,1,0,0,0
9954,2013,1,1,0,0,0,0,0,0,1,0
9966,2015,2,2,1,1,0,0,0,0,0,0
9968,2012,2,1,0,0,0,0,1,0,0,0
9968,2015,2,2,0,0,0,0,0,0,0,0
9969,2019,1,1,0,0,0,0,0,0,1,0
9971,2014,1,0,0,0,0,0,1,0,0,0
9995,2014,2,2,1,0,0,0,0,0,0,0
9995,2015,1,0,0,0,0,0,1,0,0,0
10040,2013,2,2,0,0,0,0,0,0,1,0
10056,2016,2,2,1,0,0,0,0,0,1,0
10066,2014,3,3,0,0,0,0,0,0,2,0
10066,2015,2,2,0,0,0,0,0,0,0,0
10066,2016,1,1,0,0,0,0,0,0,0,0
10069,2016,4,4,2,0,1,1,0,0,2,0
10069,2019,2,2,0,0,0,0,0,0,1,0
10081,2019,1,1,0,0,0,0,0,0,0,0
10101,2014,3,3,0,0,0,0,0,0,0,0
10101,2015,5,4,0,0,0,0,1,0,1,0
10101,2016,3,3,0,0,0,0,0,0,1,0
10103,2014,1,1,1,0,0,0,0,0,0,0
10103,2015,1,1,0,0,0,0,0,0,0,0
10103,2016,3,3,0,0,0,0,0,0,1,0
10103,2017,1,1,0,0,0,0,0,0,1,0
10111,2013,4,3,0,0,0,0,0,1,2,0
10111,2015,3,3,0,0,0,0,0,0,3,0
10111,2016,7,6,1,0,0,0,1,0,2,0
10118,2014,6,6,1,0,0,0,0,0,3,0
10118,2015,3,3,2,0,0,0,0,0,0,0
10136,2013,2,1,1,0,0,0,0,0,0,0
10136,2014,6,5,0,0,0,0,1,0,2,0
10138,2016,2,2,0,0,0,0,0,0,0,0
10138,2018,3,2,1,0,0,1,1,0,0,0
10138,2019,3,3,2,0,0,0,0,0,0,0
10209,2013,3,3,1,0,0,0,0,0,1,0
10210,2018,1,1,0,0,0,0,0,0,0,0
10214,2013,4,3,1,0,0,0,0,1,1,0
10214,2014,10,10,4,0,0,0,0,0,1,0
10214,2015,8,8,1,0,0,0,0,0,2,0
10214,2016,5,3,0,0,0,0,1,0,1,1
10214,2018,2,2,0,0,0,0,0,0,2,0
10249,2013,3,3,1,0,0,0,0,0,1,0
10265,2016,1,1,0,0,0,0,0,0,0,0
10288,2013,3,2,0,0,0,0,1,0,1,0
10292,2016,1,1,0,0,0,0,0,0,0,0
10345,2016,1,1,0,0,0,0,0,0,0,0
10394,2015,4,4,1,1,0,0,0,0,2,0
10474,2016,2,2,0,0,0,0,0,0,0,0
10474,2018,4,4,0,0,0,0,0,0,2,0
10503,2013,2,2,1,0,0,0,0,0,0,0
10503,2014,1,1,0,0,0,0,0,0,0,0
10503,2015,1,1,0,0,0,0,0,0,0,0
10547,2013,5,3,0,0,0,0,2,0,1,0
10547,2018,10,10,2,1,0,0,0,0,3,0
10565,2014,10,10,5,2,0,0,0,0,0,0
10565,2015,3,3,1,0,0,0,0,0,1,0
10565,2016,8,6,2,0,0,1,1,0,2,1
10565,2017,2,2,1,0,0,0,0,0,0,0
10574,2014,1,1,0,0,0,0,0,0,0,0
10574,2015,2,2,0,0,0,0,0,0,1,0
10609,2013,2,2,1,0,0,0,0,0,0,0
10609,2016,3,3,2,0,0,0,0,0,0,0
10634,2013,2,2,0,0,0,0,0,0,0,0
10634,2014,1,1,0,0,0,0,0,0,0,0
10634,2015,2,2,0,0,0,0,0,0,0,0
10634,2016,5,5,0,0,0,0,0,0,2,0
10634,2017,2,1,1,0,0,0,1,0,0,0
10650,2016,8,7,2,0,0,0,0,0,3,1
10650,2018,3,3,0,0,0,0,0,0,2,0
10657,2018,6,4,1,0,0,0,1,1,1,0
10679,2014,1,1,0,0,0,0,0,0,1,0
10688,2019,2,1,0,0,0,0,1,0,1,0
10696,2018,4,4,0,0,0,0,0,0,2,0
10705,2014,1,1,1,1,0,0,0,0,0,0
10705,2015,1,1,1,0,0,0,0,0,0,0
10708,2019,3,3,0,0,0,0,0,0,1,0
10733,2013,2,1,0,0,0,0,0,0,1,0
10733,2014,3,3,0,0,0,0,0,0,1,0
10733,2015,3,3,1,1,0,0,0,0,0,0
10735,2017,2,2,1,0,0,1,0,0,0,0
10781,2018,1,1,0,0,0,0,0,0,0,0
10784,2013,3,3,0,0,0,0,0,0,1,0
10784,2014,4,4,0,0,0,0,0,0,2,0
10784,2016,4,4,2,0,0,0,0,0,1,0
10790,2018,3,3,0,0,0,0,0,0,1,0
10790,2019,2,1,0,0,0,0,1,0,1,0
10846,2016,2,2,0,0,0,0,0,0,0,0
10846,2018,1,1,1,0,0,0,0,0,0,0
10846,2019,1,1,0,0,0,0,0,0,1,0
10863,2019,2,2,0,0,0,0,0,0,0,0
10931,2013,3,3,1,1,0,0,0,0,1,0
10946,2014,1,1,1,1,0,0,0,0,0,0
10953,2013,1,1,1,0,0,1,0,0,0,0
10968,2017,1,1,0,0,0,0,0,0,1,0
10988,2019,1,1,0,0,0,0,0,0,1,0
11084,2016,1,1,0,0,0,0,0,0,0,0
11102,2013,9,8,2,1,0,0,1,0,3,0
11102,2014,2,1,0,0,0,0,0,1,0,0
11102,2016,2,0,0,0,0,0,2,0,0,0
11102,2019,2,1,0,0,0,0,1,0,0,0
11111,2014,3,3,0,0,0,0,0,0,1,0
11112,2012,1,1,0,0,0,0,0,0,1,0
11112,2014,1,0,0,0,0,0,1,0,0,0
11112,2015,2,2,1,0,0,0,0,0,0,0
11112,2016,2,2,0,0,0,0,0,0,1,0
11127,2014,3,3,0,0,0,0,0,0,1,0
11127,2018,3,3,0,0,0,0,0,0,0,0
11127,2019,3,3,0,0,0,0,0,0,2,0
11139,2019,3,3,0,0,0,0,0,0,1,0
11175,2016,2,1,0,0,0,0,0,1,0,0
11179,2016,2,2,1,0,0,0,0,0,0,0
11200,2019,3,3,0,0,0,0,0,0,1,0
11204,2016,1,1,0,0,0,0,0,0,0,0
11204,2019,1,1,0,0,0,0,0,0,0,0
11239,2016,3,3,0,0,0,0,0,0,2,0
11239,2018,3,3,2,0,0,1,0,0,0,0
11251,2016,6,6,2,0,0,0,0,0,2,0
11310,2019,1,1,0,0,0,0,0,0,1,0
11325,2015,1,1,0,0,0,0,0,0,0,0
11325,2016,2,2,0,0,0,0,0,0,0,0
11325,2017,1,1,0,0,0,0,0,0,0,0
11330,2014,4,4,0,0,0,0,0,0,0,0
11330,2019,3,3,0,0,0,0,0,0,0,0
11354,2018,1,1,0,0,0,0,0,0,1,0
11378,2012,1,1,0,0,0,0,0,0,0,0
11396,2015,1,0,0,0,0,0,1,0,0,0
11460,2014,1,1,0,0,0,0,0,0,1,0
11464,2013,3,3,0,0,0,0,0,0,0,0
11464,2016,1,1,0,0,0,0,0,0,1,0
11465,2019,3,3,0,0,0,0,0,0,2,0
11484,2013,3,3,0,0,0,0,0,0,1,0
11484,2014,4,4,2,0,0,0,0,0,0,0
11484,2016,5,5,2,0,0,1,0,0,1,0
11484,2018,3,3,0,0,0,0,0,0,1,0
11516,2016,2,2,1,1,0,0,0,0,0,0
11524,2014,3,3,1,0,0,0,0,0,0,0
11524,2018,3,3,0,0,0,0,0,0,1,0
11524,2019,1,1,1,0,0,0,0,0,0,0
11541,2013,2,2,0,0,0,0,0,0,0,0
11543,2017,1,1,0,0,0,0,0,0,0,0
11564,2019,2,0,0,0,0,0,0,2,0,0
11590,2014,1,1,0,0,0,0,0,0,0,0
11590,2018,1,1,1,0,0,0,0,0,0,0
11590,2019,4,4,1,0,0,0,0,0,0,0
11602,2019,3,2,0,0,0,0,0,0,0,0
11608,2014,3,2,0,0,0,0,1,0,0,0
11608,2016,4,3,0,0,0,0,0,0,1,1
11608,2018,3,3,0,0,0,0,0,0,0,0
11644,2014,2,2,1,0,0,0,0,0,1,0
11650,2019,5,5,2,0,0,1,0,0,2,0
11663,2013,2,2,0,0,0,0,0,0,1,0
11663,2014,2,2,0,0,0,0,0,0,2,0
11663,2015,1,1,1,0,0,1,0,0,0,0
11686,2017,2,2,0,0,0,0,0,0,1,0
11706,2017,2,1,0,0,0,0,1,0,0,0
11709,2019,1,1,0,0,0,0,0,0,0,0
11713,2016,3,3,0,0,0,0,0,0,0,0
11773,2013,5,4,2,1,0,0,0,0,0,0
11773,2014,6,6,2,0,0,0,0,0,0,0
11814,2018,1,1,0,0,0,0,0,0,0,0
11814,2019,1,1,0,0,0,0,0,0,1,0
11824,2015,1,0,0,0,0,0,1,0,0,0
11826,2018,1,1,0,0,0,0,0,0,0,0
11829,2014,6,5,0,0,0,0,1,0,1,0
11829,2015,2,2,0,0,0,0,0,0,0,0
11829,2016,5,4,0,0,0,0,1,0,1,0
11831,2013,2,2,0,0,0,0,0,0,1,0
11831,2014,1,1,0,0,0,0,0,0,1,0
11839,2019,2,2,1,1,0,0,0,0,0,0
11841,2013,4,3,1,0,0,0,1,0,1,0
11841,2014,3,3,0,0,0,0,0,0,0,0
11841,2016,7,7,1,0,0,0,0,0,3,0
11862,2012,1,1,1,0,0,0,0,0,0,0
11863,2013,2,1,0,0,0,0,1,0,0,0
11893,2017,1,1,0,0,0,0,0,0,0,0
11904,2015,3,2,1,0,0,0,1,0,0,0
11904,2016,3,2,0,0,0,0,1,0,1,0
11904,2017,1,0,0,0,0,0,1,0,0,0
11942,2013,3,3,1,0,0,0,0,0,1,0
11949,2011,1,1,1,0,0,0,0,0,0,0
11982,2014,1,1,1,0,1,0,0,0,0,0
11982,2015,3,3,0,0,0,0,0,0,0,0
12023,2013,3,2,1,1,0,0,1,0,1,0
12046,2014,2,2,0,0,0,0,0,0,1,0
12046,2015,1,1,0,0,0,0,0,0,0,0
12046,2018,1,0,0,0,0,0,1,0,0,0
12085,2013,1,1,0,0,0,0,0,0,0,0
12095,2012,2,2,0,0,0,0,0,0,1,0
12095,2013,5,5,1,0,0,0,0,0,2,0
12095,2014,10,9,1,1,0,0,1,0,5,0
12100,2014,1,1,0,0,0,0,0,0,0,0
12100,2015,1,1,1,0,0,0,0,0,0,0
12103,2019,1,1,0,0,0,0,0,0,1,0
12105,2014,1,1,0,0,0,0,0,0,0,0
12109,2019,2,1,0,0,0,0,1,0,0,0
12182,2011,1,1,0,0,0,0,0,0,0,0
12186,2014,3,3,1,0,0,0,0,0,0,0
12195,2012,2,2,2,1,1,0,0,0,0,0
12201,2014,2,2,1,0,0,0,0,0,0,0
12271,2013,1,1,1,0,0,0,0,0,0,0
12271,2014,3,3,0,0,0,0,0,0,1,0
12271,2016,1,1,0,0,0,0,0,0,0,0
12321,2013,11,11,3,0,0,0,0,0,1,0
12354,2018,3,3,0,0,0,0,0,0,0,0
12355,2017,1,1,1,1,0,0,0,0,0,0
12361,2013,2,1,1,0,0,0,1,0,0,0
12361,2016,1,1,0,0,0,0,0,0,1,0
12369,2013,10,10,1,0,0,0,0,0,2,0
12369,2015,3,3,1,0,0,0,0,0,0,0
12382,2013,1,1,0,0,0,0,0,0,0,0
12382,2016,3,3,2,0,0,0,0,0,0,0
12399,2016,5,3,0,0,0,0,2,0,1,0
12416,2019,1,1,0,0,0,0,0,0,1,0
12472,2014,4,4,0,0,0,0,0,0,2,0
12476,2016,1,1,1,0,0,0,0,0,0,0
12502,2016,1,1,0,0,0,0,0,0,1,0
12508,2018,1,1,0,0,0,0,0,0,0,0
12510,2013,2,2,1,0,0,0,0,0,0,0
12510,2016,2,2,0,0,0,0,0,0,0,0
12516,2014,2,2,0,0,0,0,0,0,1,0
12526,2013,1,1,0,0,0,0,0,0,1,0
12532,2018,2,2,1,0,0,1,0,0,0,0
12536,2015,3,3,1,0,0,0,0,0,1,0
12536,2018,3,2,0,0,0,0,1,0,0,0
12537,2013,4,4,2,2,0,0,0,0,0,0
12561,2019,3,3,0,0,0,0,0,0,0,0
12567,2016,1,1,0,0,0,0,0,0,1,0
12576,2019,2,2,2,0,0,0,0,0,0,0
12597,2014,3,3,2,0,0,0,0,0,0,0
12597,2016,1,1,0,0,0,0,0,0,1,0
12656,2016,1,0,0,0,0,0,0,0,0,0
12656,2017,1,1,0,0,0,0,0,0,0,0
12663,2019,2,1,1,0,0,1,1,0,0,0
