68,2001,2,2,0,0,0,0,0,0,1,0
280,2000,2,1,0,0,0,0,0,0,0,0
280,2001,2,2,0,0,0,0,0,0,0,0
845,2000,2,2,0,0,0,0,0,0,2,0
846,2000,1,1,0,0,0,0,0,0,0,0
2351,2000,2,2,0,0,0,0,0,0,0,0
2640,2001,2,2,0,0,0,0,0,0,0,0
2663,2001,4,3,0,0,0,0,1,0,1,0
4161,2001,1,1,0,0,0,0,0,0,0,0
4282,2001,1,1,0,0,0,0,0,0,1,0
5588,2001,2,2,0,0,0,0,0,0,1,0
5613,2000,2,2,0,0,0,0,0,0,1,0
5613,2001,2,0,0,0,0,0,0,0,0,0
6414,2000,3,3,0,0,0,0,0,0,2,0
6730,2001,1,1,0,0,0,0,0,0,0,0
6921,2001,1,1,0,0,0,0,0,0,0,0
7824,2001,2,2,0,0,0,0,0,0,0,0
8420,2000,1,1,0,0,0,0,0,0,1,0
9614,2001,1,0,0,0,0,0,0,0,0,0
10002,2001,2,2,0,0,0,0,0,0,1,0
10029,2001,1,1,0,0,0,0,0,0,1,0
10661,2000,1,1,0,0,0,0,0,0,0,0
11192,2001,2,0,0,0,0,0,1,0,0,0
11285,2001,1,1,0,0,0,0,0,0,1,0
12358,2001,2,2,0,0,0,0,0,0,2,0
12492,2001,1,1,0,0,0,0,0,0,1,0
