3,1984,2,2,0,0,0,0,0,0,0,0
3,1985,3,3,1,0,0,0,0,0,0,0
3,1986,1,1,1,0,0,0,0,0,0,0
3,1987,2,1,0,0,0,0,1,0,0,0
3,1988,2,1,1,1,0,0,1,0,0,0
8,1983,3,3,1,1,0,0,0,0,1,0
8,1984,2,2,1,0,0,1,0,0,0,0
9,1989,3,2,0,0,0,0,1,0,0,0
9,1990,6,4,0,0,0,0,1,0,0,0
9,1991,8,8,3,1,0,0,0,0,1,0
9,1992,3,3,0,0,0,0,0,0,0,0
13,1991,1,0,0,0,0,0,1,0,0,0
36,1983,2,1,0,0,0,0,1,0,0,0
36,1984,1,1,1,0,0,0,0,0,0,0
36,1985,3,3,3,1,0,0,0,0,0,0
36,1989,4,3,0,0,0,0,1,0,1,0
36,1990,3,3,2,1,0,0,0,0,0,0
36,1991,3,3,1,0,0,0,0,0,0,0
90,1984,3,2,0,0,0,0,0,0,0,0
90,1985,5,5,0,0,0,0,0,0,0,0
98,1990,3,3,1,0,0,0,0,0,1,0
98,1991,2,2,0,0,0,0,0,0,1,0
98,1992,3,3,0,0,0,0,0,0,1,0
98,1993,1,1,0,0,0,0,0,0,0,0
132,1987,3,3,0,0,0,0,0,0,0,0
134,1991,4,4,0,0,0,0,0,0,0,0
134,1992,2,2,0,0,0,0,0,0,0,0
138,1983,4,4,2,1,0,1,0,0,0,0
138,1984,8,8,2,1,0,1,0,0,1,0
138,1985,11,9,4,3,0,0,2,0,0,0
138,1986,4,4,2,0,0,1,0,0,1,0
138,1987,6,6,2,0,0,0,0,0,0,0
138,1988,4,4,1,0,0,0,0,0,0,0
138,1989,7,6,0,0,0,0,1,0,1,0
139,1991,4,4,1,0,0,0,0,0,0,0
176,1988,1,0,0,0,0,0,1,0,0,0
183,1991,1,1,1,1,0,0,0,0,0,0
239,1991,1,1,1,0,0,0,0,0,0,0
239,1992,2,1,0,0,0,0,1,0,0,0
259,1986,7,5,1,1,0,0,2,0,0,0
259,1987,1,1,0,0,0,0,0,0,0,0
259,1989,8,6,2,0,0,1,2,0,0,0
259,1990,8,8,1,0,0,0,0,0,1,0
259,1991,5,5,1,0,0,0,0,0,0,0
286,1990,1,1,0,0,0,0,0,0,0,0
314,1986,2,1,1,0,0,1,1,0,0,0
330,1983,2,1,0,0,0,0,1,0,1,0
330,1984,4,3,1,0,0,1,1,0,0,0
333,1989,3,2,0,0,0,0,1,0,0,0
333,1990,7,5,0,0,0,0,2,0,1,0
333,1991,10,9,0,0,0,0,1,0,0,0
333,1992,6,6,2,0,0,1,0,0,1,0
333,1993,4,4,0,0,0,0,0,0,0,0
337,1986,2,2,0,0,0,0,0,0,0,0
337,1988,2,2,2,1,0,0,0,0,0,0
337,1989,7,7,4,1,0,0,0,0,1,0
337,1990,1,1,1,0,0,0,0,0,0,0
337,1991,3,2,0,0,0,0,1,0,0,0
337,1992,6,6,1,0,0,0,0,0,0,0
367,1992,3,2,0,0,0,0,1,0,0,0
368,1983,4,4,0,0,0,0,0,0,0,0
368,1984,1,1,0,0,0,0,0,0,1,0
374,1987,1,1,1,0,0,0,0,0,0,0
375,1989,1,1,1,0,0,0,0,0,0,0
418,1983,2,2,1,0,0,0,0,0,1,0
418,1984,2,1,1,1,0,0,0,0,0,1
418,1985,3,2,1,0,0,0,1,0,0,0
418,1986,3,1,1,0,0,0,2,0,0,0
418,1987,4,4,1,0,0,1,0,0,0,0
418,1988,2,2,1,1,0,0,0,0,0,0
428,1988,6,5,2,0,0,0,1,0,0,0
428,1989,5,5,1,0,0,0,0,0,0,0
428,1991,6,5,0,0,0,0,1,0,0,0
430,1983,3,3,1,1,0,0,0,0,0,0
437,1991,1,1,0,0,0,0,0,0,0,0
437,1992,1,1,1,1,0,0,0,0,0,0
501,1983,1,1,0,0,0,0,0,0,0,0
506,1986,4,4,3,1,0,0,0,0,0,0
506,1987,5,4,1,0,0,0,1,0,1,0
506,1988,5,3,1,0,0,0,2,0,1,0
506,1990,2,2,0,0,0,0,0,0,1,0
506,1991,6,6,0,0,0,0,0,0,0,0
506,1992,2,2,1,1,0,0,0,0,0,0
510,1983,2,2,0,0,0,0,0,0,0,0
510,1984,4,4,2,0,0,0,0,0,0,0
510,1986,1,1,0,0,0,0,0,0,0,0
529,1982,5,4,0,0,0,0,1,0,0,0
529,1983,3,3,0,0,0,0,0,0,1,0
552,1988,3,3,2,0,0,1,0,0,0,0
552,1989,9,9,2,0,0,0,0,0,0,0
552,1990,6,6,0,0,0,0,0,0,1,0
552,1991,3,3,0,0,0,0,0,0,0,0
569,1986,6,4,1,0,0,0,2,0,1,0
569,1988,5,4,2,1,0,0,1,0,0,0
569,1989,4,4,0,0,0,0,0,0,0,0
569,1993,1,1,0,0,0,0,0,0,0,0
571,1992,3,3,2,0,0,0,0,0,0,0
571,1993,3,3,0,0,0,0,0,0,1,0
575,1982,4,1,1,0,0,1,3,0,0,0
575,1983,7,4,1,0,0,0,3,0,0,0
575,1984,9,7,1,1,0,0,2,0,0,0
575,1985,2,2,0,0,0,0,0,0,2,0
575,1986,2,2,1,0,0,0,0,0,0,0
575,1987,8,7,4,1,0,0,1,0,0,0
575,1988,9,9,3,0,0,0,0,0,1,0
575,1989,3,3,1,1,0,0,0,0,0,0
575,1992,1,1,1,0,0,1,0,0,0,0
597,1990,3,2,0,0,0,0,1,0,0,0
597,1991,4,4,0,0,0,0,0,0,0,0
605,1985,1,1,1,0,0,0,0,0,0,0
607,1983,9,9,3,0,0,0,0,0,1,0
638,1983,2,2,1,0,1,0,0,0,0,0
638,1984,10,10,4,0,0,0,0,0,1,0
723,1988,6,6,2,0,0,0,0,0,0,0
723,1989,3,3,0,0,0,0,0,0,0,0
741,1982,2,1,0,0,0,0,0,0,0,1
741,1983,1,1,1,0,0,0,0,0,0,0
741,1984,2,2,0,0,0,0,0,0,0,0
750,1983,11,10,2,0,0,0,1,0,1,0
750,1984,11,10,3,0,0,0,1,0,1,0
750,1986,3,3,1,0,1,0,0,0,0,0
761,1985,4,4,1,0,0,1,0,0,0,0
775,1991,4,3,0,0,0,0,1,0,0,0
780,1984,2,2,0,0,0,0,0,0,0,0
871,1983,2,2,0,0,0,0,0,0,1,0
871,1984,4,3,0,0,0,0,1,0,1,0
871,1987,9,7,4,1,0,0,2,0,1,0
871,1988,5,3,1,0,0,1,2,0,0,0
871,1989,5,3,1,0,0,0,2,0,0,0
871,1990,1,1,0,0,0,0,0,0,0,0
871,1992,1,0,0,0,0,0,0,0,0,1
917,1985,2,2,1,1,0,0,0,0,1,0
917,1986,1,0,0,0,0,0,1,0,0,0
949,1993,3,3,0,0,0,0,0,0,0,0
965,1983,1,1,1,0,0,0,0,0,0,0
971,1987,3,3,1,1,0,0,0,0,0,0
971,1988,6,5,1,0,0,0,1,0,1,0
971,1989,3,1,1,0,0,0,1,0,0,1
972,1985,6,4,2,1,0,0,2,0,0,0
976,1990,1,1,0,0,0,0,0,0,0,0
976,1991,2,2,0,0,0,0,0,0,1,0
977,1988,2,1,0,0,0,0,0,0,0,1
981,1983,2,2,0,0,0,0,0,0,0,0
981,1984,10,10,3,1,0,0,0,0,0,0
981,1985,10,10,4,1,0,0,0,0,1,0
981,1986,3,3,0,0,0,0,0,0,0,0
981,1987,7,7,2,0,0,0,0,0,1,0
981,1988,4,3,1,0,0,0,1,0,2,0
981,1990,3,3,0,0,0,0,0,0,0,0
998,1990,3,3,1,0,0,1,0,0,1,0
1047,1983,1,1,1,1,0,0,0,0,0,0
1050,1983,5,4,0,0,0,0,1,0,0,0
1050,1984,7,6,1,0,0,1,1,0,0,0
1050,1985,21,21,4,2,0,0,0,0,1,0
1050,1986,7,4,3,0,0,1,3,0,0,0
1050,1987,5,4,2,0,0,1,1,0,1,0
1050,1988,9,7,2,0,0,0,1,0,0,1
1050,1989,10,8,2,0,0,0,1,0,0,1
1050,1990,2,2,1,1,0,0,0,0,0,0
1050,1992,1,1,0,0,0,0,0,0,0,0
1059,1989,2,2,1,0,0,0,0,0,0,0
1061,1983,5,5,0,0,0,0,0,0,0,0
1061,1984,10,10,1,0,0,0,0,0,0,0
1061,1985,6,5,1,0,0,0,1,0,1,0
1061,1986,7,4,3,0,1,0,3,0,0,0
1061,1987,14,14,3,1,0,0,0,0,1,0
1061,1988,8,6,3,0,0,0,2,0,0,0
1061,1989,9,8,0,0,0,0,1,0,0,0
1061,1990,10,9,3,0,0,0,0,0,0,1
1061,1991,5,4,3,0,1,0,1,0,0,0
1061,1992,4,4,1,0,0,0,0,0,0,0
1061,1993,2,1,1,0,0,0,1,0,0,0
1065,1993,1,1,0,0,0,0,0,0,0,0
1075,1991,3,3,0,0,0,0,0,0,0,0
1091,1987,1,0,0,0,0,0,1,0,0,0
1091,1988,2,2,0,0,0,0,0,0,1,0
1091,1989,4,4,1,1,0,0,0,0,0,0
1091,1990,4,3,0,0,0,0,1,0,0,0
1091,1991,1,1,0,0,0,0,0,0,0,0
1091,1992,1,0,0,0,0,0,1,0,0,0
1091,1993,2,2,0,0,0,0,0,0,0,0
1097,1992,3,3,1,0,0,0,0,0,0,0
1130,1982,2,2,0,0,0,0,0,0,0,0
1130,1985,4,4,1,0,0,0,0,0,0,0
1130,1986,2,2,1,0,0,1,0,0,1,0
1130,1987,3,2,0,0,0,0,1,0,0,0
1132,1982,2,2,0,0,0,0,0,0,0,0
1146,1986,2,2,1,1,0,0,0,0,0,0
1146,1987,3,2,1,0,0,0,1,0,0,0
1146,1988,10,8,4,1,0,0,2,0,0,0
1146,1989,15,14,2,0,0,0,1,0,2,0
1146,1990,3,2,0,0,0,0,1,0,0,0
1146,1991,3,3,2,0,0,0,0,0,0,0
1146,1992,9,8,1,0,0,0,0,0,0,1
1163,1991,1,1,1,0,0,0,0,0,0,0
1205,1983,3,2,0,0,0,0,1,0,0,0
1205,1984,7,6,2,0,0,0,1,0,1,0
1205,1985,7,7,2,1,0,0,0,0,1,0
1205,1986,11,10,2,0,0,0,1,0,2,0
1205,1988,8,7,5,1,0,3,0,0,0,1
1205,1989,5,3,1,1,0,0,2,0,0,0
1205,1991,2,2,1,0,0,0,0,0,0,0
1286,1983,2,2,0,0,0,0,0,0,0,0
1294,1993,1,1,1,0,0,0,0,0,0,0
1353,1993,3,2,0,0,0,0,0,0,1,1
1381,1983,1,1,0,0,0,0,0,0,0,0
1406,1989,3,3,1,0,0,0,0,0,0,0
1406,1991,6,5,2,1,0,0,1,0,2,0
1406,1992,8,8,0,0,0,0,0,0,0,0
1406,1993,4,3,1,0,0,0,1,0,0,0
1414,1983,3,3,0,0,0,0,0,0,1,0
1414,1984,3,3,0,0,0,0,0,0,0,0
1414,1986,1,0,0,0,0,0,1,0,0,0
1425,1983,4,4,0,0,0,0,0,0,2,0
1462,1982,1,1,0,0,0,0,0,0,0,0
1503,1987,4,3,0,0,0,0,1,0,1,0
1503,1988,1,1,1,0,0,0,0,0,0,0
1503,1989,3,2,1,0,0,1,1,0,0,0
1539,1983,3,3,1,0,0,0,0,0,1,0
1559,1983,4,4,0,0,0,0,0,0,0,0
1559,1984,2,2,0,0,0,0,0,0,0,0
1559,1985,8,7,0,0,0,0,0,0,0,1
1569,1988,7,4,1,0,0,0,2,0,0,1
1569,1991,1,1,0,0,0,0,0,0,0,0
1569,1992,3,3,0,0,0,0,0,0,1,0
1569,1993,5,4,1,0,0,1,1,0,1,0
1577,1984,6,6,4,1,0,1,0,0,1,0
1577,1985,3,3,0,0,0,0,0,0,0,0
1577,1987,3,2,2,0,1,0,0,0,0,1
1581,1985,2,1,0,0,0,0,0,0,0,1
1605,1984,7,5,0,0,0,0,1,0,0,1
1605,1985,6,5,1,0,0,1,1,0,0,0
1605,1986,5,5,2,0,0,0,0,0,0,0
1637,1984,2,2,0,0,0,0,0,0,0,0
1663,1987,2,1,0,0,0,0,1,0,0,0
1663,1988,5,5,0,0,0,0,0,0,1,0
1663,1989,6,6,1,1,0,0,0,0,1,0
1663,1990,1,0,0,0,0,0,1,0,0,0
1663,1991,6,6,3,1,0,0,0,0,1,0
1663,1992,4,4,0,0,0,0,0,0,0,0
1674,1983,11,11,5,0,0,0,0,0,2,0
1674,1984,5,4,0,0,0,0,0,0,1,1
1683,1983,1,0,0,0,0,0,0,0,0,1
1694,1984,3,3,1,0,0,0,0,0,0,0
1694,1986,2,2,2,0,0,0,0,0,0,0
1708,1986,1,1,0,0,0,0,0,0,0,0
1717,1990,2,2,0,0,0,0,0,0,0,0
1727,1987,3,3,1,0,0,0,0,0,1,0
1727,1988,5,2,1,0,0,0,3,0,0,0
1741,1985,3,3,0,0,0,0,0,0,1,0
1741,1986,3,3,0,0,0,0,0,0,2,0
1741,1987,3,3,2,0,0,0,0,0,1,0
1741,1988,4,4,1,0,0,0,0,0,0,0
1741,1989,4,4,1,0,0,0,0,0,1,0
1741,1990,1,0,0,0,0,0,0,0,0,1
1743,1986,8,5,1,0,0,0,3,0,1,0
1743,1987,4,3,1,0,0,0,1,0,0,0
1743,1988,7,5,2,0,0,1,2,0,0,0
1743,1990,6,6,2,0,0,0,0,0,0,0
1743,1991,9,9,1,1,0,0,0,0,0,0
1797,1987,5,4,3,0,0,1,1,0,0,0
1851,1986,1,1,0,0,0,0,0,0,0,0
1851,1989,4,4,1,0,0,0,0,0,2,0
1851,1990,2,2,2,0,0,1,0,0,0,0
1851,1991,3,3,2,0,0,1,0,0,0,0
1865,1991,4,4,0,0,0,0,0,0,1,0
1913,1982,4,4,0,0,0,0,0,0,0,0
1913,1983,3,2,0,0,0,0,1,0,2,0
1921,1988,1,1,0,0,0,0,0,0,1,0
1932,1983,2,2,1,0,0,0,0,0,0,0
1932,1984,3,2,1,0,0,1,1,0,0,0
1932,1985,2,1,0,0,0,0,1,0,0,0
1932,1986,2,2,1,0,0,1,0,0,0,0
1960,1986,4,4,2,0,0,0,0,0,1,0
1960,1987,7,7,3,2,0,0,0,0,1,0
1960,1988,8,7,0,0,0,0,1,0,2,0
1960,1989,1,1,1,0,0,1,0,0,0,0
1960,1991,5,4,2,2,0,0,1,0,0,0
2041,1991,2,1,1,1,0,0,1,0,0,0
2096,1983,13,11,3,1,0,0,2,0,0,0
2096,1984,8,8,1,0,0,0,0,0,1,0
2096,1986,4,3,2,0,0,0,1,0,0,0
2096,1987,12,11,2,0,0,0,1,0,3,0
2096,1988,4,4,3,0,0,1,0,0,0,0
2099,1983,4,3,1,0,0,0,1,0,0,0
2099,1986,2,1,0,0,0,0,1,0,0,0
2121,1987,2,2,1,0,0,0,0,0,0,0
2122,1988,5,4,2,0,0,0,1,0,0,0
2136,1983,3,3,2,0,0,0,0,0,0,0
2136,1984,2,1,1,0,0,0,1,0,0,0
2136,1985,1,1,1,0,0,0,0,0,0,0
2136,1986,2,1,0,0,0,0,1,0,0,0
2136,1987,4,4,2,1,0,1,0,0,1,0
2145,1987,4,3,2,1,0,0,1,0,1,0
2145,1988,1,0,0,0,0,0,0,0,0,1
2145,1992,1,0,0,0,0,0,0,0,0,0
2147,1984,3,1,0,0,0,0,2,0,0,0
2147,1986,8,6,1,0,0,0,2,0,1,0
2147,1987,11,10,7,1,0,0,1,0,0,0
2147,1988,7,7,4,2,0,0,0,0,0,0
2147,1989,11,9,3,0,0,0,2,0,0,0
2147,1991,8,8,0,0,0,0,0,0,2,0
2147,1992,10,10,2,1,0,1,0,0,2,0
2147,1993,3,3,0,0,0,0,0,0,0,0
2156,1985,5,4,2,1,0,0,1,0,0,0
2156,1988,1,0,0,0,0,0,1,0,0,0
2168,1986,3,3,1,0,0,1,0,0,0,0
2168,1989,2,2,1,0,0,1,0,0,0,0
2176,1985,7,7,1,0,0,1,0,0,1,0
2176,1986,1,1,1,1,0,0,0,0,0,0
2180,1983,5,5,1,0,0,0,0,0,0,0
2180,1984,2,1,1,0,0,0,1,0,0,0
2180,1985,11,11,3,0,0,1,0,0,1,0
2180,1986,5,5,2,0,0,0,0,0,0,0
2180,1988,3,3,2,1,0,1,0,0,0,0
2180,1990,3,0,0,0,0,0,3,0,0,0
2251,1984,5,4,0,0,0,0,1,0,0,0
2255,1989,1,1,1,0,0,0,0,0,0,0
2261,1986,1,1,1,0,0,0,0,0,0,0
2261,1993,4,4,0,0,0,0,0,0,1,0
2276,1983,5,4,0,0,0,0,1,0,2,0
2276,1984,3,3,0,0,0,0,0,0,1,0
2276,1985,5,4,0,0,0,0,1,0,1,0
2297,1988,1,1,0,0,0,0,0,0,0,0
2309,1982,1,1,0,0,0,0,0,0,0,0
2309,1985,1,1,0,0,0,0,0,0,0,0
2321,1983,2,2,0,0,0,0,0,0,0,0
2321,1984,1,1,1,0,0,0,0,0,0,0
2321,1985,2,0,0,0,0,0,2,0,0,0
2321,1986,1,1,1,0,0,0,0,0,0,0
2324,1988,1,1,0,0,0,0,0,0,0,0
2324,1990,1,1,0,0,0,0,0,0,0,0
2362,1989,1,1,0,0,0,0,0,0,0,0
2402,1984,2,2,1,0,0,0,0,0,1,0
2402,1985,1,0,0,0,0,0,1,0,0,0
2402,1986,11,9,3,2,0,0,1,0,2,1
2439,1984,2,2,1,0,0,0,0,0,0,0
2439,1985,5,5,1,1,0,0,0,0,1,0
2439,1986,1,1,0,0,0,0,0,0,0,0
2439,1989,1,0,0,0,0,0,1,0,0,0
2439,1990,3,3,2,1,0,0,0,0,0,0
2439,1991,1,1,0,0,0,0,0,0,0,0
2443,1983,2,1,1,0,0,0,1,0,0,0
2443,1985,3,2,1,0,0,1,1,0,0,0
2453,1987,3,3,1,0,0,0,0,0,0,0
2453,1988,5,5,2,0,0,1,0,0,1,0
2453,1989,3,3,0,0,0,0,0,0,0,0
2453,1990,1,0,0,0,0,0,1,0,0,0
2453,1991,3,3,2,0,0,0,0,0,0,0
2453,1992,2,1,0,0,0,0,1,0,0,0
2453,1993,1,1,0,0,0,0,0,0,0,0
2550,1983,2,1,0,0,0,0,1,0,0,0
2550,1984,1,1,1,0,0,0,0,0,0,0
2579,1991,1,1,0,0,0,0,0,0,1,0
2597,1991,6,6,1,0,0,0,0,0,2,0
2597,1992,6,4,1,1,0,0,2,0,0,0
2597,1993,6,6,2,1,0,1,0,0,1,0
2608,1985,2,2,0,0,0,0,0,0,0,0
2608,1986,8,6,1,0,0,1,2,0,0,0
2608,1991,6,5,3,1,0,0,1,0,0,0
2608,1992,1,0,0,0,0,0,1,0,0,0
2608,1993,5,5,1,0,0,0,0,0,0,0
2651,1985,4,3,2,1,0,0,1,0,0,0
2651,1986,2,1,0,0,0,0,0,0,0,1
2651,1987,3,2,0,0,0,0,1,0,0,0
2652,1987,1,1,1,0,0,0,0,0,0,0
2652,1988,2,1,0,0,0,0,1,0,0,0
2665,1990,3,2,0,0,0,0,0,1,0,0
2665,1991,3,3,1,0,0,0,0,0,2,0
2665,1992,3,3,1,0,0,0,0,0,0,0
2673,1982,1,1,1,0,0,0,0,0,0,0
2673,1983,5,4,0,0,0,0,1,0,0,0
2673,1984,1,1,0,0,0,0,0,0,0,0
2673,1985,1,1,0,0,0,0,0,0,0,0
2673,1986,4,4,1,0,0,1,0,0,2,0
2679,1983,8,8,1,0,0,0,0,0,1,0
2679,1984,10,10,2,0,0,0,0,0,2,0
2679,1985,14,14,4,2,0,0,0,0,2,0
2679,1986,14,14,3,0,0,0,0,0,2,0
2679,1987,5,4,1,0,0,0,1,0,1,0
2679,1988,10,10,3,1,0,0,0,0,1,0
2679,1989,9,7,2,2,0,0,2,0,0,0
2679,1990,7,5,1,0,0,1,2,0,0,0
2679,1991,2,1,1,0,0,1,0,0,0,1
2679,1992,2,2,0,0,0,0,0,0,0,0
2679,1993,1,1,0,0,0,0,0,0,0,0
2680,1986,3,3,2,0,0,1,0,0,0,0
2694,1986,4,3,0,0,0,0,1,0,1,0
2694,1989,1,1,0,0,0,0,0,0,0,0
2702,1993,1,0,0,0,0,0,1,0,0,0
2767,1986,2,2,2,1,0,1,0,0,0,0
2942,1993,1,1,0,0,0,0,0,0,0,0
2950,1985,4,4,2,1,0,0,0,0,0,0
2950,1986,1,0,0,0,0,0,1,0,0,0
2950,1987,9,9,2,1,0,0,0,0,0,0
2964,1992,3,2,0,0,0,0,1,0,0,0
2964,1993,2,2,1,0,0,0,0,0,0,0
2988,1992,2,2,0,0,0,0,0,0,1,0
2988,1993,4,2,1,0,0,0,2,0,0,0
2997,1982,4,4,0,0,0,0,0,0,0,0
2997,1983,12,10,3,0,0,0,2,0,1,0
2997,1984,16,12,4,1,1,0,4,0,0,0
2997,1985,3,3,0,0,0,0,0,0,0,0
2997,1986,6,6,3,1,0,0,0,0,1,0
2997,1987,12,11,4,2,0,0,1,0,0,0
2997,1988,6,6,1,0,0,0,0,0,0,0
2997,1989,1,1,1,0,0,0,0,0,0,0
3014,1992,4,4,0,0,0,0,0,0,0,0
3014,1993,4,3,0,0,0,0,1,0,0,0
3028,1986,5,4,0,0,0,0,1,0,1,0
3038,1991,1,1,1,0,0,1,0,0,0,0
3040,1991,2,1,0,0,0,0,1,0,0,0
3056,1990,2,2,0,0,0,0,0,0,0,0
3149,1989,2,1,1,0,0,0,1,0,0,0
3164,1983,3,2,0,0,0,0,1,0,2,0
3164,1984,4,2,0,0,0,0,2,0,0,0
3164,1985,5,4,0,0,0,0,1,0,1,0
3173,1983,11,10,2,0,0,1,1,0,0,0
3173,1984,4,4,2,0,0,1,0,0,0,0
3173,1987,1,1,0,0,0,0,0,0,0,0
3173,1988,3,3,0,0,0,0,0,0,2,0
3173,1989,1,1,0,0,0,0,0,0,0,0
3173,1990,1,1,0,0,0,0,0,0,1,0
3173,1991,1,1,0,0,0,0,0,0,0,0
3173,1992,5,5,2,1,0,0,0,0,0,0
3173,1993,1,1,0,0,0,0,0,0,0,0
3183,1990,3,3,1,1,0,0,0,0,0,0
3183,1992,2,2,1,0,0,0,0,0,0,0
3202,1990,1,1,0,0,0,0,0,0,0,0
3211,1991,1,1,0,0,0,0,0,0,1,0
3213,1983,2,2,0,0,0,0,0,0,0,0
3214,1986,4,3,0,0,0,0,1,0,0,0
3214,1987,3,3,1,0,0,1,0,0,0,0
3214,1988,3,3,1,0,0,0,0,0,0,0
3214,1990,2,2,1,1,0,0,0,0,0,0
3214,1992,1,1,0,0,0,0,0,0,0,0
3214,1993,2,2,1,0,0,0,0,0,0,0
3216,1991,2,2,0,0,0,0,0,0,0,0
3229,1992,3,3,1,1,0,0,0,0,0,0
3229,1993,6,5,1,0,0,0,1,0,2,0
3254,1988,3,3,0,0,0,0,0,0,0,0
3296,1991,12,12,2,0,0,1,0,0,1,0
3296,1992,3,3,0,0,0,0,0,0,0,0
3296,1993,6,4,2,0,0,0,1,0,0,1
3354,1985,3,3,0,0,0,0,0,0,1,0
3390,1985,1,0,0,0,0,0,1,0,0,0
3413,1988,10,9,3,0,0,0,1,0,1,0
3417,1984,4,4,1,0,0,0,0,0,1,0
3417,1985,2,2,2,1,1,0,0,0,0,0
3417,1986,5,5,2,0,0,0,0,0,1,0
3417,1987,3,2,0,0,0,0,1,0,0,0
3417,1988,3,3,0,0,0,0,0,0,1,0
3417,1989,2,1,0,0,0,0,1,0,0,0
3417,1990,4,4,0,0,0,0,0,0,0,0
3417,1992,1,0,0,0,0,0,1,0,0,0
3417,1993,1,1,0,0,0,0,0,0,0,0
3455,1991,6,5,1,0,0,0,1,0,0,0
3455,1992,4,4,1,0,0,0,0,0,0,0
3455,1993,8,8,4,1,0,0,0,0,1,0
3482,1990,3,3,1,0,0,0,0,0,0,0
3482,1991,1,1,1,0,0,0,0,0,0,0
3482,1992,1,0,0,0,0,0,1,0,0,0
3482,1993,2,2,1,0,0,1,0,0,0,0
3513,1985,3,3,1,0,0,0,0,0,0,0
3513,1988,1,1,0,0,0,0,0,0,0,0
3513,1989,3,2,1,0,0,0,1,0,1,0
3515,1983,3,2,1,0,0,0,1,0,1,0
3515,1984,1,1,0,0,0,0,0,0,0,0
3515,1985,4,4,1,0,0,0,0,0,0,0
3518,1984,1,1,0,0,0,0,0,0,0,0
3518,1985,3,2,0,0,0,0,1,0,1,0
3519,1986,1,1,0,0,0,0,0,0,0,0
3519,1987,2,2,1,0,0,0,0,0,1,0
3519,1989,4,3,0,0,0,0,1,0,0,0
3519,1990,8,6,2,0,0,0,2,0,0,0
3519,1991,9,7,3,2,0,0,2,0,1,0
3527,1992,1,1,1,1,0,0,0,0,0,0
3534,1985,1,1,0,0,0,0,0,0,0,0
3534,1986,3,3,1,0,0,0,0,0,1,0
3560,1983,4,4,0,0,0,0,0,0,2,0
3560,1984,7,6,2,0,0,0,1,0,0,0
3560,1985,4,4,1,0,0,0,0,0,1,0
3560,1986,1,1,0,0,0,0,0,0,0,0
3560,1987,4,4,0,0,0,0,0,0,1,0
3560,1988,6,6,1,0,0,0,0,0,1,0
3560,1989,1,1,0,0,0,0,0,0,0,0
3560,1991,7,7,1,0,0,0,0,0,0,0
3560,1992,2,1,0,0,0,0,1,0,0,0
3611,1983,5,5,1,1,0,0,0,0,0,0
3611,1984,8,5,2,0,0,1,3,0,0,0
3611,1986,1,1,0,0,0,0,0,0,0,0
3635,1982,3,3,1,1,0,0,0,0,0,0
3635,1983,5,5,1,0,0,0,0,0,2,0
3638,1986,2,2,2,1,0,0,0,0,0,0
3647,1989,2,2,0,0,0,0,0,0,1,0
3647,1991,1,1,0,0,0,0,0,0,1,0
3647,1992,5,5,2,1,0,0,0,0,1,0
3647,1993,1,1,0,0,0,0,0,0,1,0
3704,1987,7,7,0,0,0,0,0,0,3,0
3704,1988,3,3,1,0,0,0,0,0,0,0
3704,1989,3,3,0,0,0,0,0,0,0,0
3704,1990,1,1,0,0,0,0,0,0,0,0
3707,1983,3,3,0,0,0,0,0,0,0,0
3707,1986,2,2,0,0,0,0,0,0,0,0
3707,1987,5,3,0,0,0,0,1,0,1,1
3741,1992,1,1,0,0,0,0,0,0,0,0
3741,1993,1,1,1,0,0,0,0,0,0,0
3754,1992,2,2,0,0,0,0,0,0,1,0
3816,1991,3,3,0,0,0,0,0,0,0,0
3852,1988,2,2,0,0,0,0,0,0,0,0
3900,1991,4,4,1,0,0,1,0,0,2,0
3916,1993,7,6,2,1,0,0,1,0,2,0
3917,1991,3,3,0,0,0,0,0,0,1,0
3917,1992,6,5,2,1,0,0,1,0,1,0
3921,1987,4,2,0,0,0,0,2,0,0,0
3921,1988,8,8,2,0,0,0,0,0,1,0
3921,1989,4,4,1,0,0,0,0,0,1,0
3921,1990,3,3,2,0,0,0,0,0,0,0
3978,1983,1,1,0,0,0,0,0,0,1,0
3978,1984,1,1,1,0,0,0,0,0,0,0
4024,1983,3,3,1,1,0,0,0,0,1,0
4024,1984,1,1,1,1,0,0,0,0,0,0
4024,1985,3,2,0,0,0,0,1,0,0,0
4024,1986,1,0,0,0,0,0,1,0,0,0
4030,1988,1,1,0,0,0,0,0,0,0,0
4030,1989,4,4,2,0,0,1,0,0,0,0
4030,1991,5,5,2,0,0,0,0,0,0,0
4030,1993,1,1,0,0,0,0,0,0,0,0
4088,1989,1,1,0,0,0,0,0,0,0,0
4096,1982,1,1,1,0,0,0,0,0,0,0
4096,1984,1,1,1,0,0,0,0,0,0,0
4096,1985,2,1,0,0,0,0,0,0,0,0
4096,1987,5,5,1,0,0,1,0,0,2,0
4096,1988,2,1,0,0,0,0,1,0,0,0
4096,1990,2,2,1,0,0,0,0,0,0,0
4096,1991,4,3,1,0,0,0,1,0,1,0
4122,1993,1,0,0,0,0,0,1,0,0,0
4129,1982,2,2,1,0,0,1,0,0,1,0
4129,1983,2,2,0,0,0,0,0,0,0,0
4168,1988,1,0,0,0,0,0,1,0,0,0
4168,1989,1,1,0,0,0,0,0,0,0,0
4214,1988,1,1,0,0,0,0,0,0,0,0
4219,1989,5,4,1,0,0,0,1,0,0,0
4219,1990,7,5,1,0,0,0,1,1,1,0
4219,1991,7,7,1,1,0,0,0,0,2,0
4219,1993,1,1,0,0,0,0,0,0,0,0
4239,1983,3,3,1,0,0,0,0,0,0,0
4239,1992,1,1,1,0,0,0,0,0,0,0
4242,1983,7,6,2,2,0,0,1,0,1,0
4242,1984,4,3,1,1,0,0,1,0,0,0
4259,1991,2,2,1,0,0,0,0,0,0,0
4259,1992,5,5,4,0,0,0,0,0,0,0
4259,1993,1,0,0,0,0,0,1,0,0,0
4287,1991,1,1,0,0,0,0,0,0,0,0
4358,1987,1,1,0,0,0,0,0,0,0,0
4398,1987,4,3,0,0,0,0,0,0,0,1
4398,1988,2,2,1,0,0,0,0,0,0,0
4398,1989,5,3,2,1,0,0,2,0,1,0
4398,1990,2,1,0,0,0,0,1,0,0,0
4401,1984,4,3,1,0,1,0,1,0,0,0
4401,1985,7,6,2,0,1,0,1,0,0,0
4401,1986,6,5,1,0,0,0,1,0,0,0
4401,1987,13,10,4,1,0,0,3,0,2,0
4401,1988,7,6,0,0,0,0,1,0,0,0
4401,1989,7,5,0,0,0,0,2,0,0,0
4401,1991,2,2,1,0,0,0,0,0,0,0
4401,1993,1,1,0,0,0,0,0,0,0,0
4420,1986,2,2,0,0,0,0,0,0,0,0
4420,1987,3,3,0,0,0,0,0,0,0,0
4420,1988,1,1,0,0,0,0,0,0,0,0
4420,1989,4,3,1,0,0,0,1,0,0,0
4420,1990,2,2,1,0,0,0,0,0,1,0
4420,1991,6,6,1,0,0,0,0,0,0,0
4423,1983,2,2,2,0,0,0,0,0,0,0
4423,1984,9,9,0,0,0,0,0,0,0,0
4423,1985,11,11,4,0,0,0,0,0,2,0
4423,1986,7,7,2,0,0,0,0,0,2,0
4423,1987,3,3,1,0,0,0,0,0,1,0
4423,1988,2,2,1,1,0,0,0,0,0,0
4435,1991,14,12,2,1,0,1,2,0,1,0
4435,1992,15,14,2,0,0,2,1,0,0,0
4438,1983,2,2,1,1,0,0,0,0,0,0
4438,1987,3,3,1,0,0,0,0,0,0,0
4440,1984,6,5,1,0,0,0,1,0,1,0
4450,1990,2,2,0,0,0,0,0,0,0,0
4450,1991,1,1,0,0,0,0,0,0,1,0
4450,1992,2,2,1,0,0,0,0,0,0,0
4450,1993,1,1,0,0,0,0,0,0,0,0
4466,1991,4,4,1,1,0,0,0,0,0,0
4466,1992,8,8,1,0,0,0,0,0,1,0
4468,1991,6,6,2,0,0,0,0,0,0,0
4468,1992,3,3,0,0,0,0,0,0,0,0
4468,1993,2,2,1,1,0,0,0,0,0,0
4484,1983,1,1,0,0,0,0,0,0,0,0
4484,1984,10,10,3,0,0,0,0,0,0,0
4484,1985,9,8,1,0,0,1,1,0,3,0
4484,1986,2,2,0,0,0,0,0,0,0,0
4484,1987,5,5,1,0,0,0,0,0,0,0
4485,1987,3,3,0,0,0,0,0,0,0,0
4485,1988,6,6,2,1,0,0,0,0,0,0
4485,1991,1,1,0,0,0,0,0,0,0,0
4485,1992,2,2,0,0,0,0,0,0,1,0
4485,1993,1,1,0,0,0,0,0,0,0,0
4520,1989,2,0,0,0,0,0,1,1,0,0
4604,1988,2,2,2,2,0,0,0,0,0,0
4604,1989,3,3,0,0,0,0,0,0,0,0
4622,1986,2,2,1,1,0,0,0,0,0,0
4631,1989,4,3,1,0,0,0,1,0,1,0
4631,1990,10,9,2,1,0,0,1,0,1,0
4651,1990,2,2,1,0,0,1,0,0,0,0
4651,1991,3,3,1,0,0,0,0,0,1,0
4651,1992,1,1,0,0,0,0,0,0,0,0
4651,1993,3,3,2,0,0,0,0,0,0,0
4653,1989,1,1,1,0,0,0,0,0,0,0
4671,1990,1,1,0,0,0,0,0,0,0,0
4671,1991,1,1,0,0,0,0,0,0,0,0
4700,1988,4,4,1,0,0,1,0,0,2,0
4700,1989,4,3,0,0,0,0,1,0,2,0
4700,1990,3,3,0,0,0,0,0,0,1,0
4700,1991,5,5,2,0,0,1,0,0,1,0
4700,1992,2,2,1,0,0,1,0,0,0,0
4709,1982,1,1,1,1,0,0,0,0,0,0
4709,1983,1,1,1,0,0,0,0,0,0,0
4727,1983,2,2,1,0,0,0,0,0,0,0
4727,1986,6,4,0,0,0,0,2,0,0,0
4727,1988,2,2,1,0,0,0,0,0,0,0
4729,1989,9,8,2,0,0,0,1,0,0,0
4729,1990,6,5,0,0,0,0,1,0,1,0
4768,1983,6,6,1,1,0,0,0,0,1,0
4768,1984,2,2,0,0,0,0,0,0,0,0
4768,1985,5,4,1,0,0,0,0,0,0,1
4768,1986,1,1,0,0,0,0,0,0,0,0
4768,1992,2,1,0,0,0,0,1,0,0,0
4768,1993,1,0,0,0,0,0,1,0,0,0
4831,1986,2,2,1,0,0,0,0,0,0,0
4831,1987,4,4,0,0,0,0,0,0,1,0
4831,1988,3,3,0,0,0,0,0,0,3,0
4831,1989,3,2,0,0,0,0,0,0,2,1
4831,1990,1,1,0,0,0,0,0,0,0,0
4831,1991,4,3,1,0,0,0,1,0,0,0
4835,1987,2,2,1,0,0,1,0,0,0,0
4835,1988,2,1,0,0,0,0,1,0,1,0
4835,1989,2,1,0,0,0,0,1,0,0,0
4835,1990,2,2,1,1,0,0,0,0,0,0
4835,1992,2,2,0,0,0,0,0,0,0,0
4845,1991,1,1,0,0,0,0,0,0,0,0
4845,1992,3,2,0,0,0,0,0,0,0,1
4845,1993,1,1,0,0,0,0,0,0,0,0
4857,1992,4,4,1,1,0,0,0,0,0,0
4857,1993,2,1,1,0,0,0,1,0,0,0
4920,1992,2,1,0,0,0,0,1,0,0,0
4920,1993,1,1,1,0,0,0,0,0,0,0
4928,1984,8,8,0,0,0,0,0,0,4,0
4928,1985,7,7,0,0,0,0,0,0,0,0
4928,1986,1,1,0,0,0,0,0,0,0,0
4928,1987,1,1,0,0,0,0,0,0,1,0
4928,1988,2,1,0,0,0,0,0,0,0,0
4928,1989,1,1,0,0,0,0,0,0,0,0
4960,1990,4,4,2,0,0,0,0,0,1,0
4960,1991,4,4,2,1,0,0,0,0,0,0
4960,1992,3,3,1,0,0,0,0,0,1,0
4960,1993,2,2,1,0,0,0,0,0,0,0
4966,1990,3,3,0,0,0,0,0,0,2,0
4972,1990,2,2,0,0,0,0,0,0,0,0
4972,1991,8,8,1,0,0,0,0,0,0,0
4972,1992,2,2,0,0,0,0,0,0,1,0
4984,1982,1,1,0,0,0,0,0,0,0,0
4984,1990,1,1,0,0,0,0,0,0,0,0
4993,1985,4,4,1,0,0,1,0,0,2,0
4993,1986,3,3,0,0,0,0,0,0,2,0
4993,1987,8,8,4,2,0,0,0,0,1,0
4993,1988,3,3,1,0,0,0,0,0,1,0
4993,1989,6,6,1,0,0,0,0,0,1,0
4993,1990,5,5,2,0,0,0,0,0,1,0
5017,1988,7,5,1,0,0,0,2,0,1,0
5017,1991,2,2,0,0,0,0,0,0,0,0
5017,1992,3,1,0,0,0,0,2,0,0,0
5017,1993,4,3,0,0,0,0,1,0,0,0
5056,1984,4,4,2,0,0,0,0,0,0,0
5090,1985,1,1,1,0,0,0,0,0,0,0
5090,1986,2,2,0,0,0,0,0,0,0,0
5105,1989,12,10,4,1,0,1,2,0,1,0
5108,1991,1,1,0,0,0,0,0,0,0,0
5108,1992,1,1,0,0,0,0,0,0,0,0
5116,1989,5,5,1,0,0,1,0,0,0,0
5128,1987,2,1,0,0,0,0,1,0,0,0
5128,1988,4,3,2,0,0,1,1,0,0,0
5128,1989,6,5,1,0,0,0,1,0,0,0
5128,1990,3,2,0,0,0,0,1,0,1,0
5128,1991,3,2,1,0,0,0,1,0,0,0
5128,1993,1,1,0,0,0,0,0,0,0,0
5150,1991,1,0,0,0,0,0,1,0,0,0
5150,1992,2,1,0,0,0,0,1,0,0,0
5152,1988,3,2,1,1,0,0,1,0,0,0
5166,1989,6,6,1,0,0,1,0,0,2,0
5166,1990,5,4,2,0,0,0,1,0,0,0
5166,1991,9,8,3,0,1,0,0,0,1,1
5166,1992,7,7,2,0,0,0,0,0,1,0
5201,1983,1,1,1,0,0,0,0,0,0,0
5201,1984,2,2,1,0,0,0,0,0,0,0
5201,1985,4,4,1,0,0,0,0,0,0,0
5201,1986,1,0,0,0,0,0,1,0,0,0
5207,1991,2,1,0,0,0,0,0,0,0,0
5207,1992,2,2,0,0,0,0,0,0,0,0
5207,1993,1,1,0,0,0,0,0,0,0,0
5214,1982,3,3,1,0,1,0,0,0,0,0
5214,1983,7,7,0,0,0,0,0,0,2,0
5214,1984,5,5,0,0,0,0,0,0,0,0
5232,1987,6,5,1,1,0,0,1,0,0,0
5232,1988,6,5,1,0,0,0,0,0,0,1
5263,1983,3,3,1,0,0,0,0,0,0,0
5263,1984,3,2,2,0,0,0,1,0,0,0
5263,1986,1,1,0,0,0,0,0,0,0,0
5263,1987,1,1,0,0,0,0,0,0,0,0
5263,1989,2,2,1,1,0,0,0,0,0,0
5298,1983,3,3,1,1,0,0,0,0,0,0
5298,1984,8,6,2,0,0,0,2,0,0,0
5298,1985,9,6,3,0,0,0,3,0,0,0
5298,1986,4,4,2,0,0,0,0,0,1,0
5298,1987,11,10,3,0,0,0,1,0,1,0
5298,1988,7,6,2,1,0,0,1,0,2,0
5331,1991,2,0,0,0,0,0,2,0,0,0
5379,1984,2,2,1,0,0,0,0,0,0,0
5379,1985,6,6,1,0,0,0,0,0,0,0
5379,1986,7,6,2,0,0,0,1,0,1,0
5379,1987,7,7,0,0,0,0,0,0,1,0
5392,1988,2,1,1,0,0,0,1,0,0,0
5392,1989,2,1,0,0,0,0,1,0,0,0
5396,1983,3,3,0,0,0,0,0,0,1,0
5396,1984,3,2,1,0,0,0,1,0,0,0
5396,1986,4,4,1,0,0,0,0,0,0,0
5418,1985,5,4,0,0,0,0,1,0,0,0
5418,1987,2,2,1,0,0,0,0,0,0,0
5464,1984,1,0,0,0,0,0,1,0,0,0
5464,1989,4,4,2,0,0,0,0,0,1,0
5464,1991,2,1,1,0,0,0,1,0,0,0
5464,1992,1,1,0,0,0,0,0,0,0,0
5537,1989,6,5,1,0,0,0,1,0,0,0
5537,1990,4,3,1,0,0,0,1,0,0,0
5537,1991,5,5,3,1,0,0,0,0,0,0
5554,1983,1,1,1,0,0,0,0,0,0,0
5554,1984,1,1,0,0,0,0,0,0,1,0
5554,1986,1,1,0,0,0,0,0,0,0,0
5556,1986,7,7,1,0,0,1,0,0,1,0
5556,1987,2,2,0,0,0,0,0,0,0,0
5557,1991,3,3,0,0,0,0,0,0,0,0
5557,1992,2,2,1,0,1,0,0,0,0,0
5558,1991,1,1,0,0,0,0,0,0,0,0
5588,1989,8,6,0,0,0,0,1,0,1,0
5600,1983,10,10,3,1,0,0,0,0,1,0
5600,1984,5,4,1,1,0,0,1,0,0,0
5600,1987,3,3,1,0,0,0,0,0,0,0
5600,1988,6,6,1,0,1,0,0,0,1,0
5600,1989,7,6,4,0,0,1,1,0,0,0
5608,1984,1,1,1,1,0,0,0,0,0,0
5612,1988,1,1,0,0,0,0,0,0,0,0
5612,1989,1,0,0,0,0,0,1,0,0,0
5612,1990,2,2,1,0,0,0,0,0,0,0
5622,1987,3,2,0,0,0,0,1,0,0,0
5622,1988,3,3,0,0,0,0,0,0,0,0
5622,1990,2,2,0,0,0,0,0,0,0,0
5622,1991,2,2,2,0,0,2,0,0,0,0
5635,1983,4,3,0,0,0,0,1,0,0,0
5635,1984,3,2,0,0,0,0,1,0,0,0
5645,1984,2,2,0,0,0,0,0,0,1,0
5651,1986,3,2,0,0,0,0,1,0,1,0
5727,1991,3,3,1,0,0,0,0,0,1,0
5727,1992,3,3,0,0,0,0,0,0,1,0
5727,1993,3,3,0,0,0,0,0,0,0,0
5749,1984,2,1,0,0,0,0,1,0,0,0
5832,1983,5,4,1,0,0,0,1,0,0,0
5842,1986,1,1,0,0,0,0,0,0,0,0
5852,1984,3,2,0,0,0,0,0,0,0,1
5852,1985,6,4,1,0,0,0,2,0,1,0
5852,1986,7,6,3,1,0,0,1,0,1,0
5852,1987,11,11,1,0,0,1,0,0,1,0
5852,1988,7,7,1,0,0,0,0,0,0,0
5852,1989,10,9,3,0,0,0,1,0,1,0
5852,1990,5,5,0,0,0,0,0,0,0,0
5852,1991,4,4,1,0,0,1,0,0,1,0
5852,1993,3,3,0,0,0,0,0,0,0,0
5859,1990,5,5,1,1,0,0,0,0,0,0
5864,1993,1,1,1,0,0,1,0,0,0,0
5872,1991,6,4,1,1,0,0,0,1,0,1
5892,1986,6,5,0,0,0,0,1,0,0,0
5892,1987,4,4,1,0,0,0,0,0,0,0
5892,1988,3,3,1,1,0,0,0,0,0,0
5892,1989,3,3,0,0,0,0,0,0,1,0
5892,1990,2,1,0,0,0,0,1,0,0,0
5892,1991,3,2,1,1,0,0,1,0,0,0
5892,1992,1,1,1,0,0,1,0,0,0,0
5908,1987,1,1,0,0,0,0,0,0,0,0
5914,1992,1,1,0,0,0,0,0,0,0,0
5927,1983,3,3,0,0,0,0,0,0,0,0
5927,1984,2,2,0,0,0,0,0,0,0,0
5927,1985,7,6,2,0,0,0,1,0,1,0
5945,1990,3,2,0,0,0,0,1,0,0,0
5945,1991,3,2,1,0,0,0,0,0,0,0
5979,1992,2,2,1,0,0,0,0,0,0,0
5979,1993,1,1,0,0,0,0,0,0,0,0
5980,1987,3,3,1,0,0,0,0,0,0,0
5980,1989,5,4,0,0,0,0,1,0,0,0
5980,1991,1,1,0,0,0,0,0,0,0,0
6015,1983,2,1,0,0,0,0,1,0,0,0
6073,1983,1,1,0,0,0,0,0,0,0,0
6073,1984,3,2,1,0,0,1,1,0,0,0
6073,1985,6,6,1,0,0,0,0,0,0,0
6073,1986,2,2,1,0,0,0,0,0,0,0
6073,1990,2,2,0,0,0,0,0,0,0,0
6114,1983,1,1,1,0,0,0,0,0,0,0
6124,1983,3,2,0,0,0,0,1,0,0,0
6124,1984,3,3,2,1,0,0,0,0,0,0
6124,1985,3,3,0,0,0,0,0,0,0,0
6124,1986,1,1,0,0,0,0,0,0,0,0
6159,1984,4,4,0,0,0,0,0,0,0,0
6159,1985,6,6,1,0,0,0,0,0,0,0
6159,1986,4,4,3,0,0,1,0,0,0,0
6159,1987,4,3,1,0,0,0,1,0,0,0
6159,1988,3,3,1,0,0,0,0,0,1,0
6159,1989,5,5,2,0,0,0,0,0,0,0
6159,1991,1,1,0,0,0,0,0,0,0,0
6163,1992,3,2,0,0,0,0,1,0,0,0
6180,1984,8,6,2,0,0,0,2,0,1,0
6180,1985,3,3,1,0,0,0,0,0,1,0
6180,1986,4,4,1,0,0,1,0,0,2,0
6180,1987,6,6,1,0,0,0,0,0,3,0
6180,1988,7,7,2,0,0,0,0,0,0,0
6180,1990,11,10,3,0,0,0,1,0,2,0
6180,1991,5,5,0,0,0,0,0,0,0,0
6182,1982,4,4,1,0,0,0,0,0,3,0
6182,1985,2,0,0,0,0,0,2,0,0,0
6182,1986,4,4,0,0,0,0,0,0,0,0
6195,1986,4,3,1,0,0,0,1,0,0,0
6195,1987,5,4,1,0,0,0,1,0,0,0
6195,1988,3,3,1,0,0,0,0,0,1,0
6195,1989,3,3,1,0,0,0,0,0,0,0
6195,1990,3,3,1,0,0,0,0,0,0,0
6223,1988,1,1,0,0,0,0,0,0,0,0
6226,1986,1,1,0,0,0,0,0,0,0,0
6239,1985,3,2,1,0,0,0,0,0,1,1
6239,1987,2,2,0,0,0,0,0,0,1,0
6264,1984,2,2,2,0,0,0,0,0,0,0
6264,1987,3,3,2,1,0,1,0,0,0,0
6264,1988,4,3,1,0,0,0,1,0,0,0
6266,1988,5,4,1,1,0,0,1,0,1,0
6270,1989,2,1,1,0,0,0,1,0,0,0
6270,1990,4,4,1,0,0,0,0,0,0,0
6270,1991,1,1,0,0,0,0,0,0,0,0
6270,1992,1,0,0,0,0,0,1,0,0,0
6274,1983,9,8,1,0,0,0,1,0,0,0
6274,1984,10,8,2,1,0,1,2,0,2,0
6274,1985,3,3,1,0,1,0,0,0,0,0
6275,1986,13,11,3,1,0,1,2,0,3,0
6275,1990,3,3,0,0,0,0,0,0,1,0
6275,1991,6,4,1,0,0,0,2,0,0,0
6275,1992,3,3,0,0,0,0,0,0,0,0
6307,1991,5,5,1,0,0,0,0,0,1,0
6328,1984,3,3,1,0,0,0,0,0,0,0
6328,1985,10,10,2,1,0,0,0,0,2,0
6328,1986,14,14,3,0,0,0,0,0,4,0
6328,1987,6,6,1,0,0,0,0,0,1,0
6328,1988,5,5,1,0,0,0,0,0,1,0
6328,1989,3,2,0,0,0,0,0,0,0,1
6330,1986,3,3,0,0,0,0,0,0,1,0
6330,1987,1,1,0,0,0,0,0,0,0,0
6332,1988,3,3,0,0,0,0,0,0,3,0
6332,1989,6,6,3,0,0,0,0,0,1,0
6334,1992,2,2,0,0,0,0,0,0,0,0
6334,1993,4,3,1,0,0,1,1,0,0,0
6354,1983,4,4,1,0,0,0,0,0,0,0
6354,1986,10,10,3,1,0,1,0,0,0,0
6389,1983,1,1,1,1,0,0,0,0,0,0
6398,1991,3,3,2,0,0,0,0,0,0,0
6422,1992,2,0,0,0,0,0,1,0,0,1
6529,1985,7,7,1,0,0,0,0,0,0,0
6539,1985,3,3,2,0,0,1,0,0,0,0
6540,1987,12,12,3,0,0,0,0,0,1,0
6540,1988,6,4,1,0,0,1,2,0,0,0
6540,1989,1,1,0,0,0,0,0,0,0,0
6556,1983,5,4,0,0,0,0,1,0,1,0
6556,1984,4,3,2,1,0,0,1,0,0,0
6556,1985,4,4,0,0,0,0,0,0,1,0
6605,1988,2,0,0,0,0,0,2,0,0,0
6631,1986,1,1,0,0,0,0,0,0,1,0
6631,1987,4,4,0,0,0,0,0,0,0,0
6650,1985,2,2,1,0,0,1,0,0,1,0
6650,1986,1,1,0,0,0,0,0,0,0,0
6650,1988,1,0,0,0,0,0,1,0,0,0
6689,1983,5,4,1,0,0,0,1,0,1,0
6689,1985,1,1,1,0,0,0,0,0,0,0
6698,1991,4,3,1,0,0,1,1,0,1,0
6698,1992,1,1,0,0,0,0,0,0,1,0
6706,1991,2,2,0,0,0,0,0,0,0,0
6760,1991,1,1,0,0,0,0,0,0,1,0
6760,1992,1,0,0,0,0,0,1,0,0,0
6777,1992,5,5,3,0,0,1,0,0,0,0
6836,1991,2,2,0,0,0,0,0,0,1,0
6918,1983,5,5,2,1,0,0,0,0,0,0
6918,1984,6,5,1,0,0,1,1,0,1,0
6918,1985,6,6,0,0,0,0,0,0,1,0
6980,1983,4,4,1,0,0,0,0,0,2,0
6980,1984,4,4,0,0,0,0,0,0,2,0
6980,1985,1,1,0,0,0,0,0,0,1,0
6980,1986,2,1,1,1,0,0,1,0,0,0
7026,1991,1,1,0,0,0,0,0,0,0,0
7026,1992,2,2,1,0,0,0,0,0,0,0
7136,1985,14,12,5,1,0,0,1,0,1,1
7136,1986,7,5,2,0,0,0,2,0,1,0
7136,1988,4,4,0,0,0,0,0,0,0,0
7136,1989,6,6,2,0,0,0,0,0,0,0
7136,1990,6,5,0,0,0,0,1,0,0,0
7136,1991,8,7,3,1,0,1,1,0,0,0
7136,1992,8,7,1,0,0,1,1,0,1,0
7141,1988,1,1,0,0,0,0,0,0,0,0
7141,1989,3,3,1,0,0,0,0,0,0,0
7143,1983,11,8,3,0,1,0,3,0,1,0
7143,1984,5,4,3,1,0,1,1,0,0,0
7143,1985,6,4,1,0,0,0,2,0,0,0
7145,1983,5,5,1,0,0,0,0,0,0,0
7145,1984,2,2,1,1,0,0,0,0,0,0
7145,1985,2,2,0,0,0,0,0,0,1,0
7145,1986,1,1,0,0,0,0,0,0,1,0
7145,1989,2,1,0,0,0,0,1,0,0,0
7145,1990,1,1,0,0,0,0,0,0,0,0
7145,1991,1,1,0,0,0,0,0,0,0,0
7175,1989,1,1,0,0,0,0,0,0,0,0
7186,1989,1,1,0,0,0,0,0,0,0,0
7186,1990,4,4,0,0,0,0,0,0,0,0
7186,1991,3,2,0,0,0,0,1,0,0,0
7186,1992,10,9,1,1,0,0,1,0,0,0
7186,1993,1,0,0,0,0,0,1,0,0,0
7191,1988,5,4,0,0,0,0,1,0,0,0
7191,1991,7,7,2,0,0,1,0,0,0,0
7191,1992,7,5,1,0,0,0,2,0,0,0
7191,1993,3,3,1,0,0,0,0,0,1,0
7208,1990,3,3,1,0,0,0,0,0,2,0
7227,1983,3,3,0,0,0,0,0,0,1,0
7227,1985,1,1,0,0,0,0,0,0,0,0
7227,1986,10,10,3,2,0,1,0,0,1,0
7227,1987,2,2,0,0,0,0,0,0,0,0
7246,1986,3,3,0,0,0,0,0,0,1,0
7260,1983,6,5,1,0,0,0,1,0,1,0
7262,1983,2,2,1,0,0,1,0,0,0,0
7279,1990,1,0,0,0,0,0,1,0,0,0
7299,1992,1,1,1,0,0,0,0,0,0,0
7408,1991,6,3,0,0,0,0,3,0,0,0
7408,1992,7,7,3,0,0,1,0,0,0,0
7408,1993,3,3,2,0,0,1,0,0,0,0
7444,1989,3,2,0,0,0,0,1,0,0,0
7450,1989,10,10,2,0,0,0,0,0,1,0
7450,1990,1,1,0,0,0,0,0,0,0,0
7450,1991,3,3,0,0,0,0,0,0,0,0
7458,1990,1,0,0,0,0,0,1,0,0,0
7458,1991,1,1,1,0,0,0,0,0,0,0
7458,1993,1,1,1,0,0,0,0,0,0,0
7537,1987,4,4,3,1,0,0,0,0,0,0
7537,1988,1,1,0,0,0,0,0,0,0,0
7537,1989,4,2,1,0,0,0,1,0,0,0
7537,1990,1,1,0,0,0,0,0,0,0,0
7545,1984,2,1,0,0,0,0,1,0,1,0
7545,1985,3,2,1,0,0,0,0,0,0,1
7545,1987,1,1,1,0,0,0,0,0,0,0
7545,1988,1,1,0,0,0,0,0,0,0,0
7545,1989,1,1,0,0,0,0,0,0,0,0
7545,1990,1,1,0,0,0,0,0,0,0,0
7554,1984,1,1,1,0,0,1,0,0,0,0
7559,1990,3,3,2,0,0,0,0,0,0,0
7831,1992,1,1,1,0,0,0,0,0,0,0
7834,1983,4,3,0,0,0,0,0,0,0,0
7836,1993,2,2,0,0,0,0,0,0,1,0
7837,1989,2,2,2,1,0,0,0,0,0,0
7863,1984,2,2,0,0,0,0,0,0,2,0
7878,1984,3,2,0,0,0,0,0,0,0,1
7879,1988,3,2,1,0,0,1,1,0,0,0
7879,1989,3,3,1,0,0,0,0,0,0,0
7879,1990,2,2,0,0,0,0,0,0,0,0
7879,1991,3,1,0,0,0,0,0,0,0,1
7879,1992,1,1,0,0,0,0,0,0,0,0
7879,1993,1,1,1,0,0,0,0,0,0,0
7893,1989,2,2,1,0,1,0,0,0,0,0
7893,1991,1,1,0,0,0,0,0,0,0,0
7893,1992,4,4,0,0,0,0,0,0,0,0
7893,1993,1,1,1,0,0,0,0,0,0,0
7902,1986,1,1,0,0,0,0,0,0,0,0
7916,1985,3,3,1,1,0,0,0,0,0,0
7916,1986,2,2,2,0,0,0,0,0,0,0
7916,1987,1,1,0,0,0,0,0,0,0,0
7924,1982,1,1,1,0,0,0,0,0,0,0
7924,1983,6,6,2,0,0,0,0,0,1,0
7924,1984,7,6,2,1,0,0,1,0,2,0
7924,1985,7,6,0,0,0,0,1,0,0,0
7924,1986,15,12,2,0,0,0,3,0,0,0
7924,1987,7,7,1,0,0,0,0,0,0,0
7924,1988,10,9,1,0,0,0,1,0,2,0
7924,1989,11,9,1,0,0,0,2,0,2,0
7924,1990,5,4,0,0,0,0,1,0,0,0
7924,1991,6,6,3,0,0,0,0,0,0,0
7924,1992,9,9,2,0,0,0,0,0,0,0
7924,1993,5,5,2,0,0,0,0,0,0,0
7980,1983,1,1,0,0,0,0,0,0,0,0
7980,1986,7,6,2,0,0,0,1,0,0,0
7980,1987,10,10,4,0,0,2,0,0,1,0
8004,1983,11,10,1,0,0,0,0,0,2,0
8004,1985,11,10,4,0,0,0,1,0,1,0
8004,1986,12,11,2,0,0,0,1,0,2,0
8004,1987,7,7,4,1,0,2,0,0,0,0
8004,1988,16,10,3,0,0,0,6,0,1,0
8004,1989,14,11,3,0,0,1,3,0,0,0
8004,1990,3,3,0,0,0,0,0,0,0,0
8004,1991,7,6,4,1,0,0,1,0,1,0
8004,1992,6,6,2,1,0,0,0,0,1,0
8004,1993,3,2,1,0,0,0,1,0,0,0
8018,1991,3,2,0,0,0,0,1,0,1,0
8051,1989,6,4,1,0,0,0,2,0,0,0
8051,1990,2,2,0,0,0,0,0,0,0,0
8082,1992,3,3,1,0,0,0,0,0,0,0
8094,1985,1,1,1,0,0,0,0,0,0,0
8111,1989,5,5,1,1,0,0,0,0,1,0
8111,1990,2,2,1,0,0,0,0,0,0,0
8119,1983,6,5,0,0,0,0,1,0,1,0
8119,1984,2,2,2,1,0,0,0,0,0,0
8136,1987,4,3,0,0,0,0,1,0,0,0
8139,1985,3,2,0,0,0,0,0,0,0,1
8160,1990,4,4,0,0,0,0,0,0,0,0
8160,1991,10,10,1,0,0,0,0,0,1,0
8160,1993,4,3,3,0,0,0,1,0,0,0
8193,1989,6,5,1,0,0,0,1,0,1,0
8193,1990,3,3,0,0,0,0,0,0,0,0
8193,1991,11,11,0,0,0,0,0,0,1,0
8193,1992,6,6,2,0,0,1,0,0,0,0
8193,1993,4,4,1,0,0,0,0,0,0,0
8219,1983,3,2,1,0,0,0,1,0,1,0
8219,1984,4,4,0,0,0,0,0,0,0,0
8219,1985,6,5,1,0,0,0,1,0,0,0
8219,1986,2,2,0,0,0,0,0,0,1,0
8219,1987,4,4,2,1,0,0,0,0,0,0
8219,1988,5,4,2,0,0,0,1,0,1,0
8219,1989,4,4,0,0,0,0,0,0,1,0
8219,1990,1,1,0,0,0,0,0,0,0,0
8276,1988,3,2,0,0,0,0,1,0,0,0
8276,1991,9,7,4,1,0,0,2,0,1,0
8276,1992,3,3,2,0,0,0,0,0,0,0
8284,1987,1,1,0,0,0,0,0,0,0,0
8284,1988,1,1,0,0,0,0,0,0,0,0
8285,1986,6,6,2,1,0,0,0,0,1,0
8285,1987,8,7,2,2,0,0,1,0,1,0
8287,1984,7,7,3,0,0,0,0,0,0,0
8287,1985,9,8,2,1,0,0,1,0,1,0
8287,1986,7,6,2,0,0,0,1,0,0,0
8287,1987,13,9,5,0,0,1,3,0,0,1
8288,1992,2,1,0,0,0,0,0,0,0,1
8288,1993,1,1,0,0,0,0,0,0,0,0
8289,1986,4,4,1,0,0,0,0,0,0,0
8292,1987,1,1,0,0,0,0,0,0,0,0
8299,1986,5,4,3,0,0,0,1,0,0,0
8299,1987,3,3,0,0,0,0,0,0,0,0
8299,1988,3,3,2,0,0,0,0,0,0,0
8306,1984,7,7,4,1,0,1,0,0,1,0
8306,1985,6,6,2,0,0,0,0,0,0,0
8306,1986,5,4,1,0,0,0,1,0,0,0
8306,1987,12,10,2,0,0,0,1,0,1,1
8306,1990,2,0,0,0,0,0,1,0,0,1
8336,1986,2,2,0,0,0,0,0,0,0,0
8358,1990,1,1,1,0,0,0,0,0,0,0
8380,1982,2,2,0,0,0,0,0,0,1,0
8380,1985,3,3,0,0,0,0,0,0,1,0
8380,1986,3,3,0,0,0,0,0,0,0,0
8380,1987,1,1,0,0,0,0,0,0,0,0
8380,1988,1,0,0,0,0,0,1,0,0,0
8380,1993,1,1,1,1,0,0,0,0,0,0
8384,1987,1,1,0,0,0,0,0,0,0,0
8422,1982,4,4,1,1,0,0,0,0,1,0
8422,1983,3,3,0,0,0,0,0,0,0,0
8422,1984,1,1,0,0,0,0,0,0,0,0
8432,1983,2,2,1,0,0,0,0,0,0,0
8432,1986,2,1,0,0,0,0,1,0,0,0
8459,1984,5,5,0,0,0,0,0,0,1,0
8459,1985,5,5,3,0,0,0,0,0,0,0
8469,1991,1,1,1,0,0,0,0,0,0,0
8469,1992,3,3,2,0,0,0,0,0,0,0
8479,1989,1,1,0,0,0,0,0,0,0,0
8498,1989,4,4,0,0,0,0,0,0,1,0
8498,1990,2,2,0,0,0,0,0,0,0,0
8498,1991,3,3,1,0,0,0,0,0,1,0
8498,1992,5,5,0,0,0,0,0,0,1,0
8498,1993,1,1,0,0,0,0,0,0,0,0
8513,1985,3,3,2,1,0,0,0,0,0,0
8513,1986,3,3,1,0,0,1,0,0,0,0
8516,1985,4,3,1,1,0,0,0,0,0,1
8516,1986,1,1,0,0,0,0,0,0,0,0
8516,1987,3,2,0,0,0,0,1,0,0,0
8516,1988,2,2,1,0,0,0,0,0,0,0
8530,1990,2,2,2,1,0,0,0,0,0,0
8530,1991,3,3,0,0,0,0,0,0,1,0
8594,1988,2,2,0,0,0,0,0,0,0,0
8594,1991,1,1,1,0,0,0,0,0,0,0
8594,1992,3,3,0,0,0,0,0,0,0,0
8605,1982,1,1,0,0,0,0,0,0,0,0
8625,1982,2,2,2,0,0,0,0,0,0,0
8665,1989,2,2,0,0,0,0,0,0,0,0
8665,1991,1,1,0,0,0,0,0,0,0,0
8670,1983,3,3,1,1,0,0,0,0,0,0
8703,1987,2,2,0,0,0,0,0,0,0,0
8703,1989,4,4,1,0,0,0,0,0,0,0
8741,1983,1,1,1,0,0,0,0,0,0,0
8746,1986,1,1,1,0,0,0,0,0,0,0
8754,1993,1,1,0,0,0,0,0,0,1,0
8767,1989,1,1,1,0,0,0,0,0,0,0
8767,1991,3,3,0,0,0,0,0,0,0,0
8767,1993,3,2,1,0,0,0,1,0,0,0
8787,1993,3,2,0,0,0,0,1,0,0,0
8847,1989,2,1,1,1,0,0,1,0,0,0
8877,1988,5,5,1,0,0,0,0,0,2,0
8911,1988,13,12,1,1,0,0,1,0,3,0
8911,1989,3,2,0,0,0,0,1,0,1,0
8911,1990,1,0,0,0,0,0,0,0,0,1
8911,1991,2,2,1,0,0,0,0,0,1,0
8911,1992,6,6,0,0,0,0,0,0,0,0
8911,1993,10,9,1,0,0,0,1,0,1,0
8920,1990,1,1,0,0,0,0,0,0,1,0
8920,1991,2,2,0,0,0,0,0,0,0,0
8947,1982,4,4,1,0,0,1,0,0,0,0
8947,1983,3,3,1,1,0,0,0,0,0,0
8958,1989,2,1,1,0,0,0,1,0,0,0
8958,1990,1,1,0,0,0,0,0,0,0,0
8986,1983,11,10,4,0,1,0,1,0,0,0
8986,1984,10,8,1,0,0,0,2,0,2,0
8986,1985,11,11,2,1,0,1,0,0,0,0
8986,1986,4,4,0,0,0,0,0,0,1,0
8986,1987,6,5,3,0,0,1,1,0,0,0
8986,1988,6,4,1,0,0,0,2,0,0,0
8986,1989,3,3,1,1,0,0,0,0,0,0
9038,1992,5,3,2,1,0,0,2,0,0,0
9038,1993,3,2,0,0,0,0,0,0,1,1
9102,1986,4,4,3,1,0,0,0,0,0,0
9102,1987,3,3,0,0,0,0,0,0,1,0
9102,1988,2,2,0,0,0,0,0,0,0,0
9102,1989,3,3,2,0,0,0,0,0,0,0
9102,1990,2,2,0,0,0,0,0,0,0,0
9102,1992,1,1,0,0,0,0,0,0,0,0
9108,1986,8,3,1,0,0,0,5,0,1,0
9108,1987,6,3,1,0,0,1,3,0,0,0
9108,1990,1,1,0,0,0,0,0,0,1,0
9108,1991,1,1,1,0,0,0,0,0,0,0
9108,1993,1,1,0,0,0,0,0,0,0,0
9137,1991,2,2,1,0,0,0,0,0,0,0
9137,1993,1,1,0,0,0,0,0,0,1,0
9148,1983,4,2,0,0,0,0,2,0,0,0
9148,1984,6,6,3,1,0,0,0,0,1,0
9152,1986,8,8,2,0,0,1,0,0,1,0
9152,1987,1,1,1,0,0,1,0,0,0,0
9152,1988,3,3,0,0,0,0,0,0,0,0
9172,1987,3,2,1,0,0,0,0,0,1,1
9172,1990,3,2,0,0,0,0,1,0,0,0
9182,1988,3,3,1,0,0,0,0,0,1,0
9182,1992,1,1,0,0,0,0,0,0,0,0
9199,1989,1,1,0,0,0,0,0,0,0,0
9199,1990,3,3,0,0,0,0,0,0,1,0
9237,1986,1,1,1,0,0,1,0,0,0,0
9258,1992,1,0,0,0,0,0,1,0,0,0
9258,1993,3,2,0,0,0,0,1,0,1,0
9283,1983,4,4,2,0,0,0,0,0,0,0
9283,1984,4,4,1,0,0,1,0,0,0,0
9283,1985,5,5,1,0,0,0,0,0,0,0
9283,1986,2,2,0,0,0,0,0,0,0,0
9283,1987,1,1,0,0,0,0,0,0,0,0
9283,1988,1,1,0,0,0,0,0,0,0,0
9289,1992,1,0,0,0,0,0,0,0,0,1
9293,1991,4,4,1,0,0,0,0,0,1,0
9293,1992,1,1,1,0,0,0,0,0,0,0
9321,1983,2,2,0,0,0,0,0,0,0,0
9392,1984,2,2,1,0,0,0,0,0,0,0
9392,1985,1,1,0,0,0,0,0,0,0,0
9392,1986,3,3,0,0,0,0,0,0,0,0
9392,1987,11,11,1,0,0,0,0,0,4,0
9394,1983,7,6,2,0,0,0,1,0,0,0
9412,1983,3,3,0,0,0,0,0,0,2,0
9412,1989,6,5,1,0,0,0,1,0,1,0
9432,1987,1,1,1,0,0,0,0,0,0,0
9432,1989,5,4,0,0,0,0,0,1,0,0
9432,1990,1,1,0,0,0,0,0,0,0,0
9432,1991,1,1,1,0,0,0,0,0,0,0
9432,1992,2,2,1,0,0,1,0,0,0,0
9459,1985,3,3,2,0,0,1,0,0,0,0
9459,1987,5,5,2,0,0,0,0,0,0,0
9459,1988,3,3,0,0,0,0,0,0,1,0
9459,1989,1,1,0,0,0,0,0,0,0,0
9466,1984,3,3,0,0,0,0,0,0,2,0
9467,1992,3,2,0,0,0,0,1,0,0,0
9506,1982,2,2,0,0,0,0,0,0,0,0
9506,1983,5,5,2,1,0,0,0,0,1,0
9517,1987,3,3,0,0,0,0,0,0,1,0
9517,1988,2,2,1,0,0,0,0,0,0,0
9517,1989,6,6,1,0,0,0,0,0,1,0
9561,1987,6,6,2,1,0,0,0,0,0,0
9612,1983,9,7,1,0,1,0,2,0,1,0
9612,1984,3,3,2,1,0,0,0,0,0,0
9612,1985,3,1,0,0,0,0,2,0,0,0
9612,1986,4,4,2,1,0,0,0,0,0,0
9612,1987,3,2,2,0,0,0,0,0,0,1
9612,1988,2,2,0,0,0,0,0,0,1,0
9612,1989,2,1,0,0,0,0,1,0,0,0
9612,1990,3,2,2,0,0,0,1,0,0,0
9614,1984,2,1,1,0,0,0,1,0,0,0
9640,1987,1,0,0,0,0,0,1,0,0,0
9642,1989,3,1,0,0,0,0,2,0,0,0
9642,1991,2,1,0,0,0,0,1,0,0,0
9642,1992,4,4,1,0,0,0,0,0,2,0
9734,1990,1,1,0,0,0,0,0,0,0,0
9734,1991,3,3,1,1,0,0,0,0,0,0
9735,1987,5,3,0,0,0,0,1,0,0,1
9735,1989,4,3,2,1,0,1,1,0,0,0
9735,1991,5,5,3,0,0,0,0,0,0,0
9735,1992,3,3,1,0,0,0,0,0,0,0
9738,1990,5,5,1,1,0,0,0,0,0,0
9806,1986,6,3,2,0,0,0,3,0,0,0
9840,1989,5,4,0,0,0,0,1,0,1,0
9840,1990,5,5,0,0,0,0,0,0,0,0
9840,1991,6,4,0,0,0,0,1,0,1,1
9840,1992,2,2,1,0,0,0,0,0,1,0
9879,1984,4,4,2,1,0,0,0,0,0,0
9879,1986,4,3,1,0,0,0,1,0,0,0
9953,1988,2,2,1,0,0,0,0,0,0,0
9953,1989,6,5,2,1,0,0,1,0,0,0
9953,1990,3,2,0,0,0,0,1,0,0,0
9989,1983,4,4,1,0,0,0,0,0,1,0
9989,1984,10,10,4,0,0,1,0,0,0,0
10004,1992,2,2,0,0,0,0,0,0,0,0
10009,1985,3,3,0,0,0,0,0,0,0,0
10009,1986,1,1,0,0,0,0,0,0,0,0
10038,1989,2,2,0,0,0,0,0,0,0,0
10038,1991,4,4,0,0,0,0,0,0,0,0
10038,1992,2,1,1,0,0,0,1,0,0,0
10038,1993,1,0,0,0,0,0,1,0,0,0
10055,1993,1,1,0,0,0,0,0,0,1,0
10059,1989,6,5,1,0,0,0,1,0,2,0
10059,1990,6,6,1,1,0,0,0,0,2,0
10059,1991,6,6,1,0,0,0,0,0,3,0
10059,1992,6,4,0,0,0,0,2,0,0,0
10070,1984,8,8,2,0,0,0,0,0,0,0
10070,1985,9,9,2,0,0,1,0,0,1,0
10070,1986,1,1,1,0,0,0,0,0,0,0
10070,1987,7,6,3,0,0,1,1,0,1,0
10070,1988,6,6,1,0,0,0,0,0,1,0
10070,1989,16,14,3,0,0,0,2,0,0,0
10070,1990,3,2,1,0,0,0,1,0,1,0
10070,1991,7,7,2,0,0,1,0,0,2,0
10119,1986,3,1,0,0,0,0,2,0,1,0
10119,1987,2,1,0,0,0,0,1,0,0,0
10124,1992,1,1,0,0,0,0,0,0,0,0
10134,1989,2,1,0,0,0,0,1,0,0,0
10154,1988,1,1,0,0,0,0,0,0,1,0
10158,1982,1,1,0,0,0,0,0,0,1,0
10158,1983,3,2,1,0,0,0,0,0,0,0
10158,1984,4,4,3,0,0,0,0,0,0,0
10158,1985,2,2,0,0,0,0,0,0,0,0
10187,1990,11,11,3,1,0,0,0,0,1,0
10187,1991,9,9,2,0,0,2,0,0,2,0
10187,1992,7,7,3,0,0,0,0,0,0,0
10187,1993,3,3,1,1,0,0,0,0,0,0
10273,1987,3,3,1,0,0,0,0,0,0,0
10286,1985,3,2,1,0,0,0,0,0,1,0
10286,1986,1,1,1,0,0,0,0,0,0,0
10293,1986,1,1,0,0,0,0,0,0,1,0
10293,1987,5,3,2,1,0,1,2,0,1,0
10294,1989,2,2,1,0,0,0,0,0,0,0
10294,1990,1,1,0,0,0,0,0,0,0,0
10311,1986,7,5,0,0,0,0,2,0,1,0
10311,1987,5,5,2,0,0,0,0,0,0,0
10311,1988,3,3,1,0,0,0,0,0,1,0
10311,1989,3,3,0,0,0,0,0,0,0,0
10329,1988,4,4,1,0,0,0,0,0,1,0
10329,1989,1,1,0,0,0,0,0,0,0,0
10338,1983,11,11,2,1,0,0,0,0,0,0
10338,1984,5,5,2,0,0,0,0,0,0,0
10338,1985,11,10,3,0,0,0,1,0,0,0
10338,1986,6,5,0,0,0,0,1,0,1,0
10338,1987,5,5,2,0,0,1,0,0,0,0
10349,1984,6,6,3,0,0,0,0,0,0,0
10349,1985,4,4,1,0,0,0,0,0,0,0
10349,1986,6,6,2,0,1,0,0,0,0,0
10377,1993,1,1,0,0,0,0,0,0,0,0
10399,1992,6,4,1,0,0,0,2,0,0,0
10400,1986,3,3,1,0,0,0,0,0,0,0
10400,1988,2,2,1,1,0,0,0,0,0,0
10409,1990,4,2,1,0,0,0,2,0,0,0
10411,1985,1,0,0,0,0,0,1,0,0,0
10411,1986,6,4,2,0,0,0,2,0,0,0
10411,1987,2,2,1,1,0,0,0,0,0,0
10412,1991,1,1,0,0,0,0,0,0,0,0
10414,1984,4,4,2,1,0,0,0,0,1,0
10414,1985,9,7,3,1,0,2,2,0,1,0
10414,1986,6,5,0,0,0,0,1,0,0,0
10443,1988,7,6,2,0,0,0,1,0,0,0
10507,1991,2,2,0,0,0,0,0,0,0,0
10548,1987,1,1,1,0,0,0,0,0,0,0
10548,1988,3,3,1,0,0,0,0,0,0,0
10552,1992,1,1,0,0,0,0,0,0,0,0
10560,1984,3,3,1,0,0,0,0,0,1,0
10560,1985,2,2,0,0,0,0,0,0,0,0
10560,1986,6,5,2,1,0,0,1,0,1,0
10560,1987,1,1,0,0,0,0,0,0,0,0
10645,1984,2,2,0,0,0,0,0,0,0,0
10669,1984,6,6,1,0,0,0,0,0,0,0
10669,1985,3,3,2,1,0,1,0,0,0,0
10680,1991,6,6,0,0,0,0,0,0,2,0
10680,1992,3,3,0,0,0,0,0,0,0,0
10746,1988,3,3,0,0,0,0,0,0,2,0
10746,1989,1,1,0,0,0,0,0,0,0,0
10749,1984,3,2,0,0,0,0,1,0,0,0
10749,1985,12,9,6,0,0,3,3,0,1,0
10749,1986,3,2,1,0,0,0,1,0,0,0
10749,1987,3,2,0,0,0,0,0,0,1,1
10749,1989,8,8,3,0,0,0,0,0,0,0
10762,1984,6,6,2,0,0,1,0,0,0,0
10762,1988,3,3,1,0,0,1,0,0,0,0
10762,1989,8,7,2,0,0,0,1,0,0,0
10762,1990,2,2,0,0,0,0,0,0,0,0
10762,1991,2,2,1,0,1,0,0,0,0,0
10794,1985,2,1,0,0,0,0,1,0,0,0
10794,1986,1,1,0,0,0,0,0,0,0,0
10794,1987,2,2,1,0,0,0,0,0,0,0
10803,1985,3,3,1,1,0,0,0,0,0,0
10842,1983,7,6,1,0,0,0,1,0,0,0
10842,1984,3,3,2,0,0,0,0,0,0,0
10909,1983,6,5,2,0,1,0,1,0,0,0
10909,1984,2,2,0,0,0,0,0,0,0,0
10909,1985,2,1,1,1,0,0,0,0,0,1
10915,1983,5,5,1,0,0,0,0,0,0,0
10950,1983,7,7,4,1,0,0,0,0,0,0
10950,1984,5,4,1,0,0,0,1,0,1,0
10950,1987,4,3,1,0,0,0,1,0,0,0
10950,1988,1,1,0,0,0,0,0,0,0,0
10950,1989,3,2,1,0,0,0,1,0,0,0
10961,1982,1,1,1,0,0,0,0,0,0,0
10961,1983,1,1,0,0,0,0,0,0,0,0
10961,1984,1,1,1,0,0,0,0,0,0,0
10986,1989,1,1,0,0,0,0,0,0,0,0
11000,1982,2,2,1,0,0,1,0,0,0,0
11039,1986,5,4,1,1,0,0,1,0,0,0
11039,1987,15,12,2,0,0,1,3,0,3,0
11039,1988,6,4,1,0,0,0,1,0,1,1
11039,1989,7,6,3,1,0,0,1,0,0,0
11039,1990,10,9,1,0,0,1,1,0,0,0
11039,1991,9,8,2,1,0,0,0,0,1,1
11039,1992,6,6,1,0,0,0,0,0,0,0
11045,1983,4,4,1,0,0,1,0,0,1,0
11045,1984,1,1,0,0,0,0,0,0,0,0
11045,1985,4,4,1,0,0,1,0,0,0,0
11045,1986,3,1,0,0,0,0,2,0,0,0
11051,1983,7,7,0,0,0,0,0,0,0,0
11051,1984,10,10,1,0,0,0,0,0,0,0
11051,1985,13,12,2,0,0,1,1,0,0,0
11051,1986,8,7,2,0,0,1,1,0,0,0
11051,1987,5,5,2,0,0,0,0,0,2,0
11051,1988,6,4,0,0,0,0,2,0,1,0
11051,1989,7,7,2,0,0,0,0,0,0,0
11051,1992,3,3,1,0,0,1,0,0,0,0
11051,1993,3,3,1,0,0,0,0,0,0,0
11069,1982,8,8,0,0,0,0,0,0,1,0
11069,1983,7,4,2,0,0,2,2,1,0,0
11069,1984,3,3,2,2,0,0,0,0,0,0
11069,1987,3,3,1,0,0,0,0,0,0,0
11070,1983,3,3,0,0,0,0,0,0,1,0
11070,1987,2,1,1,0,0,0,1,0,0,0
11070,1988,4,3,0,0,0,0,1,0,0,0
11088,1990,1,1,1,0,0,0,0,0,0,0
11090,1988,4,4,0,0,0,0,0,0,0,0
11090,1989,3,3,0,0,0,0,0,0,0,0
11090,1990,3,2,1,1,0,0,1,0,0,0
11090,1991,7,7,1,1,0,0,0,0,0,0
11090,1992,3,3,0,0,0,0,0,0,0,0
11090,1993,4,3,1,1,0,0,1,0,0,0
11105,1987,3,2,0,0,0,0,0,0,0,1
11105,1988,3,2,0,0,0,0,1,0,0,0
11178,1983,6,5,3,1,0,1,1,0,0,0
11178,1984,7,6,2,0,0,0,1,0,0,0
11178,1992,6,6,2,0,0,0,0,0,0,0
11178,1993,7,6,0,0,0,0,1,0,0,0
11185,1983,7,6,1,0,0,0,1,0,0,0
11185,1984,6,5,1,0,0,0,0,0,1,1
11185,1985,5,3,0,0,0,0,2,0,0,0
11185,1986,12,11,3,0,0,1,1,0,0,0
11185,1987,8,8,2,0,0,0,0,0,1,0
11215,1986,6,4,1,0,0,0,1,0,0,1
11215,1988,2,2,0,0,0,0,0,0,0,0
11215,1989,1,0,0,0,0,0,1,0,0,0
11217,1988,7,7,4,1,0,0,0,0,1,0
11217,1990,4,2,1,0,0,0,2,0,0,0
11217,1991,7,7,2,2,0,0,0,0,1,0
11249,1985,7,6,0,0,0,0,1,0,1,0
11249,1986,6,6,1,1,0,0,0,0,1,0
11249,1987,8,8,1,1,0,0,0,0,1,0
11249,1988,14,12,5,0,0,1,2,0,2,0
11249,1989,10,9,5,0,0,0,1,0,1,0
11249,1990,3,3,0,0,0,0,0,0,0,0
11249,1991,4,4,1,0,0,0,0,0,0,0
11254,1985,1,0,0,0,0,0,1,0,0,0
11256,1990,5,5,2,0,0,0,0,0,0,0
11256,1991,13,12,0,0,0,0,0,0,0,1
11256,1992,10,8,1,0,0,0,1,0,2,1
11256,1993,3,3,0,0,0,0,0,0,1,0
11324,1991,2,2,1,1,0,0,0,0,0,0
11341,1990,2,2,1,1,0,0,0,0,0,0
11345,1983,2,2,0,0,0,0,0,0,0,0
11345,1984,2,2,0,0,0,0,0,0,0,0
11364,1985,8,8,2,0,0,0,0,0,0,0
11364,1986,11,10,3,0,0,1,1,0,1,0
11364,1987,4,4,0,0,0,0,0,0,1,0
11364,1988,8,8,2,0,0,0,0,0,1,0
11364,1989,3,3,2,1,0,0,0,0,0,0
11364,1990,3,3,2,1,0,0,0,0,1,0
11364,1991,7,5,1,0,0,0,2,0,1,0
11364,1992,6,4,1,0,0,0,2,0,0,0
11371,1986,8,8,2,0,0,0,0,0,0,0
11371,1987,3,3,1,0,0,0,0,0,0,0
11388,1986,2,2,0,0,0,0,0,0,0,0
11388,1987,2,2,1,0,0,0,0,0,0,0
11388,1988,4,4,1,0,0,0,0,0,0,0
11388,1989,3,3,0,0,0,0,0,0,0,0
11388,1990,2,2,0,0,0,0,0,0,0,0
11388,1991,1,1,1,1,0,0,0,0,0,0
11388,1993,1,1,0,0,0,0,0,0,0,0
11440,1983,2,2,0,0,0,0,0,0,0,0
11440,1984,2,1,1,0,0,0,0,0,0,1
11440,1985,3,3,0,0,0,0,0,0,1,0
11441,1985,2,2,1,1,0,0,0,0,0,0
11473,1987,3,3,1,0,0,0,0,0,0,0
11473,1988,4,3,0,0,0,0,1,0,1,0
11473,1989,3,3,0,0,0,0,0,0,1,0
11476,1988,7,7,3,0,0,0,0,0,2,0
11478,1983,6,4,0,0,0,0,2,0,1,0
11489,1991,2,1,1,0,0,0,1,0,0,0
11489,1992,2,2,0,0,0,0,0,0,1,0
11489,1993,1,1,0,0,0,0,0,0,0,0
11497,1985,2,1,1,0,0,0,1,0,0,0
11511,1988,6,5,3,0,0,0,1,0,0,0
11511,1989,2,2,1,0,0,0,0,0,1,0
11584,1983,1,1,0,0,0,0,0,0,1,0
11610,1987,1,1,0,0,0,0,0,0,0,0
11610,1988,4,4,1,0,0,0,0,0,1,0
11614,1985,5,5,2,2,0,0,0,0,0,0
11614,1986,2,2,0,0,0,0,0,0,1,0
11614,1989,4,4,1,0,0,0,0,0,0,0
11616,1993,1,1,1,0,0,0,0,0,0,0
11629,1983,7,6,2,0,0,0,1,0,1,0
11635,1989,1,1,0,0,0,0,0,0,0,0
11668,1983,3,3,1,0,0,0,0,0,1,0
11675,1983,8,4,1,0,0,0,3,0,1,1
11675,1984,1,1,0,0,0,0,0,0,1,0
11732,1993,1,1,0,0,0,0,0,0,0,0
11735,1993,2,2,2,0,0,0,0,0,0,0
11754,1982,1,0,0,0,0,0,1,0,0,0
11754,1983,3,3,0,0,0,0,0,0,2,0
11754,1984,5,4,1,0,0,0,1,0,1,0
11754,1985,4,3,1,0,0,0,1,0,2,0
11754,1987,2,2,0,0,0,0,0,0,0,0
11838,1990,3,3,1,0,0,0,0,0,0,0
11884,1983,2,2,0,0,0,0,0,0,0,0
11884,1984,4,4,0,0,0,0,0,0,1,0
11884,1985,8,8,2,1,0,1,0,0,0,0
11884,1986,7,6,2,0,0,0,1,0,2,0
11884,1987,7,5,2,0,0,0,2,0,0,0
11884,1988,11,11,0,0,0,0,0,0,3,0
11884,1989,8,7,3,3,0,0,0,0,1,1
11907,1985,1,1,1,0,0,0,0,0,0,0
11907,1986,2,1,1,0,0,0,1,0,0,0
11907,1987,2,2,1,0,0,0,0,0,0,0
11914,1985,8,6,1,0,0,0,2,0,0,0
11921,1984,1,1,1,1,0,0,0,0,0,0
11921,1985,2,1,0,0,0,0,1,0,0,0
11945,1983,1,1,0,0,0,0,0,0,1,0
11945,1984,5,5,2,0,0,0,0,0,0,0
11945,1985,1,1,0,0,0,0,0,0,0,0
11973,1990,1,1,0,0,0,0,0,0,0,0
12015,1988,3,3,0,0,0,0,0,0,2,0
12018,1983,4,4,0,0,0,0,0,0,0,0
12018,1984,1,0,0,0,0,0,1,0,0,0
12029,1985,1,1,0,0,0,0,0,0,0,0
12033,1988,4,4,1,0,0,0,0,0,1,0
12033,1989,4,2,0,0,0,0,2,0,1,0
12033,1990,1,0,0,0,0,0,1,0,0,0
12033,1991,2,1,0,0,0,0,1,0,1,0
12033,1992,3,3,1,0,0,1,0,0,1,0
12049,1983,3,3,1,0,0,0,0,0,0,0
12049,1985,4,2,0,0,0,0,2,0,0,0
12087,1989,4,4,1,1,0,0,0,0,1,0
12122,1986,2,1,1,0,0,1,1,0,0,0
12122,1987,10,10,1,0,0,0,0,0,0,0
12122,1988,10,9,4,2,0,1,1,0,1,0
12122,1991,7,7,1,0,0,0,0,0,0,0
12122,1992,14,14,1,1,0,0,0,0,0,0
12122,1993,4,4,2,0,0,0,0,0,0,0
12124,1985,1,1,0,0,0,0,0,0,0,0
12133,1988,2,2,0,0,0,0,0,0,0,0
12133,1989,9,9,3,0,0,0,0,0,1,0
12133,1990,8,7,3,0,0,0,1,0,0,0
12133,1991,9,8,2,0,0,0,1,0,0,0
12133,1992,7,6,1,0,0,0,1,0,0,0
12134,1983,2,2,0,0,0,0,0,0,0,0
12143,1988,3,3,1,0,0,0,0,0,1,0
12143,1989,5,5,2,1,0,0,0,0,0,0
12143,1990,6,6,2,1,0,0,0,0,1,0
12143,1991,9,9,1,0,0,0,0,0,1,0
12143,1992,1,1,0,0,0,0,0,0,0,0
12171,1990,6,4,1,0,0,0,2,0,1,0
12171,1991,3,2,0,0,0,0,1,0,0,0
12206,1985,6,5,1,0,0,0,1,0,0,0
12223,1983,2,2,0,0,0,0,0,0,1,0
12225,1992,2,2,1,1,0,0,0,0,0,0
12225,1993,1,1,0,0,0,0,0,0,0,0
12246,1992,1,1,0,0,0,0,0,0,1,0
12246,1993,2,2,0,0,0,0,0,0,0,0
12263,1983,4,4,0,0,0,0,0,0,0,0
12263,1984,5,5,1,0,0,0,0,0,1,0
12263,1985,3,2,1,0,0,0,0,0,0,0
12275,1985,1,1,1,1,0,0,0,0,0,0
12275,1987,2,2,0,0,0,0,0,0,1,0
12275,1988,3,3,1,0,0,0,0,0,0,0
12283,1982,3,2,0,0,0,0,1,0,0,0
12283,1983,9,8,3,2,0,0,1,0,0,0
12297,1991,2,2,0,0,0,0,0,0,0,0
12312,1989,2,2,0,0,0,0,0,0,0,0
12313,1984,4,4,1,0,0,1,0,0,0,0
12313,1985,11,7,4,1,0,1,4,0,1,0
12313,1986,1,0,0,0,0,0,1,0,0,0
12313,1987,1,1,0,0,0,0,0,0,0,0
12313,1989,5,4,0,0,0,0,1,0,1,0
12334,1987,2,1,0,0,0,0,1,0,0,0
12334,1988,4,4,0,0,0,0,0,0,1,0
12334,1989,2,2,0,0,0,0,0,0,0,0
12334,1990,2,2,0,0,0,0,0,0,0,0
12334,1993,2,2,0,0,0,0,0,0,0,0
12422,1987,3,2,0,0,0,0,1,0,0,0
12442,1989,11,9,4,1,0,0,2,0,0,0
12442,1990,5,5,2,1,0,0,0,0,0,0
12442,1991,3,3,2,0,0,1,0,0,0,0
12442,1992,3,2,1,0,0,0,1,0,0,0
12442,1993,6,6,0,0,0,0,0,0,0,0
12445,1982,1,1,1,1,0,0,0,0,0,0
12445,1983,7,5,1,0,0,1,2,0,0,0
12445,1984,7,7,1,0,0,0,0,0,3,0
12445,1985,14,10,3,0,0,0,4,0,1,0
12445,1986,10,10,3,1,0,0,0,0,2,0
12445,1987,10,9,4,0,0,2,1,0,0,0
12445,1988,12,9,3,1,0,0,2,0,0,1
12445,1989,6,5,2,0,0,1,1,0,0,0
12445,1990,3,3,1,1,0,0,0,0,0,0
12445,1993,5,5,1,0,0,1,0,0,1,0
12473,1986,3,3,1,0,0,0,0,0,0,0
12473,1987,3,3,0,0,0,0,0,0,0,0
12575,1986,5,4,2,0,0,0,1,0,0,0
12575,1988,6,6,1,0,0,0,0,0,0,0
12582,1991,5,3,3,1,0,0,0,0,0,2
12595,1983,2,1,1,1,0,0,1,0,0,0
12595,1986,7,7,2,0,0,0,0,0,1,0
12595,1987,4,4,1,0,0,0,0,0,1,0
12595,1988,3,3,1,0,0,0,0,0,0,0
12595,1990,6,6,2,0,0,0,0,0,1,0
12595,1991,4,4,1,0,0,0,0,0,2,0
12596,1990,1,1,0,0,0,0,0,0,0,0
12617,1983,8,7,3,0,0,0,1,0,0,0
12617,1984,1,1,0,0,0,0,0,0,0,0
12617,1985,11,9,1,0,0,0,1,1,3,0
12617,1986,4,3,0,0,0,0,1,0,1,0
12617,1989,1,1,0,0,0,0,0,0,0,0
12617,1992,1,1,0,0,0,0,0,0,0,0
12632,1983,3,3,2,0,0,0,0,0,0,0
12632,1984,11,11,2,1,0,0,0,0,0,0
12643,1989,2,1,1,0,0,0,1,0,0,0
