13,1999,3,3,0,0,0,0,0,0,1,0
68,2000,1,1,1,0,0,0,0,0,0,0
239,1999,6,6,0,0,0,0,0,0,0,0
319,2000,8,8,1,0,0,0,0,0,3,0
541,1999,2,2,0,0,0,0,0,0,0,0
541,2000,2,2,1,0,0,1,0,0,0,0
698,2000,1,1,0,0,0,0,0,0,0,0
787,2000,1,1,0,0,0,0,0,0,0,0
863,1999,1,1,1,0,0,0,0,0,0,0
998,1999,2,2,0,0,0,0,0,0,1,0
998,2000,5,5,2,0,1,1,0,0,2,0
1075,2000,4,4,0,0,0,0,0,0,2,0
1133,1999,3,2,2,1,0,0,1,0,0,0
1160,2000,1,1,0,0,0,0,0,0,0,0
1203,2000,1,1,0,0,0,0,0,0,1,0
1806,2000,3,3,1,0,0,1,0,0,0,0
2004,1999,1,1,0,0,0,0,0,0,1,0
2018,2000,2,2,0,0,0,0,0,0,0,0
2508,1999,1,1,1,0,0,0,0,0,0,0
2742,2000,1,1,0,0,0,0,0,0,1,0
2795,2000,1,0,0,0,0,0,1,0,0,0
2841,2000,6,6,0,0,0,0,0,0,2,0
2861,2000,1,1,0,0,0,0,0,0,0,0
2996,2000,1,1,1,0,0,1,0,0,0,0
3039,2000,3,3,1,0,0,1,0,0,1,0
3131,2000,3,3,2,0,0,0,0,0,0,0
3229,2000,4,4,0,0,0,0,0,0,0,0
3292,2000,1,1,0,0,0,0,0,0,1,0
3339,2000,5,5,0,0,0,0,0,0,1,0
3351,2000,2,2,0,0,0,0,0,0,0,0
3420,1999,2,1,0,0,0,0,1,0,1,0
3482,1999,1,1,0,0,0,0,0,0,1,0
3577,1999,2,2,0,0,0,0,0,0,0,0
3659,1999,3,3,2,0,0,0,0,0,1,0
3702,2000,1,1,1,0,0,0,0,0,0,0
3786,2000,3,3,0,0,0,0,0,0,1,0
3916,2000,2,2,1,1,0,0,0,0,1,0
4146,2000,1,1,0,0,0,0,0,0,1,0
4282,2000,2,2,2,0,0,0,0,0,0,0
4372,1999,1,1,1,1,0,0,0,0,0,0
4510,1999,6,6,1,0,0,0,0,0,4,0
4510,2000,2,2,0,0,0,0,0,0,0,0
4530,2000,2,2,1,0,0,0,0,0,1,0
4570,1999,3,3,0,0,0,0,0,0,0,0
4605,1999,1,1,0,0,0,0,0,0,1,0
4708,2000,1,1,0,0,0,0,0,0,0,0
4731,2000,4,4,1,0,0,1,0,0,0,0
4845,2000,3,2,1,0,0,1,1,0,1,0
4857,1999,1,1,1,0,0,1,0,0,0,0
4869,2000,3,3,1,1,0,0,0,0,1,0
4910,2000,1,1,0,0,0,0,0,0,0,0
4920,1999,1,1,0,0,0,0,0,0,0,0
5118,2000,4,3,1,0,0,0,1,0,1,0
5170,2000,1,1,0,0,0,0,0,0,0,0
5209,1999,2,2,0,0,0,0,0,0,1,0
5228,1999,2,2,1,0,0,0,0,0,1,0
5361,2000,1,1,1,0,0,0,0,0,0,0
5412,2000,1,1,0,0,0,0,0,0,0,0
5505,2000,1,1,0,0,0,0,0,0,1,0
5539,1999,3,3,1,0,0,1,0,0,0,0
5578,2000,2,2,0,0,0,0,0,0,0,0
5665,1999,1,1,0,0,0,0,0,0,0,0
5665,2000,1,1,0,0,0,0,0,0,1,0
5856,1999,1,1,0,0,0,0,0,0,0,0
5856,2000,1,1,1,1,0,0,0,0,0,0
5871,2000,4,4,2,1,0,1,0,0,1,0
5985,2000,1,1,0,0,0,0,0,0,1,0
5999,1999,1,1,0,0,0,0,0,0,0,0
6380,2000,1,1,1,0,0,0,0,0,0,0
6425,2000,3,3,0,0,0,0,0,0,0,0
6619,1999,1,1,1,0,0,0,0,0,0,0
6760,2000,1,1,0,0,0,0,0,0,0,0
6991,2000,1,1,0,0,0,0,0,0,0,0
7258,2000,1,1,0,0,0,0,0,0,1,0
7301,2000,3,2,0,0,0,0,1,0,0,0
7311,2000,1,1,1,1,0,0,0,0,0,0
7372,1999,1,1,1,0,0,0,0,0,0,0
7372,2000,2,2,0,0,0,0,0,0,0,0
7408,1999,2,1,0,0,0,0,0,0,0,0
7512,1999,1,1,0,0,0,0,0,0,1,0
7512,2000,1,1,0,0,0,0,0,0,0,0
7522,1998,3,3,0,0,0,0,0,0,1,0
7522,1999,2,2,1,0,0,0,0,0,1,0
7522,2000,2,2,1,0,0,0,0,0,0,0
8051,1999,6,5,3,0,0,0,1,0,0,0
8060,2000,2,2,0,0,0,0,0,0,1,0
8184,2000,2,2,0,0,0,0,0,0,0,0
8193,1999,1,0,0,0,0,0,0,1,0,0
8201,2000,7,7,4,2,0,0,0,0,0,0
8277,2000,1,1,1,0,0,0,0,0,0,0
8311,2000,6,6,4,0,0,1,0,0,0,0
8340,2000,1,1,0,0,0,0,0,0,0,0
8556,2000,4,4,0,0,0,0,0,0,3,0
8576,2000,2,1,0,0,0,0,1,0,0,0
8638,2000,1,1,0,0,0,0,0,0,0,0
8676,1999,2,2,0,0,0,0,0,0,2,0
8720,1999,3,3,2,1,0,0,0,0,0,0
8720,2000,6,6,1,0,0,0,0,0,1,0
8843,2000,2,2,0,0,0,0,0,0,1,0
8883,2000,1,1,0,0,0,0,0,0,1,0
8891,2000,5,5,2,1,0,0,0,0,0,0
8962,2000,1,1,0,0,0,0,0,0,0,0
8983,1999,1,1,1,0,0,0,0,0,0,0
8990,1998,3,3,1,0,0,0,0,0,0,0
8990,2000,4,2,0,0,0,0,2,0,0,0
9091,1998,1,1,0,0,0,0,0,0,1,0
9102,2000,1,1,0,0,0,0,0,0,1,0
9152,1999,4,4,0,0,0,0,0,0,1,0
9160,1999,2,2,0,0,0,0,0,0,1,0
9258,1999,1,1,1,0,0,0,0,0,0,0
9258,2000,3,2,1,0,0,0,1,0,0,0
9442,2000,5,5,0,0,0,0,0,0,0,0
9523,1999,1,1,1,0,1,0,0,0,0,0
9528,2000,2,2,2,1,0,0,0,0,0,0
9540,2000,3,3,1,0,0,0,0,0,0,0
9840,1999,3,3,1,0,0,1,0,0,1,0
9931,1999,3,3,0,0,0,0,0,0,1,0
10002,2000,6,6,1,0,0,0,0,0,2,0
10294,2000,3,3,1,0,0,0,0,0,0,0
10332,2000,3,3,1,0,0,0,0,0,0,0
10440,1999,1,1,0,0,0,0,0,0,0,0
10507,2000,1,1,0,0,0,0,0,0,0,0
10601,1999,1,1,1,1,0,0,0,0,0,0
10601,2000,1,1,0,0,0,0,0,0,0,0
10625,1999,1,1,0,0,0,0,0,0,0,0
10636,1999,5,5,3,0,0,0,0,0,1,0
10636,2000,3,3,1,0,0,0,0,0,0,0
10881,1999,2,2,1,1,0,0,0,0,0,0
10963,1999,1,1,0,0,0,0,0,0,1,0
10963,2000,1,1,0,0,0,0,0,0,1,0
10989,2000,2,2,0,0,0,0,0,0,1,0
11012,2000,3,3,0,0,0,0,0,0,0,0
11167,2000,2,2,0,0,0,0,0,0,0,0
11285,2000,3,3,0,0,0,0,0,0,1,0
11424,1999,1,1,0,0,0,0,0,0,0,0
11489,2000,1,1,1,0,0,0,0,0,0,0
11606,1998,1,1,0,0,0,0,0,0,1,0
11606,1999,1,1,0,0,0,0,0,0,1,0
11710,2000,2,1,0,0,0,0,1,0,1,0
11837,2000,1,1,0,0,0,0,0,0,0,0
11875,2000,7,7,3,1,1,0,0,0,0,0
11970,2000,1,0,0,0,0,0,1,0,0,0
11987,2000,1,1,0,0,0,0,0,0,1,0
12089,2000,1,1,1,0,0,0,0,0,0,0
12091,2000,1,1,0,0,0,0,0,0,1,0
12141,1999,1,1,0,0,0,0,0,0,1,0
12141,2000,1,1,0,0,0,0,0,0,1,0
12143,1999,2,2,1,1,0,0,0,0,0,0
12143,2000,6,6,2,0,0,0,0,0,2,0
12216,2000,2,2,1,0,0,0,0,0,1,0
12225,2000,1,1,0,0,0,0,0,0,0,0
12232,2000,1,1,0,0,0,0,0,0,0,0
12351,2000,3,3,1,1,0,0,0,0,1,0
12353,1999,1,1,0,0,0,0,0,0,1,0
12437,2000,4,3,0,0,0,0,1,0,0,0
12450,2000,1,0,0,0,0,0,0,0,0,0
12541,2000,1,0,0,0,0,0,1,0,0,0
12563,1999,1,1,0,0,0,0,0,0,0,0
12584,2000,3,3,1,0,0,0,0,0,2,0
