9,1993,3,3,0,0,0,0,0,0,1,0
9,1994,9,7,5,1,0,2,1,0,0,1
9,1995,3,3,1,1,0,0,0,0,0,0
9,1996,2,2,1,1,0,0,0,0,0,0
9,1998,3,3,0,0,0,0,0,0,2,0
13,1999,3,2,0,0,0,0,1,0,1,0
13,2000,7,6,3,0,0,0,1,0,0,0
13,2004,6,6,4,2,0,1,0,0,0,0
30,2007,1,1,0,0,0,0,0,0,0,0
30,2008,1,1,1,0,0,0,0,0,0,0
30,2011,1,1,0,0,0,0,0,0,0,0
33,2002,2,2,0,0,0,0,0,0,0,0
33,2003,2,2,1,0,0,0,0,0,0,0
41,2009,3,3,1,0,0,0,0,0,2,0
43,1995,1,1,1,0,0,0,0,0,0,0
43,1996,2,2,0,0,0,0,0,0,2,0
43,1997,1,1,1,0,0,0,0,0,0,0
60,2008,2,2,0,0,0,0,0,0,2,0
60,2009,1,1,0,0,0,0,0,0,0,0
68,1998,2,1,0,0,0,0,1,0,0,0
68,2003,1,1,0,0,0,0,0,0,0,0
68,2004,5,3,1,0,0,0,2,0,1,0
70,1996,6,5,5,1,1,0,1,0,0,0
70,1997,5,4,1,0,0,1,1,0,2,0
79,2004,2,2,0,0,0,0,0,0,1,0
79,2005,1,0,0,0,0,0,1,0,0,0
86,2002,1,0,0,0,0,0,1,0,0,0
86,2003,2,2,0,0,0,0,0,0,1,0
86,2004,4,4,3,0,0,0,0,0,0,0
86,2007,1,0,0,0,0,0,1,0,0,0
86,2009,1,1,0,0,0,0,0,0,0,0
98,1995,3,3,0,0,0,0,0,0,2,0
98,1996,5,5,1,1,0,0,0,0,0,0
98,1998,2,1,0,0,0,0,1,0,0,0
98,1999,3,3,1,0,0,0,0,0,1,0
104,2004,2,2,1,1,0,0,0,0,0,0
111,2008,1,1,1,0,0,0,0,0,0,0
115,1995,2,2,1,0,0,0,0,0,1,0
116,2008,2,2,0,0,0,0,0,0,0,0
134,1996,5,5,1,0,0,0,0,0,2,0
148,2004,1,1,0,0,0,0,0,0,1,0
148,2006,1,1,0,0,0,0,0,0,0,0
186,1998,1,1,0,0,0,0,0,0,1,0
186,2004,2,2,0,0,0,0,0,0,1,0
239,1993,2,2,0,0,0,0,0,0,0,0
239,1994,13,11,3,0,0,1,2,0,2,0
239,1995,7,6,3,0,0,0,1,0,0,0
239,1996,9,7,2,1,0,0,2,0,2,0
239,1998,6,3,1,0,0,1,3,0,0,0
239,1999,10,9,4,1,0,1,0,0,3,1
239,2002,1,1,0,0,0,0,0,0,1,0
239,2004,1,0,0,0,0,0,1,0,0,0
261,1995,3,2,0,0,0,0,1,0,0,0
261,2003,3,2,2,0,0,0,1,0,0,0
261,2004,2,1,1,1,0,0,1,0,0,0
281,2003,4,2,1,0,0,0,2,0,0,0
281,2005,1,1,0,0,0,0,0,0,0,0
290,1998,1,1,0,0,0,0,0,0,0,0
290,1999,1,1,1,1,0,0,0,0,0,0
290,2000,1,1,1,0,1,0,0,0,0,0
290,2001,3,2,0,0,0,0,1,0,0,0
315,1995,3,3,0,0,0,0,0,0,0,0
333,1994,2,2,0,0,0,0,0,0,2,0
333,1995,12,11,1,1,0,0,0,1,6,0
333,1996,2,1,0,0,0,0,1,0,0,0
333,1997,3,3,1,0,0,0,0,0,1,0
333,1998,3,1,0,0,0,0,1,1,0,0
333,1999,4,4,0,0,0,0,0,0,2,0
333,2000,3,3,0,0,0,0,0,0,2,0
333,2001,3,3,1,0,0,1,0,0,0,0
333,2002,3,3,2,1,0,0,0,0,0,0
354,2009,2,1,0,0,0,0,1,0,0,0
364,2006,2,2,0,0,0,0,0,0,0,0
380,2008,1,1,0,0,0,0,0,0,0,0
384,2009,1,1,0,0,0,0,0,0,0,0
388,1998,7,5,1,0,0,0,2,0,2,0
388,1999,7,7,3,2,0,0,0,0,1,0
388,2000,1,0,0,0,0,0,1,0,0,0
395,2002,1,1,1,0,0,1,0,0,0,0
412,2005,3,2,1,1,0,0,1,0,0,0
417,2010,3,3,2,0,0,0,0,0,1,0
427,2009,1,1,0,0,0,0,0,0,0,0
434,1995,1,1,0,0,0,0,0,0,0,0
446,1997,9,9,4,1,0,0,0,0,0,0
446,1999,4,4,1,0,0,1,0,0,1,0
446,2003,1,1,0,0,0,0,0,0,0,0
458,1994,1,0,0,0,0,0,1,0,0,0
458,1995,1,1,0,0,0,0,0,0,0,0
458,1997,4,4,2,0,0,0,0,0,1,0
458,1998,4,4,1,1,0,0,0,0,1,0
459,2009,1,1,0,0,0,0,0,0,1,0
461,1998,3,3,1,0,0,0,0,0,2,0
472,2002,1,1,0,0,0,0,0,0,1,0
472,2003,2,2,0,0,0,0,0,0,2,0
472,2008,3,3,1,1,0,0,0,0,0,0
475,2001,1,0,0,0,0,0,1,0,0,0
479,2010,1,1,0,0,0,0,0,0,0,0
482,2008,6,5,1,0,0,1,0,0,2,1
485,2001,6,6,2,1,0,0,0,0,4,0
485,2002,4,4,0,0,0,0,0,0,1,0
485,2003,2,1,0,0,0,0,1,0,1,0
485,2004,3,3,1,1,0,0,0,0,1,0
485,2005,5,5,1,0,0,0,0,0,3,0
485,2007,1,1,0,0,0,0,0,0,1,0
498,2001,3,3,1,0,1,0,0,0,1,0
498,2002,2,2,1,0,0,1,0,0,1,0
500,2009,6,5,2,0,1,0,0,1,1,0
500,2010,3,2,1,1,0,0,1,0,0,0
506,1997,1,1,0,0,0,0,0,0,0,0
506,1998,1,1,0,0,0,0,0,0,1,0
528,2008,3,3,1,0,0,0,0,0,1,0
541,1996,9,8,1,0,0,0,1,0,0,0
541,1997,9,8,3,1,0,0,1,0,2,0
541,1998,5,5,0,0,0,0,0,0,2,0
541,1999,7,4,2,0,0,1,3,0,0,0
541,2000,3,3,3,1,0,0,0,0,0,0
541,2001,3,2,1,0,0,0,1,0,0,0
541,2005,5,5,0,0,0,0,0,0,1,0
546,2008,3,3,2,1,0,0,0,0,0,0
547,1999,1,1,1,0,0,1,0,0,0,0
547,2001,2,1,0,0,0,0,1,0,1,0
550,2004,1,1,0,0,0,0,0,0,0,0
550,2007,2,1,1,0,0,0,0,0,0,1
550,2008,2,1,0,0,0,0,1,0,1,0
569,1993,1,1,1,0,0,0,0,0,0,0
569,1994,1,1,1,0,0,0,0,0,0,0
569,1995,1,1,1,0,0,1,0,0,0,0
571,1997,2,2,0,0,0,0,0,0,1,0
574,2007,3,3,1,0,0,1,0,0,0,0
574,2008,3,3,1,0,0,0,0,0,2,0
580,1998,1,1,0,0,0,0,0,0,0,0
592,2010,4,3,2,0,0,0,1,0,1,0
667,2005,2,2,1,0,0,0,0,0,0,0
681,2008,4,4,2,0,0,0,0,0,0,0
698,2000,3,3,1,0,0,1,0,0,1,0
698,2004,17,15,7,2,0,0,2,0,3,0
698,2005,2,2,0,0,0,0,0,0,0,0
698,2007,3,2,1,0,0,1,0,0,0,1
698,2008,7,4,3,0,0,2,3,0,0,0
710,2001,2,2,1,0,0,0,0,0,0,0
710,2002,9,6,2,0,0,0,3,0,1,0
710,2003,4,4,0,0,0,0,0,0,1,0
710,2004,4,4,0,0,0,0,0,0,1,0
719,2008,2,1,1,0,0,0,1,0,0,0
719,2009,1,0,0,0,0,0,1,0,0,0
740,2007,1,1,0,0,0,0,0,0,0,0
764,2000,2,2,0,0,0,0,0,0,2,0
764,2004,1,1,0,0,0,0,0,0,0,0
771,2004,6,6,2,0,0,0,0,0,3,0
771,2005,6,5,1,0,0,0,0,0,1,1
771,2006,5,3,1,1,0,0,2,0,2,0
771,2007,6,6,0,0,0,0,0,0,2,0
771,2008,5,5,1,0,0,0,0,0,1,0
786,2005,1,1,1,0,0,1,0,0,0,0
787,2000,2,2,1,1,0,0,0,0,1,0
790,1994,7,7,2,1,0,0,0,0,0,0
790,1995,8,7,3,0,0,3,1,0,1,0
790,1996,10,10,2,1,0,0,0,0,1,0
790,1997,12,11,5,0,0,1,1,0,1,0
790,1998,7,7,3,1,0,0,0,0,1,0
790,1999,3,3,1,0,0,0,0,0,0,0
794,2005,2,2,1,0,0,1,0,0,0,0
794,2009,3,3,3,0,0,0,0,0,0,0
794,2010,1,1,0,0,0,0,0,0,1,0
796,1994,1,1,0,0,0,0,0,0,1,0
796,1995,2,2,1,0,0,0,0,0,1,0
796,1996,3,2,0,0,0,0,1,0,0,0
796,1997,1,1,1,1,0,0,0,0,0,0
796,1999,1,1,0,0,0,0,0,0,0,0
812,2006,1,1,0,0,0,0,0,0,0,0
812,2008,1,0,0,0,0,0,0,0,0,1
812,2009,2,2,0,0,0,0,0,0,1,0
825,2001,3,3,1,0,0,1,0,0,1,0
825,2002,2,2,2,0,0,1,0,0,0,0
825,2003,7,7,3,2,0,0,0,0,2,0
825,2004,6,6,3,0,0,1,0,0,0,0
825,2005,2,2,0,0,0,0,0,0,1,0
825,2007,1,1,0,0,0,0,0,0,0,0
828,2010,1,1,1,0,0,0,0,0,0,0
845,1997,3,3,2,0,0,0,0,0,1,0
846,2003,2,2,0,0,0,0,0,0,0,0
848,1995,5,5,2,0,0,1,0,0,1,0
848,1997,3,3,0,0,0,0,0,0,1,0
848,1998,5,5,2,0,0,0,0,0,1,0
848,2001,1,1,0,0,0,0,0,0,0,0
848,2003,3,3,2,1,0,0,0,0,0,0
861,2002,5,4,1,0,0,0,1,0,2,0
861,2003,2,1,0,0,0,0,1,0,0,0
861,2004,6,5,1,0,0,0,0,0,0,1
861,2005,4,4,3,1,0,1,0,0,1,0
861,2006,1,0,0,0,0,0,1,0,0,0
861,2007,5,5,2,1,0,0,0,0,1,0
861,2008,1,1,1,0,0,1,0,0,0,0
863,1999,3,3,2,1,0,0,0,0,1,0
863,2000,3,3,2,0,0,0,0,0,1,0
863,2003,4,3,3,2,0,0,0,0,0,1
863,2006,5,4,2,0,0,0,1,0,1,0
872,1994,3,2,0,0,0,0,1,0,2,0
872,1995,8,8,1,0,0,1,0,0,3,0
872,1997,1,0,0,0,0,0,1,0,0,0
872,1998,6,5,0,0,0,0,1,0,2,0
880,2006,1,1,0,0,0,0,0,0,1,0
880,2009,1,1,0,0,0,0,0,0,0,0
884,1994,3,3,0,0,0,0,0,0,1,0
884,1995,5,4,1,0,0,0,0,1,1,0
884,2000,3,3,0,0,0,0,0,0,1,0
920,2004,2,1,0,0,0,0,1,0,1,0
920,2005,2,2,1,0,0,0,0,0,0,0
920,2006,1,1,0,0,0,0,0,0,0,0
920,2007,1,1,0,0,0,0,0,0,1,0
920,2008,1,1,0,0,0,0,0,0,1,0
920,2009,1,1,0,0,0,0,0,0,1,0
920,2010,1,1,0,0,0,0,0,0,1,0
933,1996,3,3,1,0,0,0,0,0,0,0
933,1998,2,2,1,0,0,0,0,0,0,0
945,2001,3,3,2,1,0,1,0,0,1,0
945,2002,3,3,2,1,0,0,0,0,0,0
950,2003,6,6,2,0,0,0,0,0,0,0
970,2006,2,1,0,0,0,0,1,0,1,0
970,2008,1,1,0,0,0,0,0,0,0,0
985,2007,1,1,0,0,0,0,0,0,1,0
985,2008,3,3,0,0,0,0,0,0,1,0
998,1997,7,6,3,0,0,0,1,0,0,0
998,1999,5,5,1,0,0,1,0,0,1,0
998,2000,4,3,0,0,0,0,1,0,1,0
1009,2005,3,3,2,0,0,0,0,0,1,0
1009,2006,3,1,1,0,0,0,2,0,0,0
1009,2007,9,8,5,0,0,0,0,0,0,1
1009,2008,15,13,6,1,0,1,1,1,3,0
1035,2007,1,0,0,0,0,0,1,0,0,0
1039,1995,3,3,3,1,0,1,0,0,0,0
1049,1996,2,0,0,0,0,0,1,1,0,0
1058,1998,3,2,1,0,0,0,1,0,0,0
1058,2000,1,0,0,0,0,0,1,0,0,0
1062,1996,5,5,1,0,0,1,0,0,2,0
1062,2001,1,1,0,0,0,0,0,0,1,0
1062,2003,1,1,0,0,0,0,0,0,1,0
1065,1994,2,2,1,0,0,1,0,0,0,0
1065,1995,6,5,1,1,0,0,1,0,3,0
1070,2008,3,3,1,1,0,0,0,0,1,0
1070,2009,3,2,1,0,0,0,1,0,1,0
1075,1994,2,1,0,0,0,0,1,0,0,0
1075,1995,2,2,1,0,0,1,0,0,1,0
1075,1996,1,1,0,0,0,0,0,0,0,0
1089,1995,3,3,1,0,0,0,0,0,1,0
1091,1994,1,1,0,0,0,0,0,0,0,0
1095,2003,5,5,4,0,0,1,0,0,0,0
1095,2005,4,3,1,1,0,0,1,0,1,0
1095,2006,6,5,0,0,0,0,1,0,1,0
1095,2007,4,3,0,0,0,0,1,0,0,0
1095,2008,6,6,2,1,0,0,0,0,1,0
1095,2010,3,2,0,0,0,0,1,0,0,0
1097,1994,3,3,0,0,0,0,0,0,0,0
1097,1995,6,6,4,1,0,1,0,0,0,0
1097,1996,3,3,1,0,0,0,0,0,1,0
1097,1997,4,4,3,0,0,0,0,0,0,0
1109,2007,3,3,0,0,0,0,0,0,0,0
1109,2008,4,4,1,0,0,0,0,0,1,0
1120,2007,4,3,2,1,0,0,1,0,0,0
1124,2000,2,2,1,0,0,0,0,0,1,0
1124,2001,2,1,0,0,0,0,1,0,0,0
1133,1999,4,2,0,0,0,0,2,0,1,0
1133,2001,2,0,0,0,0,0,2,0,0,0
1133,2004,6,6,0,0,0,0,0,0,3,0
1138,2005,2,2,1,0,0,1,0,0,0,0
1138,2008,1,1,1,0,0,1,0,0,0,0
1146,1994,6,4,0,0,0,0,2,0,2,0
1146,1995,8,7,1,0,0,0,0,1,2,0
1146,1996,3,3,1,0,0,0,0,0,2,0
1147,1996,9,9,4,1,0,1,0,0,3,0
1147,1997,2,2,1,0,0,0,0,0,0,0
1160,2000,2,2,1,0,0,0,0,0,1,0
1192,2001,1,1,0,0,0,0,0,0,1,0
1192,2002,2,2,1,1,0,0,0,0,1,0
1206,2009,1,1,0,0,0,0,0,0,1,0
1206,2010,1,1,0,0,0,0,0,0,1,0
1211,1996,3,3,3,1,0,0,0,0,0,0
1221,1999,1,1,1,0,0,0,0,0,0,0
1221,2000,2,2,0,0,0,0,0,0,1,0
1221,2001,3,3,2,0,0,0,0,0,1,0
1221,2002,3,3,3,0,0,0,0,0,0,0
1221,2003,2,2,0,0,0,0,0,0,0,0
1221,2004,1,1,1,0,0,1,0,0,0,0
1221,2007,3,3,1,0,0,0,0,0,0,0
1221,2008,3,3,1,0,0,1,0,0,0,0
1235,1998,1,0,0,0,0,0,1,0,0,0
1250,1995,2,2,0,0,0,0,0,0,1,0
1250,1996,1,1,1,0,0,0,0,0,0,0
1250,1997,2,2,0,0,0,0,0,0,0,0
1260,2006,1,1,0,0,0,0,0,0,0,0
1265,2006,1,1,1,1,0,0,0,0,0,0
1265,2008,1,1,0,0,0,0,0,0,1,0
1268,2004,5,4,2,0,0,0,0,1,1,0
1268,2005,7,6,3,0,0,2,1,0,3,0
1294,1994,2,2,0,0,0,0,0,0,1,0
1294,1995,1,1,0,0,0,0,0,0,1,0
1326,1996,1,1,0,0,0,0,0,0,0,0
1328,2006,2,1,0,0,0,0,1,0,1,0
1337,2011,3,3,0,0,0,0,0,0,0,0
1342,2002,1,0,0,0,0,0,1,0,0,0
1343,1997,4,4,2,0,0,0,0,0,1,0
1343,1998,4,3,0,0,0,0,1,0,1,0
1343,1999,2,2,0,0,0,0,0,0,1,0
1343,2000,1,1,0,0,0,0,0,0,1,0
1343,2004,3,3,2,0,0,0,0,0,0,0
1343,2005,3,2,0,0,0,0,1,0,1,0
1399,2004,1,1,1,0,0,0,0,0,0,0
1399,2006,1,1,1,0,0,0,0,0,0,0
1406,1995,9,9,3,1,0,0,0,0,3,0
1406,2004,8,7,1,1,0,0,0,0,0,1
1448,1993,1,1,0,0,0,0,0,0,0,0
1454,2006,1,1,0,0,0,0,0,0,0,0
1454,2007,2,2,1,0,0,0,0,0,1,0
1454,2008,1,1,1,0,0,0,0,0,0,0
1461,1998,1,1,0,0,0,0,0,0,0,0
1477,2010,8,7,3,0,0,0,1,0,1,0
1482,2008,1,1,0,0,0,0,0,0,0,0
1484,2008,3,3,2,1,0,1,0,0,0,0
1484,2009,7,4,1,0,0,1,3,0,1,0
1495,2001,3,0,0,0,0,0,2,0,0,1
1495,2003,9,8,5,1,0,2,0,0,1,1
1495,2004,6,5,2,0,0,1,1,0,1,0
1495,2005,8,5,1,0,0,0,3,0,1,0
1495,2006,3,3,0,0,0,0,0,0,0,0
1495,2007,3,2,0,0,0,0,1,0,0,0
1505,2007,2,2,1,0,0,0,0,0,0,0
1506,2010,1,1,0,0,0,0,0,0,0,0
1510,1998,1,1,0,0,0,0,0,0,0,0
1516,2003,2,2,1,0,0,0,0,0,0,0
1517,1995,2,2,0,0,0,0,0,0,0,0
1517,1999,2,2,0,0,0,0,0,0,1,0
1523,2001,6,5,1,0,0,0,1,0,0,0
1523,2002,4,4,2,1,0,0,0,0,1,0
1531,2005,3,2,1,0,0,0,1,0,0,0
1531,2006,3,3,0,0,0,0,0,0,1,0
1546,1996,5,5,2,1,0,0,0,0,1,0
1546,1998,9,8,3,2,0,0,1,0,0,0
1546,1999,4,4,1,0,0,0,0,0,2,0
1546,2001,6,5,1,1,0,0,1,0,2,0
1556,2006,3,2,1,0,0,1,1,0,1,0
1556,2008,3,1,0,0,0,0,2,0,1,0
1556,2010,2,1,1,1,0,0,1,0,0,0
1565,2009,3,3,1,0,0,0,0,0,0,0
1570,2007,5,4,1,0,0,0,1,0,0,0
1570,2008,6,5,3,1,0,1,1,0,0,0
1580,1995,4,2,1,0,0,0,2,0,0,0
1580,1996,1,1,0,0,0,0,0,0,0,0
1583,2009,1,1,1,0,0,0,0,0,0,0
1596,2005,9,5,3,1,0,1,3,1,0,0
1596,2008,3,2,1,0,0,0,1,0,0,0
1596,2010,3,3,0,0,0,0,0,0,1,0
1606,1994,1,1,0,0,0,0,0,0,0,0
1606,1995,1,1,0,0,0,0,0,0,1,0
1634,2002,3,3,0,0,0,0,0,0,0,0
1634,2005,3,3,0,0,0,0,0,0,2,0
1634,2006,5,5,1,0,0,1,0,0,0,0
1634,2007,3,3,1,1,0,0,0,0,0,0
1634,2008,3,3,0,0,0,0,0,0,1,0
1635,1999,3,2,0,0,0,0,1,0,0,0
1635,2005,1,0,0,0,0,0,1,0,0,0
1635,2006,1,0,0,0,0,0,1,0,0,0
1635,2007,1,1,0,0,0,0,0,0,0,0
1645,2004,3,2,0,0,0,0,1,0,0,0
1645,2005,3,3,1,0,0,0,0,0,1,0
1645,2006,4,2,1,0,0,0,2,0,0,0
1645,2007,3,3,0,0,0,0,0,0,1,0
1645,2008,12,11,5,1,0,1,1,0,1,0
1645,2009,3,2,0,0,0,0,1,0,0,0
1650,2008,1,1,0,0,0,0,0,0,1,0
1652,1999,1,1,0,0,0,0,0,0,1,0
1652,2000,1,1,0,0,0,0,0,0,0,0
1652,2001,1,0,0,0,0,0,1,0,0,0
1663,1994,3,1,0,0,0,0,2,0,0,0
1666,2010,4,3,0,0,0,0,1,0,1,0
1669,2007,3,3,1,0,0,1,0,0,0,0
1669,2008,10,5,1,1,0,0,4,1,1,0
1669,2009,6,5,0,0,0,0,1,0,1,0
1669,2010,1,1,1,0,0,0,0,0,0,0
1675,2003,2,2,1,0,0,1,0,0,1,0
1675,2006,1,1,0,0,0,0,0,0,0,0
1675,2007,1,0,0,0,0,0,1,0,0,0
1686,2002,3,3,1,0,0,0,0,0,1,0
1723,1994,1,0,0,0,0,0,0,0,0,1
1723,1995,1,1,1,0,0,0,0,0,0,0
1732,2004,1,1,0,0,0,0,0,0,0,0
1732,2006,4,4,3,0,0,1,0,0,0,0
1732,2007,2,2,1,0,0,0,0,0,0,0
1743,1998,5,4,0,0,0,0,1,0,0,0
1743,1999,4,4,2,0,0,1,0,0,0,0
1764,2007,1,1,0,0,0,0,0,0,1,0
1769,2009,2,1,0,0,0,0,1,0,0,0
1773,2010,1,1,0,0,0,0,0,0,0,0
1789,2009,1,1,1,1,0,0,0,0,0,0
1790,2007,3,3,2,1,0,0,0,0,0,0
1792,1998,1,1,0,0,0,0,0,0,1,0
1801,2007,3,2,0,0,0,0,1,0,1,0
1802,1996,3,2,0,0,0,0,1,0,0,0
1805,1994,1,1,0,0,0,0,0,0,1,0
1806,1997,2,2,1,0,0,0,0,0,0,0
1806,1998,5,5,3,1,0,1,0,0,1,0
1806,2000,5,4,1,0,0,0,1,0,1,0
1806,2001,6,6,1,0,0,1,0,0,3,0
1806,2002,8,5,0,0,0,0,3,0,1,0
1806,2008,2,2,1,0,0,0,0,0,0,0
1806,2009,7,6,1,1,0,0,1,0,0,0
1806,2010,6,6,0,0,0,0,0,0,1,0
1820,2010,3,3,1,0,0,0,0,0,1,0
1825,2003,3,3,1,0,0,0,0,0,0,0
1825,2005,3,3,1,0,0,0,0,0,0,0
1825,2010,1,1,1,0,0,0,0,0,0,0
1828,1995,4,2,0,0,0,0,2,0,1,0
1828,1996,2,2,1,0,0,0,0,0,0,0
1829,1997,2,2,1,0,0,0,0,0,0,0
1829,1998,2,1,1,1,0,0,0,0,0,1
1829,1999,1,1,0,0,0,0,0,0,1,0
1829,2000,6,6,5,1,0,1,0,0,1,0
1829,2001,2,1,0,0,0,0,1,0,1,0
1829,2003,5,3,0,0,0,0,2,0,1,0
1829,2007,2,2,0,0,0,0,0,0,0,0
1846,2002,2,2,0,0,0,0,0,0,1,0
1846,2003,5,4,2,0,0,0,1,0,0,0
1846,2004,3,3,0,0,0,0,0,0,0,0
1846,2005,3,2,1,0,0,1,1,0,0,0
1865,1994,2,2,1,0,0,0,0,0,0,0
1865,1997,1,1,1,0,0,0,0,0,0,0
1870,2002,3,1,1,0,0,1,1,1,0,0
1881,1997,1,0,0,0,0,0,1,0,0,0
1881,1998,1,1,1,0,0,0,0,0,0,0
1881,1999,3,3,1,0,0,1,0,0,0,0
1888,1998,6,5,2,0,0,1,1,0,1,0
1888,2000,3,3,0,0,0,0,0,0,1,0
1921,1994,2,2,0,0,0,0,0,0,1,0
1921,1995,1,1,0,0,0,0,0,0,0,0
1921,1996,4,3,0,0,0,0,1,0,1,0
1921,1997,1,1,0,0,0,0,0,0,0,0
1921,1998,4,4,2,1,0,0,0,0,0,0
1957,2004,1,1,1,0,0,1,0,0,0,0
1970,2005,8,8,2,0,0,0,0,0,0,0
1970,2006,6,3,0,0,0,0,3,0,0,0
1970,2007,3,3,1,0,0,0,0,0,0,0
1971,2010,5,5,1,0,0,0,0,0,1,0
1972,2004,2,1,1,0,0,0,1,0,0,0
1972,2005,2,2,1,0,0,1,0,0,0,0
1972,2006,3,2,0,0,0,0,1,0,0,0
2004,1995,1,1,0,0,0,0,0,0,1,0
2004,1996,3,3,1,1,0,0,0,0,0,0
2004,1997,2,2,0,0,0,0,0,0,0,0
2004,1998,1,1,0,0,0,0,0,0,0,0
2004,2001,2,2,0,0,0,0,0,0,1,0
2011,2008,1,1,1,0,0,0,0,0,0,0
2011,2009,1,1,0,0,0,0,0,0,0,0
2018,2005,9,7,1,1,0,0,2,0,2,0
2018,2006,7,5,4,0,0,1,2,0,1,0
2018,2010,3,3,0,0,0,0,0,0,0,0
2030,2006,1,1,0,0,0,0,0,0,1,0
2051,1996,2,2,0,0,0,0,0,0,0,0
2058,1999,1,1,1,0,0,0,0,0,0,0
2058,2000,1,1,1,0,0,0,0,0,0,0
2058,2004,1,0,0,0,0,0,0,0,0,1
2058,2005,1,1,0,0,0,0,0,0,0,0
2062,1995,4,4,0,0,0,0,0,0,0,0
2070,2004,1,1,0,0,0,0,0,0,0,0
2070,2005,6,5,1,0,0,0,1,0,1,0
2070,2006,1,1,0,0,0,0,0,0,1,0
2116,1999,3,3,0,0,0,0,0,0,0,0
2116,2000,3,3,2,0,0,0,0,0,1,0
2122,1997,3,1,0,0,0,0,2,0,0,0
2144,2001,3,3,0,0,0,0,0,0,2,0
2147,1996,10,9,4,0,0,3,1,0,2,0
2147,1997,10,8,0,0,0,0,2,0,2,0
2147,1998,7,4,0,0,0,0,3,0,3,0
2147,1999,9,8,1,0,0,0,1,0,2,0
2147,2000,4,3,1,0,0,0,1,0,1,0
2147,2001,6,6,0,0,0,0,0,0,2,0
2147,2002,3,2,1,0,0,0,1,0,1,0
2147,2003,11,10,2,1,0,0,1,0,5,0
2162,1999,1,1,0,0,0,0,0,0,0,0
2166,1997,3,2,2,0,0,1,1,0,0,0
2166,1998,5,4,1,1,0,0,1,0,1,0
2166,1999,3,2,1,0,0,0,1,0,0,0
2185,2005,1,1,0,0,0,0,0,0,0,0
2185,2009,2,2,0,0,0,0,0,0,1,0
2192,2010,1,0,0,0,0,0,1,0,0,0
2237,2001,9,9,4,2,0,0,0,0,3,0
2237,2003,7,5,1,0,0,1,2,0,1,0
2237,2004,6,6,2,2,0,0,0,0,2,0
2237,2005,6,6,2,1,0,0,0,0,2,0
2240,2001,4,3,0,0,0,0,0,1,0,0
2240,2002,2,1,0,0,0,0,1,0,0,0
2240,2003,6,6,2,2,0,0,0,0,2,0
2240,2004,1,1,0,0,0,0,0,0,1,0
2240,2005,2,2,0,0,0,0,0,0,1,0
2242,2005,6,6,2,0,0,1,0,0,1,0
2242,2006,1,1,1,0,0,1,0,0,0,0
2259,2008,2,2,1,0,0,0,0,0,1,0
2261,1995,8,7,1,0,0,0,1,0,2,0
2261,1996,3,3,0,0,0,0,0,0,1,0
2261,1997,5,4,3,1,0,0,1,0,0,0
2261,1998,7,7,2,0,0,0,0,0,2,0
2261,1999,6,5,3,1,0,1,1,0,0,0
2261,2000,10,6,2,1,0,0,4,0,3,0
2282,2003,1,0,0,0,0,0,1,0,0,0
2282,2004,10,10,3,1,0,1,0,0,3,0
2282,2005,3,3,0,0,0,0,0,0,3,0
2282,2006,5,5,0,0,0,0,0,0,1,0
2282,2007,4,3,1,0,0,0,0,1,1,0
2282,2009,2,2,0,0,0,0,0,0,1,0
2291,2004,3,3,0,0,0,0,0,0,1,0
2291,2007,3,2,0,0,0,0,1,0,1,0
2291,2008,3,3,1,0,0,0,0,0,1,0
2291,2009,6,6,4,0,0,2,0,0,2,0
2291,2010,3,3,0,0,0,0,0,0,0,0
2295,1994,1,1,0,0,0,0,0,0,0,0
2295,1995,1,0,0,0,0,0,1,0,0,0
2295,1996,1,1,0,0,0,0,0,0,0,0
2295,2001,1,1,0,0,0,0,0,0,1,0
2300,1997,2,2,0,0,0,0,0,0,1,0
2316,1996,6,6,0,0,0,0,0,0,1,0
2326,2008,1,1,0,0,0,0,0,0,1,0
2328,2005,1,1,0,0,0,0,0,0,0,0
2328,2006,3,3,0,0,0,0,0,0,0,0
2332,1999,3,3,1,0,0,0,0,0,1,0
2333,1999,1,0,0,0,0,0,1,0,0,0
2333,2000,2,2,1,0,0,1,0,0,1,0
2333,2002,2,2,0,0,0,0,0,0,0,0
2333,2003,4,3,1,0,0,0,1,0,1,0
2333,2004,1,1,0,0,0,0,0,0,0,0
2333,2005,2,1,0,0,0,0,1,0,0,0
2333,2006,2,1,1,0,0,1,1,0,0,0
2333,2009,2,1,0,0,0,0,1,0,1,0
2339,2006,1,0,0,0,0,0,1,0,0,0
2343,2008,3,2,1,0,0,0,1,0,0,0
2344,1995,3,3,2,0,0,1,0,0,0,0
2344,1999,1,1,0,0,0,0,0,0,0,0
2344,2001,1,0,0,0,0,0,1,0,0,0
2344,2004,1,1,0,0,0,0,0,0,1,0
2344,2005,1,0,0,0,0,0,0,0,0,1
2344,2006,1,1,0,0,0,0,0,0,0,0
2345,1994,3,2,0,0,0,0,1,0,1,0
2350,2001,3,3,1,0,0,0,0,0,2,0
2350,2003,3,3,2,1,0,0,0,0,0,0
2355,2008,2,2,2,0,0,0,0,0,0,0
2358,2008,4,4,2,0,0,0,0,0,1,0
2358,2009,3,2,0,0,0,0,1,0,0,0
2358,2010,3,3,0,0,0,0,0,0,2,0
2362,1996,4,3,0,0,0,0,1,0,2,0
2362,1997,2,1,0,0,0,0,1,0,0,0
2362,1998,1,1,0,0,0,0,0,0,1,0
2362,1999,1,0,0,0,0,0,1,0,0,0
2384,2005,1,1,0,0,0,0,0,0,0,0
2384,2006,2,2,1,1,0,0,0,0,0,0
2407,1995,1,1,1,0,0,0,0,0,0,0
2418,1995,2,1,0,0,0,0,1,0,0,0
2418,1996,1,0,0,0,0,0,0,1,0,0
2418,1997,4,4,0,0,0,0,0,0,0,0
2418,1998,1,0,0,0,0,0,1,0,0,0
2418,1999,1,1,0,0,0,0,0,0,1,0
2418,2000,3,2,0,0,0,0,1,0,0,0
2421,2005,2,1,0,0,0,0,1,0,0,0
2421,2007,1,1,0,0,0,0,0,0,0,0
2421,2008,2,2,0,0,0,0,0,0,1,0
2421,2010,1,1,0,0,0,0,0,0,1,0
2438,2000,3,1,1,0,0,0,2,0,0,0
2442,2000,1,1,1,1,0,0,0,0,0,0
2442,2001,3,1,1,0,0,0,2,0,0,0
2442,2002,2,1,1,1,0,0,1,0,0,0
2446,2000,1,1,0,0,0,0,0,0,0,0
2446,2004,1,1,1,1,0,0,0,0,0,0
2480,2000,2,1,0,0,0,0,1,0,0,0
2505,2004,1,1,0,0,0,0,0,0,1,0
2505,2005,2,2,0,0,0,0,0,0,2,0
2505,2008,5,5,3,2,0,1,0,0,2,0
2508,1997,2,1,1,0,0,0,1,0,0,0
2520,2000,1,1,0,0,0,0,0,0,1,0
2520,2001,1,1,0,0,0,0,0,0,0,0
2520,2004,1,0,0,0,0,0,1,0,0,0
2525,2010,2,2,0,0,0,0,0,0,1,0
2535,1994,1,1,1,0,0,0,0,0,0,0
2535,1996,1,1,0,0,0,0,0,0,0,0
2562,2001,3,3,0,0,0,0,0,0,0,0
2562,2003,2,2,1,0,0,0,0,0,0,0
2574,2009,1,1,1,0,0,0,0,0,0,0
2574,2010,1,1,0,0,0,0,0,0,0,0
2581,1996,3,3,1,1,0,0,0,0,0,0
2581,1997,3,2,1,0,0,0,0,1,0,0
2581,2003,3,3,1,0,0,0,0,0,0,0
2581,2004,3,2,0,0,0,0,1,0,0,0
2590,2007,5,5,1,0,0,0,0,0,1,0
2597,1994,2,1,1,0,0,0,1,0,0,0
2597,1995,2,2,1,0,0,1,0,0,0,0
2608,1995,6,4,1,0,0,1,2,0,3,0
2608,1997,3,3,1,0,0,0,0,0,0,0
2609,1997,2,2,1,0,0,0,0,0,0,0
2622,1999,1,0,0,0,0,0,1,0,0,0
2640,2000,3,2,1,0,0,0,1,0,0,0
2640,2001,3,3,0,0,0,0,0,0,0,0
2640,2003,3,3,0,0,0,0,0,0,0,0
2640,2007,3,3,2,0,0,0,0,0,1,0
2640,2008,8,7,6,1,0,0,1,0,1,0
2640,2009,8,8,3,0,0,2,0,0,1,0
2654,2004,3,3,2,0,0,1,0,0,0,0
2654,2006,4,3,0,0,0,0,1,0,0,0
2654,2007,1,1,0,0,0,0,0,0,0,0
2661,2005,3,3,0,0,0,0,0,0,2,0
2661,2010,3,3,1,0,0,0,0,0,1,0
2721,1995,1,1,0,0,0,0,0,0,0,0
2742,2004,1,0,0,0,0,0,1,0,0,0
2750,2009,1,1,0,0,0,0,0,0,0,0
2754,2008,6,5,2,1,0,0,1,0,2,0
2754,2009,8,7,2,0,0,0,1,0,0,0
2767,1994,3,2,0,0,0,0,0,0,2,1
2767,1995,2,1,0,0,0,0,1,0,0,0
2786,2002,3,3,1,0,0,1,0,0,0,0
2789,2004,1,0,0,0,0,0,1,0,0,0
2798,1998,5,5,1,0,0,0,0,0,0,0
2810,2005,1,1,1,1,0,0,0,0,0,0
2810,2009,3,3,0,0,0,0,0,0,0,0
2810,2010,3,2,1,0,0,0,1,0,0,0
2823,2003,1,0,0,0,0,0,0,1,0,0
2823,2004,1,1,0,0,0,0,0,0,0,0
2837,1994,12,10,4,1,0,0,2,0,0,0
2841,2009,1,1,0,0,0,0,0,0,1,0
2845,1994,1,1,1,0,0,0,0,0,0,0
2847,2009,3,3,0,0,0,0,0,0,0,0
2855,2008,2,2,0,0,0,0,0,0,0,0
2906,1996,3,3,0,0,0,0,0,0,0,0
2906,1998,6,5,1,0,0,0,1,0,1,0
2911,2003,6,4,1,0,0,0,2,0,2,0
2911,2004,5,4,2,1,0,0,1,0,1,0
2911,2008,4,3,1,0,0,0,1,0,1,0
2919,2008,1,1,0,0,0,0,0,0,1,0
2919,2009,3,3,2,2,0,0,0,0,0,0
2933,2007,3,1,0,0,0,0,2,0,0,0
2935,2000,1,1,1,0,0,1,0,0,0,0
2935,2004,1,1,0,0,0,0,0,0,0,0
2945,1997,2,1,0,0,0,0,1,0,0,0
2964,1994,5,5,1,1,0,0,0,0,0,0
2964,1995,6,5,0,0,0,0,1,0,1,0
2964,1996,1,0,0,0,0,0,1,0,0,0
2966,2006,2,1,0,0,0,0,1,0,0,0
2966,2007,2,2,0,0,0,0,0,0,0,0
2966,2008,3,2,0,0,0,0,1,0,1,0
2970,2008,1,1,1,0,0,1,0,0,0,0
2981,2002,2,1,0,0,0,0,1,0,0,0
2981,2003,4,3,0,0,0,0,1,0,1,0
2981,2004,2,2,1,0,0,0,0,0,0,0
2981,2005,3,3,1,0,0,1,0,0,0,0
2981,2006,1,1,0,0,0,0,0,0,0,0
2981,2009,1,1,0,0,0,0,0,0,0,0
2988,1994,2,2,2,0,0,1,0,0,0,0
2996,2003,2,2,0,0,0,0,0,0,0,0
2996,2004,1,1,0,0,0,0,0,0,1,0
2996,2005,2,2,0,0,0,0,0,0,2,0
2996,2007,1,1,0,0,0,0,0,0,0,0
2996,2010,2,2,0,0,0,0,0,0,0,0
3000,2010,3,3,1,0,0,0,0,0,0,0
3001,1998,1,1,0,0,0,0,0,0,0,0
3002,2002,2,1,1,0,0,1,1,0,0,0
3002,2003,3,1,1,0,0,0,1,1,0,0
3002,2004,3,2,0,0,0,0,1,0,0,0
3002,2005,4,2,1,1,0,0,2,0,1,0
3016,2005,6,6,2,0,0,0,0,0,0,0
3016,2006,4,3,0,0,0,0,1,0,1,0
3016,2007,3,3,1,0,0,1,0,0,1,0
3016,2008,1,0,0,0,0,0,1,0,0,0
3023,2007,1,1,0,0,0,0,0,0,1,0
3028,1997,9,8,2,0,0,1,0,1,1,0
3028,1998,3,2,0,0,0,0,1,0,0,0
3041,2001,2,2,0,0,0,0,0,0,1,0
3041,2002,5,5,1,1,0,0,0,0,1,0
3041,2003,2,2,1,1,0,0,0,0,0,0
3041,2004,7,7,1,0,0,0,0,0,4,0
3041,2005,3,1,1,0,0,0,2,0,0,0
3046,2004,1,0,0,0,0,0,0,1,0,0
3048,1994,5,4,1,0,0,0,1,0,0,0
3052,2002,1,1,0,0,0,0,0,0,0,0
3052,2003,1,1,1,0,0,0,0,0,0,0
3062,2003,6,3,0,0,0,0,3,0,0,0
3062,2004,3,2,0,0,0,0,1,0,0,0
3062,2005,1,1,1,0,0,1,0,0,0,0
3062,2006,2,2,1,0,0,0,0,0,1,0
3066,2004,3,2,0,0,0,0,0,1,0,0
3066,2005,2,2,0,0,0,0,0,0,2,0
3066,2006,2,1,0,0,0,0,1,0,0,0
3067,2006,3,3,1,1,0,0,0,0,1,0
3070,2010,3,2,1,0,0,0,1,0,0,0
3086,2008,3,3,1,0,0,0,0,0,0,0
3086,2009,3,3,0,0,0,0,0,0,1,0
3086,2010,3,3,1,1,0,0,0,0,0,0
3130,1998,1,1,1,1,0,0,0,0,0,0
3131,2000,2,1,1,0,0,1,1,0,0,0
3131,2002,2,1,0,0,0,0,1,0,0,0
3131,2007,4,4,0,0,0,0,0,0,3,0
3131,2008,4,2,1,0,0,0,1,1,0,0
3138,2003,1,1,0,0,0,0,0,0,0,0
3143,1999,1,0,0,0,0,0,1,0,0,0
3173,1995,2,1,1,0,0,1,1,0,0,0
3214,1994,2,2,0,0,0,0,0,0,0,0
3214,1996,2,2,0,0,0,0,0,0,1,0
3216,1995,1,1,0,0,0,0,0,0,1,0
3216,2000,3,3,1,0,0,1,0,0,0,0
3219,1996,1,1,0,0,0,0,0,0,0,0
3222,2008,2,2,0,0,0,0,0,0,1,0
3223,2000,4,4,2,0,0,0,0,0,0,0
3223,2005,3,3,1,1,0,0,0,0,2,0
3229,1994,7,5,1,0,0,0,2,0,1,0
3229,1997,12,9,3,1,0,0,3,0,2,0
3229,1998,3,0,0,0,0,0,2,0,0,1
3229,2000,3,3,0,0,0,0,0,0,2,0
3229,2003,1,0,0,0,0,0,1,0,0,0
3248,1996,1,0,0,0,0,0,1,0,0,0
3248,2003,3,3,0,0,0,0,0,0,2,0
3262,2007,3,3,1,0,0,0,0,0,2,0
3262,2008,1,1,0,0,0,0,0,0,0,0
3262,2009,2,1,0,0,0,0,1,0,0,0
3296,1995,9,9,3,1,0,0,0,0,1,0
3296,1996,8,7,2,2,0,0,1,0,1,0
3296,1998,4,4,2,1,0,1,0,0,0,0
3296,1999,4,3,2,0,0,2,1,0,0,0
3296,2002,9,8,2,1,0,0,0,1,1,0
3313,1997,1,0,0,0,0,0,1,0,0,0
3313,1998,4,3,0,0,0,0,1,0,1,0
3313,2000,5,4,1,0,0,1,1,0,1,0
3313,2001,7,5,2,1,0,0,2,0,3,0
3313,2002,3,3,0,0,0,0,0,0,1,0
3313,2003,9,8,2,0,0,0,1,0,1,0
3313,2005,4,4,1,1,0,0,0,0,1,0
3313,2006,5,5,1,1,0,0,0,0,1,0
3317,1995,7,7,3,0,0,0,0,0,2,0
3317,1997,1,0,0,0,0,0,1,0,0,0
3322,2008,2,2,1,0,0,1,0,0,0,0
3339,2008,5,5,2,0,0,1,0,0,0,0
3345,2003,2,2,0,0,0,0,0,0,0,0
3347,2009,1,1,0,0,0,0,0,0,1,0
3351,2000,2,2,1,0,0,0,0,0,1,0
3351,2005,2,2,0,0,0,0,0,0,0,0
3374,1998,1,1,1,0,0,1,0,0,0,0
3374,1999,1,1,1,0,0,0,0,0,0,0
3374,2002,3,2,2,0,0,1,1,0,0,0
3374,2004,1,0,0,0,0,0,1,0,0,0
3374,2008,1,0,0,0,0,0,1,0,0,0
3375,2006,1,0,0,0,0,0,1,0,0,0
3375,2007,2,1,0,0,0,0,1,0,0,0
3389,2008,1,1,0,0,0,0,0,0,0,0
3409,2002,1,1,1,1,0,0,0,0,0,0
3410,2006,2,2,0,0,0,0,0,0,1,0
3410,2007,5,5,2,1,0,0,0,0,1,0
3410,2008,1,1,0,0,0,0,0,0,0,0
3420,1997,3,2,2,1,0,0,1,0,0,0
3420,1998,4,3,2,0,0,1,1,0,0,0
3420,1999,4,4,1,1,0,0,0,0,1,0
3420,2000,1,0,0,0,0,0,1,0,0,0
3420,2003,1,0,0,0,0,0,1,0,0,0
3431,2007,2,2,0,0,0,0,0,0,0,0
3434,2006,1,1,0,0,0,0,0,0,1,0
3434,2007,1,1,0,0,0,0,0,0,1,0
3455,1994,6,6,0,0,0,0,0,0,2,0
3455,1995,10,8,2,0,0,0,2,0,2,0
3455,1996,10,10,7,1,0,2,0,0,0,0
3468,1994,4,4,2,0,0,0,0,0,1,0
3482,1995,2,1,1,0,0,0,1,0,0,0
3482,1996,2,2,1,0,0,0,0,0,0,0
3482,1997,2,2,1,0,0,0,0,0,1,0
3482,1998,1,1,0,0,0,0,0,0,1,0
3482,1999,1,1,0,0,0,0,0,0,0,0
3494,2002,2,1,1,0,0,0,1,0,0,0
3512,2001,5,5,1,0,0,1,0,0,2,0
3512,2002,2,2,2,1,0,0,0,0,0,0
3519,1994,3,1,0,0,0,0,2,0,1,0
3519,1995,3,2,0,0,0,0,1,0,0,0
3519,1996,10,8,3,1,0,1,2,0,1,0
3519,1997,4,4,0,0,0,0,0,0,2,0
3519,1998,9,9,4,0,0,2,0,0,3,0
3519,1999,7,5,2,0,0,0,2,0,3,0
3519,2001,3,3,1,0,0,0,0,0,1,0
3522,1994,3,2,0,0,0,0,1,0,2,0
3526,2000,2,1,0,0,0,0,1,0,0,0
3526,2002,1,1,0,0,0,0,0,0,0,0
3526,2003,1,1,0,0,0,0,0,0,0,0
3536,2009,2,1,1,0,0,0,1,0,0,0
3564,1995,4,3,1,1,0,0,1,0,0,0
3566,1996,3,3,1,1,0,0,0,0,0,0
3566,1997,3,3,0,0,0,0,0,0,0,0
3577,1996,1,0,0,0,0,0,1,0,0,0
3577,1997,5,5,2,2,0,0,0,0,1,0
3577,1998,8,7,3,1,1,1,1,0,2,0
3577,1999,3,3,1,0,0,0,0,0,2,0
3596,2007,2,1,0,0,0,0,1,0,0,0
3600,2005,3,3,1,0,0,0,0,0,0,0
3600,2007,3,3,1,0,0,0,0,0,1,0
3600,2009,2,0,0,0,0,0,1,1,0,0
3626,2003,1,1,0,0,0,0,0,0,0,0
3628,1997,2,2,1,0,0,0,0,0,0,0
3628,1998,2,2,1,0,0,0,0,0,0,0
3641,1995,2,1,0,0,0,0,1,0,0,0
3644,2005,9,7,2,0,0,1,0,2,4,0
3644,2006,11,7,1,1,0,0,2,1,0,1
3650,2005,1,1,0,0,0,0,0,0,0,0
3651,2001,2,1,0,0,0,0,0,1,0,0
3652,2001,1,0,0,0,0,0,1,0,0,0
3659,1997,2,2,0,0,0,0,0,0,1,0
3659,1999,3,3,0,0,0,0,0,0,2,0
3659,2000,1,1,0,0,0,0,0,0,0,0
3659,2002,1,1,0,0,0,0,0,0,0,0
3659,2003,3,3,1,0,0,1,0,0,1,0
3659,2008,2,2,0,0,0,0,0,0,2,0
3665,1998,1,1,0,0,0,0,0,0,0,0
3683,2007,3,3,1,0,0,0,0,0,1,0
3683,2008,6,6,1,0,0,0,0,0,1,0
3683,2010,3,3,1,0,0,1,0,0,0,0
3694,2003,4,4,2,0,0,0,0,0,0,0
3694,2004,6,5,2,1,0,1,0,0,0,1
3694,2005,3,3,1,0,0,1,0,0,1,0
3694,2008,2,0,0,0,0,0,2,0,0,0
3694,2009,4,4,0,0,0,0,0,0,1,0
3699,2003,3,2,1,0,0,1,1,0,0,0
3699,2005,1,0,0,0,0,0,1,0,0,0
3702,1998,2,2,0,0,0,0,0,0,1,0
3702,1999,3,3,0,0,0,0,0,0,1,0
3702,2000,2,2,1,0,0,1,0,0,0,0
3703,2004,3,2,0,0,0,0,1,0,0,0
3703,2005,6,6,3,0,0,2,0,0,1,0
3703,2007,4,4,0,0,0,0,0,0,1,0
3711,2004,1,1,0,0,0,0,0,0,0,0
3754,1993,1,0,0,0,0,0,1,0,0,0
3756,2006,1,0,0,0,0,0,1,0,0,0
3765,2007,1,0,0,0,0,0,1,0,0,0
3765,2008,1,1,0,0,0,0,0,0,1,0
3765,2010,3,2,0,0,0,0,1,0,0,0
3776,2009,1,1,1,0,0,1,0,0,0,0
3786,2004,2,1,0,0,0,0,1,0,0,0
3786,2005,2,2,0,0,0,0,0,0,1,0
3786,2006,2,1,0,0,0,0,1,0,0,0
3797,2000,1,1,1,0,0,1,0,0,0,0
3798,1999,1,1,0,0,0,0,0,0,0,0
3798,2000,1,1,0,0,0,0,0,0,1,0
3798,2002,1,0,0,0,0,0,1,0,0,0
3809,2007,2,2,0,0,0,0,0,0,0,0
3811,1997,1,1,1,0,0,0,0,0,0,0
3811,1999,1,0,0,0,0,0,1,0,0,0
3818,2008,3,3,0,0,0,0,0,0,1,0
3818,2010,3,2,0,0,0,0,0,0,1,1
3834,2009,6,5,3,1,0,1,1,0,0,0
3849,1994,1,1,0,0,0,0,0,0,0,0
3870,2000,4,4,1,1,0,0,0,0,1,0
3870,2001,3,3,0,0,0,0,0,0,2,0
3870,2002,3,3,2,0,0,0,0,0,0,0
3870,2003,6,3,0,0,0,0,3,0,1,0
3870,2004,7,6,2,0,0,2,1,0,1,0
3870,2006,3,3,3,2,0,0,0,0,0,0
3876,2007,2,2,0,0,0,0,0,0,0,0
3876,2008,2,2,0,0,0,0,0,0,0,0
3876,2010,1,1,1,0,0,0,0,0,0,0
3878,2010,1,0,0,0,0,0,1,0,0,0
3899,1996,1,1,0,0,0,0,0,0,0,0
3899,1998,1,1,0,0,0,0,0,0,0,0
3899,1999,1,1,0,0,0,0,0,0,0,0
3899,2000,2,2,1,0,0,0,0,0,0,0
3900,1996,3,1,1,0,0,1,2,0,0,0
3902,2003,1,0,0,0,0,0,1,0,0,0
3917,1994,1,1,1,0,0,1,0,0,0,0
3917,1995,1,1,0,0,0,0,0,0,0,0
3925,2000,5,5,2,1,0,0,0,0,1,0
3925,2001,2,2,2,0,0,1,0,0,0,0
3925,2002,3,1,1,0,0,0,2,0,0,0
3925,2004,3,3,2,1,0,1,0,0,0,0
3925,2005,6,4,1,0,0,0,2,0,2,0
3925,2006,3,2,1,1,0,0,1,0,0,0
3925,2007,6,4,2,0,0,1,2,0,1,0
3925,2008,6,4,2,1,0,0,2,0,2,0
3925,2009,3,2,1,0,0,0,1,0,0,0
3925,2010,4,4,1,0,0,0,0,0,1,0
3951,2007,3,2,1,0,0,0,1,0,0,0
3951,2008,9,9,4,1,0,0,0,0,1,0
3966,2003,4,3,2,0,0,2,1,0,0,0
3966,2004,2,1,0,0,0,0,0,0,0,1
3966,2006,2,2,0,0,0,0,0,0,1,0
3966,2007,6,5,3,0,0,0,1,0,0,0
3966,2009,3,2,0,0,0,0,1,0,0,0
3971,2005,1,1,0,0,0,0,0,0,1,0
3971,2006,1,1,0,0,0,0,0,0,1,0
3971,2008,1,0,0,0,0,0,1,0,0,0
3971,2009,1,1,0,0,0,0,0,0,0,0
3976,2009,6,6,3,1,0,2,0,0,0,0
3989,2002,2,2,0,0,0,0,0,0,0,0
3989,2003,3,3,0,0,0,0,0,0,0,0
3989,2004,3,1,0,0,0,0,2,0,0,0
4000,2003,1,1,0,0,0,0,0,0,0,0
4000,2005,2,2,1,1,0,0,0,0,1,0
4003,2010,1,0,0,0,0,0,0,1,0,0
4030,1993,1,1,1,0,0,1,0,0,0,0
4035,2008,3,3,1,0,0,0,0,0,1,0
4076,2000,1,1,1,0,0,0,0,0,0,0
4076,2001,1,1,1,1,0,0,0,0,0,0
4086,1995,3,3,2,0,0,1,0,0,0,0
4095,2001,3,2,1,0,0,0,1,0,0,0
4095,2006,3,2,0,0,0,0,1,0,0,0
4102,2001,2,2,0,0,0,0,0,0,0,0
4102,2002,1,1,0,0,0,0,0,0,0,0
4102,2003,1,1,0,0,0,0,0,0,0,0
4102,2007,2,2,1,0,0,1,0,0,0,0
4102,2008,2,2,0,0,0,0,0,0,0,0
4105,2000,3,3,1,1,0,0,0,0,0,0
4106,2004,6,6,1,1,0,0,0,0,1,0
4106,2008,2,1,0,0,0,0,1,0,0,0
4122,1995,1,1,0,0,0,0,0,0,0,0
4122,1996,8,7,2,0,0,1,0,0,1,1
4163,2007,1,0,0,0,0,0,0,1,0,0
4170,2010,3,2,1,0,0,0,1,0,0,0
4173,1997,4,2,0,0,0,0,2,0,0,0
4173,1998,3,3,1,0,0,0,0,0,1,0
4173,2003,12,10,5,1,0,3,2,0,1,0
4173,2004,3,2,1,0,0,0,1,0,0,0
4180,2009,1,1,0,0,0,0,0,0,0,0
4203,1996,6,6,0,0,0,0,0,0,1,0
4203,1997,9,8,2,1,0,0,0,1,1,0
4219,1994,1,1,0,0,0,0,0,0,0,0
4219,1995,6,5,1,0,0,0,1,0,1,0
4219,1996,11,9,2,0,0,1,2,0,1,0
4219,1997,4,3,0,0,0,0,1,0,1,0
4219,1998,1,1,1,0,0,0,0,0,0,0
4219,1999,2,1,0,0,0,0,1,0,0,0
4219,2003,4,4,1,0,0,0,0,0,1,0
4219,2004,8,7,0,0,0,0,1,0,2,0
4219,2005,6,5,2,0,0,2,1,0,0,0
4219,2006,1,0,0,0,0,0,1,0,0,0
4231,2009,2,2,1,0,0,0,0,0,0,0
4231,2010,3,3,0,0,0,0,0,0,0,0
4249,2005,1,0,0,0,0,0,1,0,0,0
4249,2008,2,2,0,0,0,0,0,0,0,0
4264,2004,1,1,1,0,0,1,0,0,0,0
4269,1996,1,1,0,0,0,0,0,0,1,0
4282,1999,3,3,2,0,0,1,0,0,0,0
4326,2007,4,4,1,0,0,0,0,0,1,0
4326,2008,1,1,1,0,0,0,0,0,0,0
4336,2004,2,2,1,0,0,0,0,0,1,0
4336,2005,1,1,0,0,0,0,0,0,0,0
4337,2009,4,2,0,0,0,0,2,0,2,0
4337,2010,1,1,0,0,0,0,0,0,1,0
4343,1998,5,3,2,0,0,2,2,0,0,0
4344,2005,4,3,0,0,0,0,1,0,0,0
4344,2007,4,3,2,1,0,0,1,0,0,0
4361,2006,2,1,1,0,0,0,1,0,0,0
4361,2008,2,2,1,0,0,0,0,0,0,0
4361,2009,1,0,0,0,0,0,1,0,0,0
4364,1996,4,2,2,1,0,0,2,0,0,0
4364,1999,2,1,0,0,0,0,1,0,0,0
4364,2000,1,1,1,0,0,0,0,0,0,0
4364,2001,3,3,0,0,0,0,0,0,1,0
4364,2002,1,1,0,0,0,0,0,0,0,0
4364,2003,2,2,0,0,0,0,0,0,1,0
4364,2004,5,5,0,0,0,0,0,0,0,0
4364,2005,1,1,0,0,0,0,0,0,0,0
4372,1993,2,2,0,0,0,0,0,0,1,0
4372,1994,4,3,0,0,0,0,1,0,2,0
4372,1998,1,1,0,0,0,0,0,0,0,0
4372,2000,3,2,1,0,0,0,1,0,0,0
4372,2001,1,1,0,0,0,0,0,0,0,0
4372,2002,1,1,1,0,0,0,0,0,0,0
4372,2004,2,0,0,0,0,0,2,0,0,0
4377,1995,6,3,2,1,0,0,3,0,1,0
4377,1996,3,3,1,0,0,0,0,0,2,0
4393,2002,3,2,1,0,0,0,1,0,1,0
4393,2004,1,1,1,0,0,0,0,0,0,0
4393,2005,2,2,1,0,0,0,0,0,0,0
4399,1994,2,2,1,1,0,0,0,0,1,0
4399,1995,3,3,1,0,0,0,0,0,2,0
4399,1998,1,1,1,0,0,0,0,0,0,0
4399,1999,2,1,0,0,0,0,1,0,0,0
4399,2000,1,1,0,0,0,0,0,0,0,0
4399,2001,1,1,0,0,0,0,0,0,0,0
4399,2002,1,1,0,0,0,0,0,0,0,0
4399,2003,2,2,1,0,0,0,0,0,0,0
4399,2004,1,1,0,0,0,0,0,0,1,0
4399,2005,2,2,0,0,0,0,0,0,1,0
4401,1997,1,1,1,0,0,0,0,0,0,0
4412,2004,1,1,0,0,0,0,0,0,0,0
4412,2008,1,1,1,0,0,1,0,0,0,0
4412,2010,1,0,0,0,0,0,1,0,0,0
4435,1994,7,6,2,1,0,1,1,0,2,0
4439,1997,1,0,0,0,0,0,1,0,0,0
4439,1998,1,0,0,0,0,0,1,0,0,0
4439,2000,2,2,1,0,0,0,0,0,0,0
4449,2006,1,1,0,0,0,0,0,0,0,0
4449,2007,6,6,2,0,0,0,0,0,1,0
4449,2008,9,7,3,1,0,1,2,0,0,0
4449,2011,3,3,0,0,0,0,0,0,1,0
4450,1994,1,1,0,0,0,0,0,0,0,0
4450,1995,3,2,1,0,0,0,1,0,1,0
4450,1999,1,0,0,0,0,0,1,0,0,0
4450,2000,1,1,1,0,0,1,0,0,0,0
4450,2001,1,1,1,0,0,0,0,0,0,0
4454,2009,2,2,0,0,0,0,0,0,1,0
4459,2009,1,1,1,0,0,0,0,0,0,0
4468,1994,7,6,0,0,0,0,1,0,1,0
4468,1996,4,3,1,0,0,0,1,0,0,0
4468,1998,3,2,0,0,0,0,1,0,0,0
4468,1999,4,4,1,0,0,0,0,0,2,0
4468,2000,2,2,1,0,0,0,0,0,1,0
4485,1995,4,4,0,0,0,0,0,0,1,0
4493,2007,3,2,1,0,0,0,1,0,0,0
4493,2008,1,1,0,0,0,0,0,0,0,0
4510,1999,6,4,2,0,0,0,1,1,2,0
4510,2000,6,4,2,1,0,0,2,0,1,0
4510,2001,6,5,2,1,0,0,1,0,0,0
4510,2002,1,1,1,0,0,0,0,0,0,0
4510,2004,10,9,1,1,0,0,1,0,1,0
4510,2006,2,2,1,0,0,0,0,0,0,0
4521,1994,1,0,0,0,0,0,1,0,0,0
4521,1995,1,1,1,0,0,0,0,0,0,0
4530,2000,4,3,1,0,0,1,1,0,1,0
4530,2001,5,3,1,1,0,0,2,0,2,0
4530,2002,9,9,1,0,0,0,0,0,3,0
4530,2003,19,19,3,1,0,0,0,0,6,0
4530,2004,12,12,4,0,0,0,0,0,1,0
4530,2005,9,7,2,0,0,1,2,0,1,0
4530,2006,8,8,5,1,0,1,0,0,1,0
4530,2007,12,10,2,1,0,0,1,0,0,1
4530,2008,8,8,2,1,0,0,0,0,2,0
4536,2004,3,3,2,0,0,1,0,0,0,0
4536,2006,1,1,0,0,0,0,0,0,0,0
4543,2008,9,8,2,0,0,0,1,0,1,0
4552,2001,10,10,6,1,0,1,0,0,2,0
4558,1995,1,0,0,0,0,0,1,0,0,0
4559,1997,2,1,0,0,0,0,1,0,0,0
4559,2003,1,1,0,0,0,0,0,0,0,0
4559,2004,1,1,1,0,0,1,0,0,0,0
4561,2007,3,3,0,0,0,0,0,0,1,0
4561,2008,3,2,0,0,0,0,1,0,1,0
4561,2009,4,3,1,0,0,0,1,0,0,0
4569,2008,1,0,0,0,0,0,1,0,0,0
4570,1997,4,4,1,1,0,0,0,0,0,0
4570,1999,4,4,0,0,0,0,0,0,3,0
4570,2004,3,3,1,1,0,0,0,0,0,0
4570,2009,3,3,1,1,0,0,0,0,0,0
4578,1996,1,0,0,0,0,0,1,0,0,0
4585,1994,4,4,2,1,0,1,0,0,0,0
4585,1995,4,4,2,0,0,0,0,0,0,0
4585,1996,13,13,5,3,0,0,0,0,0,0
4585,1998,3,3,1,0,0,1,0,0,1,0
4598,2008,1,1,1,0,0,0,0,0,0,0
4598,2009,1,1,0,0,0,0,0,0,0,0
4601,2008,1,0,0,0,0,0,1,0,0,0
4604,1995,11,10,2,0,1,0,1,0,5,0
4604,1996,9,8,1,0,0,0,0,0,0,1
4604,1998,2,0,0,0,0,0,2,0,0,0
4605,1996,5,5,0,0,0,0,0,0,1,0
4608,2009,3,3,1,0,0,0,0,0,1,0
4608,2010,3,3,2,1,0,0,0,0,1,0
4611,2002,3,3,1,0,0,1,0,0,1,0
4611,2005,3,2,1,0,0,0,1,0,1,0
4611,2008,3,3,1,0,0,0,0,0,1,0
4611,2010,5,5,4,0,0,0,0,0,1,0
4619,2003,2,1,1,0,0,1,1,0,0,0
4619,2004,3,2,1,0,0,1,1,0,0,0
4619,2008,9,8,1,0,0,1,1,0,4,0
4620,2005,4,3,2,0,0,1,0,1,1,0
4620,2006,6,6,3,2,0,0,0,0,0,0
4620,2007,3,3,1,0,0,0,0,0,1,0
4620,2008,9,6,3,1,0,1,2,1,1,0
4620,2009,10,8,6,1,0,1,2,0,0,0
4620,2010,11,9,3,0,0,0,2,0,0,0
4625,1999,1,1,1,1,0,0,0,0,0,0
4626,1995,3,3,0,0,0,0,0,0,2,0
4631,1998,3,2,1,1,0,0,1,0,0,0
4631,1999,3,2,0,0,0,0,1,0,2,0
4637,2000,2,1,0,0,0,0,1,0,1,0
4637,2001,5,5,3,0,0,1,0,0,2,0
4637,2002,3,2,1,0,0,0,1,0,0,0
4637,2003,5,3,0,0,0,0,2,0,2,0
4637,2004,3,2,1,1,0,0,1,0,1,0
4637,2005,4,3,2,0,1,0,1,0,0,0
4637,2006,1,1,1,0,0,0,0,0,0,0
4651,1993,1,1,0,0,0,0,0,0,0,0
4651,1994,1,1,0,0,0,0,0,0,1,0
4652,1995,4,3,2,0,0,1,1,0,0,0
4670,1996,2,2,1,0,0,0,0,0,0,0
4670,1997,5,5,2,0,0,0,0,0,0,0
4670,1998,1,0,0,0,0,0,1,0,0,0
4671,1998,1,1,0,0,0,0,0,0,0,0
4696,1993,1,1,0,0,0,0,0,0,0,0
4701,2003,2,1,1,0,0,0,1,0,0,0
4701,2006,3,2,1,0,0,0,1,0,1,0
4708,1997,6,5,1,0,0,1,1,0,1,0
4708,1998,4,3,1,0,0,1,1,0,1,0
4708,1999,1,1,1,0,0,0,0,0,0,0
4708,2000,3,3,1,0,0,0,0,0,0,0
4708,2002,1,1,0,0,0,0,0,0,1,0
4708,2003,3,2,0,0,0,0,1,0,0,0
4708,2004,2,2,1,0,0,0,0,0,1,0
4708,2005,1,1,1,0,0,0,0,0,0,0
4724,1997,1,1,0,0,0,0,0,0,1,0
4730,2009,2,1,0,0,0,0,1,0,1,0
4730,2010,2,2,1,1,0,0,0,0,0,0
4731,1997,3,3,0,0,0,0,0,0,0,0
4731,1998,6,6,2,0,0,0,0,0,1,0
4731,1999,3,3,2,0,0,0,0,0,0,0
4731,2000,3,2,0,0,0,0,1,0,0,0
4731,2001,1,1,0,0,0,0,0,0,0,0
4731,2002,3,3,2,0,0,0,0,0,0,0
4731,2003,3,3,2,2,0,0,0,0,0,0
4731,2006,5,4,1,0,0,0,0,0,1,1
4731,2008,2,2,0,0,0,0,0,0,1,0
4731,2009,1,1,1,0,0,0,0,0,0,0
4742,2008,2,2,1,0,0,1,0,0,0,0
4744,1996,1,0,0,0,0,0,1,0,0,0
4744,1997,6,4,0,0,0,0,2,0,3,0
4744,1998,9,8,4,1,0,1,1,0,0,0
4744,1999,7,5,3,0,0,3,2,0,0,0
4785,2010,1,0,0,0,0,0,1,0,0,0
4803,1995,2,2,1,1,0,0,0,0,0,0
4803,1998,3,3,1,0,0,0,0,0,1,0
4803,1999,6,4,2,0,0,0,1,0,0,1
4803,2000,3,3,0,0,0,0,0,0,1,0
4803,2001,2,2,1,0,0,0,0,0,1,0
4803,2003,6,5,1,0,0,0,0,1,1,0
4825,2002,2,1,0,0,0,0,1,0,0,0
4825,2003,11,10,5,1,0,1,1,0,0,0
4825,2004,13,9,4,2,0,0,4,0,0,0
4825,2005,6,6,3,1,0,1,0,0,0,0
4831,1994,1,1,0,0,0,0,0,0,0,0
4834,2008,4,4,4,0,0,1,0,0,0,0
4835,1995,1,1,0,0,0,0,0,0,0,0
4835,1996,1,1,0,0,0,0,0,0,1,0
4839,2007,4,3,2,0,0,1,1,0,1,0
4840,1997,1,1,0,0,0,0,0,0,0,0
4840,1998,2,2,2,0,0,1,0,0,0,0
4844,1995,1,1,0,0,0,0,0,0,0,0
4845,1998,1,1,0,0,0,0,0,0,0,0
4845,2001,1,1,0,0,0,0,0,0,1,0
4853,2008,2,0,0,0,0,0,1,0,0,1
4857,1994,3,3,0,0,0,0,0,0,1,0
4857,1995,7,7,3,0,0,2,0,0,1,0
4857,1996,4,2,0,0,0,0,2,0,0,0
4857,1997,7,7,3,0,0,0,0,0,1,0
4857,1998,3,2,0,0,0,0,1,0,0,0
4857,1999,10,6,1,0,0,0,3,0,1,1
4857,2001,3,3,1,0,0,0,0,0,2,0
4857,2002,6,6,4,0,0,2,0,0,1,0
4857,2003,8,7,1,0,0,0,1,0,2,0
4857,2004,3,2,0,0,0,0,1,0,0,0
4862,1999,1,1,1,1,0,0,0,0,0,0
4862,2002,2,2,0,0,0,0,0,0,2,0
4862,2004,1,0,0,0,0,0,1,0,0,0
4863,1996,1,1,1,0,0,1,0,0,0,0
4863,1998,1,1,0,0,0,0,0,0,0,0
4863,1999,8,8,2,0,0,1,0,0,2,0
4863,2000,8,8,3,1,0,1,0,0,1,0
4863,2001,6,5,3,0,0,1,1,0,1,0
4866,1995,2,1,1,0,0,1,0,0,0,0
4869,2004,1,1,0,0,0,0,0,0,1,0
4869,2009,1,1,1,0,0,0,0,0,0,0
4871,2005,1,1,1,0,0,0,0,0,0,0
4876,2001,2,2,2,0,0,1,0,0,0,0
4876,2002,1,1,0,0,0,0,0,0,1,0
4896,2006,3,3,1,0,0,0,0,0,2,0
4896,2007,3,3,0,0,0,0,0,0,1,0
4896,2008,4,3,1,0,0,0,1,0,0,0
4910,2006,2,2,1,0,0,0,0,0,0,0
4910,2008,6,6,4,2,0,1,0,0,0,0
4910,2009,6,4,3,1,0,0,2,0,0,0
4916,1998,7,5,0,0,0,0,1,0,2,1
4916,1999,7,5,2,0,0,1,2,0,0,0
4916,2000,8,7,2,0,0,2,0,1,3,0
4916,2001,9,9,5,2,0,0,0,0,2,0
4916,2002,6,4,1,0,0,0,2,0,0,0
4916,2004,2,0,0,0,0,0,2,0,0,0
4916,2005,3,2,1,0,0,1,1,0,0,0
4920,1994,4,4,1,0,0,1,0,0,3,0
4920,1996,4,3,1,0,0,0,1,0,0,0
4920,1998,1,1,0,0,0,0,0,0,0,0
4920,1999,1,1,1,0,0,0,0,0,0,0
4920,2000,2,1,0,0,0,0,1,0,0,0
4920,2001,1,1,1,0,0,0,0,0,0,0
4920,2007,2,1,0,0,0,0,1,0,0,0
4922,2005,3,3,1,0,0,1,0,0,1,0
4922,2006,3,3,2,0,0,0,0,0,0,0
4922,2008,3,3,0,0,0,0,0,0,1,0
4929,1994,3,3,0,0,0,0,0,0,1,0
4929,1997,2,1,1,0,0,1,1,0,0,0
4929,1998,1,1,0,0,0,0,0,0,0,0
4960,1994,6,4,2,1,0,0,2,0,0,0
4972,1994,3,3,3,0,0,0,0,0,0,0
4993,1994,4,4,1,1,0,0,0,0,1,0
4996,2002,2,2,1,1,0,0,0,0,1,0
5012,1997,3,2,1,1,0,0,1,0,1,0
5012,1999,6,4,1,0,0,0,2,0,1,0
5012,2001,1,0,0,0,0,0,1,0,0,0
5019,2006,4,3,1,0,0,0,1,0,0,0
5045,1993,2,2,0,0,0,0,0,0,0,0
5045,1994,5,5,3,0,0,1,0,0,0,0
5045,1995,6,2,0,0,0,0,4,0,0,0
5045,1996,8,7,2,0,0,1,1,0,1,0
5045,2003,1,1,1,0,0,0,0,0,0,0
5053,2008,3,2,0,0,0,0,1,0,0,0
5059,2000,1,1,0,0,0,0,0,0,0,0
5069,2007,1,1,0,0,0,0,0,0,0,0
5079,2007,1,1,0,0,0,0,0,0,0,0
5079,2009,1,1,0,0,0,0,0,0,0,0
5108,1998,2,2,0,0,0,0,0,0,1,0
5108,2002,2,2,0,0,0,0,0,0,0,0
5118,1997,4,3,0,0,0,0,1,0,1,0
5118,1999,3,2,0,0,0,0,1,0,1,0
5118,2001,3,3,1,0,0,1,0,0,0,0
5121,1997,1,1,0,0,0,0,0,0,0,0
5126,1995,1,1,0,0,0,0,0,0,0,0
5128,1994,1,1,0,0,0,0,0,0,1,0
5128,1995,2,1,1,0,0,0,1,0,0,0
5150,1994,2,2,0,0,0,0,0,0,1,0
5150,1995,2,1,0,0,0,0,1,0,1,0
5184,1994,3,2,0,0,0,0,1,0,1,0
5201,1994,2,2,0,0,0,0,0,0,0,0
5203,2006,3,2,0,0,0,0,1,0,1,0
5203,2007,1,1,1,0,0,0,0,0,0,0
5203,2008,3,2,1,0,0,0,1,0,0,0
5207,1994,1,0,0,0,0,0,1,0,0,0
5209,1998,2,2,0,0,0,0,0,0,0,0
5209,2000,1,0,0,0,0,0,1,0,0,0
5209,2001,2,1,0,0,0,0,1,0,0,0
5209,2005,2,2,2,0,0,0,0,0,0,0
5209,2009,4,3,2,1,0,0,1,0,1,0
5209,2010,1,0,0,0,0,0,1,0,0,0
5228,1997,1,0,0,0,0,0,1,0,0,0
5236,1995,3,3,1,0,0,0,0,0,0,0
5236,1996,4,3,1,0,0,0,1,0,2,0
5236,1997,3,3,0,0,0,0,0,0,1,0
5240,2005,2,1,0,0,0,0,1,0,1,0
5240,2006,9,8,3,1,0,0,1,0,3,0
5243,1999,4,3,1,1,0,0,0,1,1,0
5243,2000,7,6,3,0,1,0,1,0,2,0
5243,2001,4,4,1,0,0,0,0,0,0,0
5243,2002,3,3,0,0,0,0,0,0,1,0
5243,2003,3,3,1,0,0,0,0,0,1,0
5243,2004,6,5,2,1,0,0,1,0,1,0
5243,2005,3,3,0,0,0,0,0,0,0,0
5243,2006,3,2,0,0,0,0,1,0,1,0
5243,2007,6,6,1,0,0,0,0,0,0,0
5243,2010,1,1,0,0,0,0,0,0,0,0
5258,2008,2,2,2,0,0,0,0,0,0,0
5264,1996,2,2,0,0,0,0,0,0,0,0
5270,2010,2,1,1,0,0,0,0,1,0,0
5301,1994,2,2,2,0,0,0,0,0,0,0
5306,1995,6,2,0,0,0,0,4,0,1,0
5306,1996,1,1,0,0,0,0,0,0,1,0
5306,1997,2,1,1,0,0,0,0,1,0,0
5315,1996,3,2,0,0,0,0,1,0,2,0
5327,2007,3,1,0,0,0,0,2,0,1,0
5331,1994,1,1,1,1,0,0,0,0,0,0
5331,1995,1,0,0,0,0,0,0,0,0,1
5349,1997,4,3,1,1,0,0,1,0,2,0
5349,1998,2,2,2,0,0,2,0,0,0,0
5349,1999,6,4,0,0,0,0,2,0,2,0
5361,1999,1,1,1,0,0,1,0,0,0,0
5361,2000,3,3,0,0,0,0,0,0,1,0
5361,2001,2,1,1,1,0,0,1,0,0,0
5361,2003,1,1,1,0,0,0,0,0,0,0
5361,2008,2,1,0,0,0,0,1,0,0,0
5384,2006,1,1,0,0,0,0,0,0,0,0
5384,2008,9,9,1,0,0,0,0,0,4,0
5384,2010,5,4,1,1,0,0,1,0,2,0
5392,1996,5,4,0,0,0,0,1,0,2,0
5392,2004,1,1,1,0,0,0,0,0,0,0
5400,2009,2,2,0,0,0,0,0,0,0,0
5402,2008,1,1,1,0,0,0,0,0,0,0
5420,2007,3,2,1,0,0,0,1,0,0,0
5424,2002,5,5,1,0,0,0,0,0,2,0
5430,1996,3,2,0,0,0,0,0,0,0,1
5430,1997,2,2,0,0,0,0,0,0,1,0
5430,1998,1,1,0,0,0,0,0,0,0,0
5438,2007,3,3,2,0,0,0,0,0,0,0
5441,1997,1,1,0,0,0,0,0,0,1,0
5444,1997,1,1,1,0,0,0,0,0,0,0
5444,2004,1,1,0,0,0,0,0,0,0,0
5471,2005,2,2,0,0,0,0,0,0,2,0
5471,2006,2,1,0,0,0,0,1,0,1,0
5480,2004,3,1,0,0,0,0,1,1,0,0
5480,2008,3,1,0,0,0,0,2,0,0,0
5487,2010,1,1,0,0,0,0,0,0,0,0
5487,2011,1,1,0,0,0,0,0,0,0,0
5489,1998,2,2,0,0,0,0,0,0,0,0
5497,2008,1,0,0,0,0,0,1,0,0,0
5505,2004,1,1,0,0,0,0,0,0,0,0
5513,1994,5,5,1,0,0,0,0,0,1,0
5515,2008,3,3,0,0,0,0,0,0,1,0
5515,2009,9,9,1,0,0,0,0,0,5,0
5515,2010,3,1,0,0,0,0,1,1,0,0
5516,2009,1,1,1,0,1,0,0,0,0,0
5538,1997,2,2,1,0,0,0,0,0,0,0
5539,1996,5,4,1,0,0,1,1,0,1,0
5539,1998,2,1,0,0,0,0,1,0,0,0
5539,1999,4,3,2,1,0,0,1,0,0,0
5560,1997,1,1,1,0,0,1,0,0,0,0
5560,1998,2,2,2,0,0,0,0,0,0,0
5560,1999,5,4,2,1,0,1,1,0,2,0
5560,2000,2,1,0,0,0,0,0,1,0,0
5560,2001,11,9,3,0,0,0,2,0,0,0
5560,2002,7,5,2,1,0,0,2,0,0,0
5560,2003,16,14,5,1,0,1,1,1,0,0
5560,2004,3,3,1,1,0,0,0,0,0,0
5560,2005,4,3,2,1,0,0,1,0,0,0
5561,2003,2,0,0,0,0,0,2,0,0,0
5562,2006,3,2,1,0,0,0,1,0,1,0
5562,2009,3,2,0,0,0,0,0,1,0,0
5562,2010,3,2,1,0,0,0,0,0,0,1
5563,2007,1,0,0,0,0,0,0,0,0,1
5563,2008,4,4,2,0,0,0,0,0,0,0
5563,2011,1,1,0,0,0,0,0,0,0,0
5576,1997,4,3,2,1,0,1,1,0,0,0
5578,2000,1,0,0,0,0,0,1,0,0,0
5588,1994,3,3,1,1,0,0,0,0,0,0
5588,1995,4,4,0,0,0,0,0,0,2,0
5588,1997,5,5,1,0,0,0,0,0,1,0
5588,1998,8,7,2,0,0,1,1,0,3,0
5588,2005,18,17,3,1,0,2,1,0,5,0
5588,2006,8,5,4,1,0,2,3,0,0,0
5588,2007,3,1,0,0,0,0,2,0,1,0
5588,2008,6,6,2,0,0,0,0,0,2,0
5588,2009,3,2,1,1,0,0,1,0,0,0
5622,1996,3,3,0,0,0,0,0,0,1,0
5622,1997,1,1,1,1,0,0,0,0,0,0
5622,1998,1,1,1,1,0,0,0,0,0,0
5622,1999,5,4,2,0,0,1,1,0,2,0
5622,2000,2,2,0,0,0,0,0,0,2,0
5628,2003,1,1,0,0,0,0,0,0,0,0
5628,2007,4,2,1,0,0,0,1,1,0,0
5665,1997,3,3,1,0,0,0,0,0,1,0
5665,1998,2,1,0,0,0,0,1,0,0,0
5665,1999,3,3,1,0,0,1,0,0,1,0
5665,2001,2,2,1,0,0,0,0,0,1,0
5665,2006,1,1,0,0,0,0,0,0,0,0
5665,2007,1,1,0,0,0,0,0,0,0,0
5665,2008,2,2,0,0,0,0,0,0,0,0
5696,2001,3,2,1,0,0,0,1,0,1,0
5697,1998,3,2,0,0,0,0,1,0,1,0
5701,2001,1,1,0,0,0,0,0,0,0,0
5701,2002,4,3,0,0,0,0,1,0,1,0
5701,2003,2,2,0,0,0,0,0,0,0,0
5701,2004,4,4,1,0,0,0,0,0,2,0
5701,2005,4,4,2,0,0,0,0,0,0,0
5712,2009,6,5,1,0,0,0,1,0,2,0
5727,1994,3,3,0,0,0,0,0,0,2,0
5727,1996,3,2,2,1,0,0,1,0,0,0
5727,1997,3,3,1,1,0,0,0,0,1,0
5727,1998,5,5,2,0,0,1,0,0,2,0
5727,1999,2,1,0,0,0,0,1,0,0,0
5733,1995,1,1,0,0,0,0,0,0,1,0
5733,1996,2,0,0,0,0,0,2,0,0,0
5733,1997,4,4,2,0,0,0,0,0,0,0
5733,1998,1,0,0,0,0,0,0,1,0,0
5737,1995,4,3,2,0,0,0,1,0,1,0
5737,1996,13,11,2,1,0,0,1,1,1,0
5737,1997,6,4,2,1,0,1,2,0,0,0
5743,2007,3,3,0,0,0,0,0,0,0,0
5743,2008,3,3,2,1,0,0,0,0,1,0
5743,2009,2,2,0,0,0,0,0,0,0,0
5744,1997,2,2,1,0,0,0,0,0,0,0
5744,2001,1,1,1,0,0,1,0,0,0,0
5744,2002,7,3,0,0,0,0,4,0,0,0
5744,2005,1,1,0,0,0,0,0,0,0,0
5752,2009,3,3,0,0,0,0,0,0,0,0
5752,2010,4,3,1,0,0,0,1,0,1,0
5757,2004,5,4,0,0,0,0,0,1,2,0
5757,2005,15,13,2,0,0,1,1,1,2,0
5757,2006,13,12,2,1,0,0,1,0,5,0
5757,2007,12,10,2,0,0,0,2,0,3,0
5757,2008,5,5,1,1,0,0,0,0,2,0
5757,2010,4,3,1,1,0,0,1,0,0,0
5759,1996,3,2,1,0,0,0,1,0,0,0
5759,1997,3,3,0,0,0,0,0,0,0,0
5770,2000,1,0,0,0,0,0,1,0,0,0
5770,2005,1,1,1,0,0,0,0,0,0,0
5815,2008,6,3,1,1,0,0,3,0,0,0
5819,2010,3,2,1,0,0,1,1,0,0,0
5820,2001,3,3,0,0,0,0,0,0,0,0
5820,2002,8,8,4,2,0,1,0,0,0,0
5820,2003,7,7,3,1,0,0,0,0,0,0
5820,2004,3,1,1,1,0,0,2,0,0,0
5820,2005,3,2,1,1,0,0,1,0,1,0
5820,2007,3,2,2,1,0,0,1,0,0,0
5826,2006,1,1,0,0,0,0,0,0,0,0
5826,2009,2,1,1,1,0,0,1,0,0,0
5828,2002,4,4,1,1,0,0,0,0,0,0
5852,1994,6,6,1,0,0,0,0,0,2,0
5852,1995,3,3,1,0,0,0,0,0,0,0
5852,1997,6,6,4,0,0,0,0,0,0,0
5852,1998,3,2,0,0,0,0,1,0,0,0
5853,1995,2,1,0,0,0,0,1,0,0,0
5853,1996,1,1,0,0,0,0,0,0,0,0
5856,1999,4,4,0,0,0,0,0,0,2,0
5856,2004,1,0,0,0,0,0,1,0,0,0
5860,1995,3,2,1,1,0,0,1,0,0,0
5871,1997,3,3,0,0,0,0,0,0,2,0
5883,2010,1,1,0,0,0,0,0,0,1,0
5890,1998,1,0,0,0,0,0,1,0,0,0
5909,2000,3,2,1,0,0,1,1,0,0,0
5947,1995,4,2,1,0,0,0,2,0,0,0
5947,1996,2,2,1,0,0,0,0,0,0,0
5948,2003,1,0,0,0,0,0,1,0,0,0
5948,2005,4,4,0,0,0,0,0,0,0,0
5974,2004,1,1,0,0,0,0,0,0,1,0
5985,1999,3,3,0,0,0,0,0,0,2,0
5985,2000,1,1,1,1,0,0,0,0,0,0
5985,2001,4,3,1,0,0,0,1,0,0,0
5985,2002,1,1,0,0,0,0,0,0,0,0
5985,2003,2,2,1,0,0,0,0,0,1,0
5994,2000,2,2,1,0,0,0,0,0,1,0
5994,2001,1,0,0,0,0,0,1,0,0,0
5996,2011,1,1,0,0,0,0,0,0,0,0
5999,1999,2,1,0,0,0,0,1,0,0,0
5999,2002,1,1,0,0,0,0,0,0,0,0
5999,2005,1,1,1,0,0,0,0,0,0,0
6064,1995,3,3,3,1,0,0,0,0,0,0
6064,1996,3,2,2,0,0,0,1,0,0,0
6064,1997,6,4,2,1,0,0,2,0,0,0
6073,1994,1,1,0,0,0,0,0,0,0,0
6073,1995,2,2,1,1,0,0,0,0,1,0
6118,2002,3,2,0,0,0,0,1,0,1,0
6118,2003,10,7,4,0,0,2,3,0,0,0
6118,2004,2,2,2,0,0,2,0,0,0,0
6118,2005,7,4,2,2,0,0,3,0,2,0
6118,2006,3,3,1,1,0,0,0,0,0,0
6118,2007,6,5,1,0,0,0,0,1,1,0
6118,2008,7,5,2,0,0,1,2,0,1,0
6118,2010,6,5,1,0,0,0,1,0,3,0
6122,1997,1,1,0,0,0,0,0,0,0,0
6180,1995,3,2,2,0,0,0,1,0,0,0
6180,1997,3,2,0,0,0,0,1,0,1,0
6190,2008,3,3,1,0,0,1,0,0,0,0
6248,2004,2,2,1,0,0,0,0,0,1,0
6271,2005,3,1,1,0,0,0,2,0,0,0
6273,2010,8,7,1,0,0,0,1,0,2,0
6275,1994,2,2,1,1,0,0,0,0,0,0
6279,2008,8,6,2,1,0,1,2,0,1,0
6279,2009,3,2,0,0,0,0,0,1,0,0
6285,2003,1,0,0,0,0,0,1,0,0,0
6285,2004,3,2,1,0,0,0,1,0,0,0
6285,2007,1,1,0,0,0,0,0,0,0,0
6285,2008,1,1,0,0,0,0,0,0,0,0
6292,2003,3,3,1,1,0,0,0,0,2,0
6292,2004,3,3,1,1,0,0,0,0,1,0
6292,2005,6,1,0,0,0,0,4,0,0,1
6292,2006,3,2,1,0,0,0,1,0,0,0
6292,2007,6,5,3,1,0,2,1,0,0,0
6297,2003,1,1,0,0,0,0,0,0,0,0
6307,1995,1,1,1,0,0,0,0,0,0,0
6310,2000,1,1,0,0,0,0,0,0,1,0
6326,2004,2,2,0,0,0,0,0,0,0,0
6329,2007,1,0,0,0,0,0,1,0,0,0
6330,1994,1,1,0,0,0,0,0,0,0,0
6332,1994,6,6,4,1,0,0,0,0,1,0
6332,1995,9,8,3,0,0,1,0,1,1,0
6332,2001,3,3,0,0,0,0,0,0,0,0
6332,2005,6,5,2,0,0,0,1,0,0,0
6369,2007,2,2,1,1,0,0,0,0,0,0
6376,2004,1,1,0,0,0,0,0,0,0,0
6380,1996,1,1,1,0,0,0,0,0,0,0
6380,1997,2,2,1,0,0,0,0,0,0,0
6380,1998,1,1,0,0,0,0,0,0,0,0
6380,1999,4,4,1,0,0,1,0,0,1,0
6380,2000,2,2,1,0,0,0,0,0,0,0
6380,2001,1,1,0,0,0,0,0,0,0,0
6380,2002,2,2,1,0,0,0,0,0,0,0
6380,2003,1,1,0,0,0,0,0,0,0,0
6380,2004,1,1,0,0,0,0,0,0,0,0
6382,2003,2,2,1,0,0,0,0,0,0,0
6386,2003,3,3,1,0,0,0,0,0,0,0
6386,2007,2,2,0,0,0,0,0,0,0,0
6391,2007,2,2,1,0,0,1,0,0,1,0
6391,2008,2,0,0,0,0,0,1,1,0,0
6395,1996,6,4,2,1,0,0,2,0,0,0
6395,1997,4,3,0,0,0,0,1,0,0,0
6412,2003,1,1,0,0,0,0,0,0,1,0
6413,2001,6,5,2,1,1,0,1,0,2,0
6413,2002,3,3,1,0,0,0,0,0,0,0
6413,2003,9,5,3,0,0,0,4,0,0,0
6413,2006,8,6,2,1,0,0,2,0,2,0
6414,1999,3,3,1,0,0,0,0,0,0,0
6414,2004,8,8,0,0,0,0,0,0,3,0
6414,2005,3,3,2,0,0,1,0,0,1,0
6414,2006,3,3,1,0,0,0,0,0,1,0
6418,2001,2,1,1,0,0,0,1,0,0,0
6418,2003,7,7,1,0,0,0,0,0,1,0
6418,2004,4,4,2,1,0,0,0,0,0,0
6423,2000,1,1,0,0,0,0,0,0,0,0
6423,2001,3,3,2,0,0,2,0,0,0,0
6423,2003,6,5,3,1,0,0,1,0,2,0
6423,2004,17,15,3,1,0,1,1,1,5,0
6423,2005,15,14,2,1,0,1,1,0,2,0
6423,2006,5,4,1,0,0,0,1,0,1,0
6423,2009,3,3,0,0,0,0,0,0,1,0
6425,1995,3,2,2,0,0,0,1,0,0,0
6425,1996,4,2,1,0,0,1,2,0,0,0
6425,1998,3,3,2,0,0,1,0,0,0,0
6425,2002,3,3,1,1,0,0,0,0,1,0
6425,2005,3,2,1,1,0,0,1,0,0,0
6430,1999,8,8,4,1,0,1,0,0,1,0
6430,2000,2,1,1,0,0,1,1,0,0,0
6431,2009,9,6,1,0,0,0,3,0,1,0
6450,2004,1,0,0,0,0,0,1,0,0,0
6450,2007,1,1,0,0,0,0,0,0,0,0
6453,1995,3,1,0,0,0,0,2,0,0,0
6453,1999,3,1,0,0,0,0,2,0,0,0
6453,2003,1,1,0,0,0,0,0,0,0,0
6460,1995,6,6,1,0,0,0,0,0,1,0
6460,1996,9,7,2,0,0,0,1,0,1,1
6461,2010,3,2,0,0,0,0,1,0,2,0
6468,2007,3,3,1,0,0,0,0,0,0,0
6468,2008,3,2,1,1,0,0,1,0,0,0
6481,2006,1,1,0,0,0,0,0,0,1,0
6481,2007,2,2,2,1,0,0,0,0,0,0
6486,2008,2,1,1,0,0,1,0,1,0,0
6489,1994,3,2,0,0,0,0,0,0,0,1
6489,1997,2,2,1,0,0,1,0,0,1,0
6489,1998,1,1,0,0,0,0,0,0,0,0
6489,2001,1,1,0,0,0,0,0,0,0,0
6492,1997,3,3,1,0,0,1,0,0,2,0
6492,1998,5,5,1,0,0,0,0,0,1,0
6492,1999,3,3,1,0,0,0,0,0,2,0
6492,2000,6,6,1,0,0,0,0,0,3,0
6492,2001,11,11,4,1,0,2,0,0,3,0
6492,2002,6,6,2,0,0,0,0,0,1,0
6492,2003,3,3,0,0,0,0,0,0,0,0
6492,2004,2,1,0,0,0,0,0,0,1,1
6492,2006,3,3,1,0,0,0,0,0,0,0
6511,2005,1,1,1,1,0,0,0,0,0,0
6511,2006,5,4,0,0,0,0,1,0,2,0
6511,2007,7,6,2,1,0,0,1,0,0,0
6513,2006,5,4,3,0,0,1,1,0,0,0
6513,2007,3,2,0,0,0,0,1,0,0,0
6518,2007,1,0,0,0,0,0,1,0,0,0
6518,2009,1,0,0,0,0,0,1,0,0,0
6518,2010,1,0,0,0,0,0,1,0,0,0
6522,2002,2,2,0,0,0,0,0,0,0,0
6522,2003,3,1,0,0,0,0,2,0,0,0
6522,2004,6,5,3,0,0,1,1,0,1,0
6522,2008,6,4,2,0,0,1,2,0,1,0
6522,2009,3,3,0,0,0,0,0,0,1,0
6524,1997,1,1,0,0,0,0,0,0,0,0
6554,2001,1,1,0,0,0,0,0,0,0,0
6554,2009,3,3,1,0,0,1,0,0,1,0
6557,1998,2,1,0,0,0,0,1,0,1,0
6557,1999,2,2,1,0,0,0,0,0,0,0
6557,2000,7,7,2,2,0,0,0,0,4,0
6557,2001,11,7,2,0,0,0,4,0,1,0
6557,2003,1,1,0,0,0,0,0,0,0,0
6558,2003,5,4,1,0,0,0,1,0,2,0
6558,2004,4,3,3,0,0,1,1,0,0,0
6558,2008,3,2,0,0,0,0,0,1,1,0
6569,2010,1,0,0,0,0,0,1,0,0,0
6586,2002,14,10,0,0,0,0,3,0,3,1
6586,2003,13,11,5,1,0,1,0,1,2,1
6586,2004,13,12,3,0,0,0,1,0,4,0
6586,2005,17,16,4,0,0,1,1,0,4,0
6586,2006,11,9,1,0,0,0,2,0,2,0
6586,2010,11,10,4,0,0,1,0,0,2,1
6591,2010,1,1,0,0,0,0,0,0,1,0
6596,1995,1,1,0,0,0,0,0,0,0,0
6612,1998,5,4,1,0,0,0,0,1,2,0
6612,1999,2,2,0,0,0,0,0,0,2,0
6612,2000,5,4,1,0,0,0,1,0,0,0
6612,2009,6,5,2,0,0,0,1,0,0,0
6617,2007,2,2,0,0,0,0,0,0,2,0
6617,2008,2,1,0,0,0,0,1,0,0,0
6619,1999,7,6,2,0,0,0,1,0,1,0
6619,2000,1,1,0,0,0,0,0,0,0,0
6619,2001,3,3,0,0,0,0,0,0,2,0
6624,2004,3,3,0,0,0,0,0,0,1,0
6651,2006,3,2,1,0,1,0,1,0,0,0
6661,1999,2,2,2,0,0,0,0,0,0,0
6685,2002,3,3,2,0,0,1,0,0,0,0
6685,2008,2,2,0,0,0,0,0,0,0,0
6685,2010,1,1,1,1,0,0,0,0,0,0
6697,2003,2,2,1,0,0,0,0,0,1,0
6697,2004,1,0,0,0,0,0,1,0,0,0
6697,2005,1,1,1,0,0,0,0,0,0,0
6697,2007,1,1,0,0,0,0,0,0,1,0
6697,2009,1,0,0,0,0,0,1,0,0,0
6735,2001,4,3,0,0,0,0,1,0,0,0
6735,2002,2,2,0,0,0,0,0,0,0,0
6735,2005,3,3,0,0,0,0,0,0,0,0
6735,2007,3,3,2,1,0,0,0,0,0,0
6738,1995,3,3,1,0,0,0,0,0,1,0
6738,1996,1,1,1,1,0,0,0,0,0,0
6745,2004,4,4,0,0,0,0,0,0,1,0
6749,2004,1,1,0,0,0,0,0,0,0,0
6749,2005,1,1,0,0,0,0,0,0,0,0
6749,2006,3,3,2,1,0,1,0,0,0,0
6749,2008,4,4,0,0,0,0,0,0,2,0
6750,2001,7,6,4,0,0,1,1,0,1,0
6750,2002,8,7,3,1,0,0,1,0,1,0
6760,1993,1,1,0,0,0,0,0,0,0,0
6760,1994,2,2,2,1,0,0,0,0,0,0
6760,1995,1,1,0,0,0,0,0,0,0,0
6760,1996,3,1,1,1,0,0,2,0,0,0
6760,1999,2,1,1,0,0,0,1,0,0,0
6760,2000,3,2,2,0,0,0,1,0,0,0
6763,1996,1,1,0,0,0,0,0,0,0,0
6768,2000,2,2,0,0,0,0,0,0,0,0
6768,2004,1,1,0,0,0,0,0,0,0,0
6768,2005,2,2,0,0,0,0,0,0,1,0
6768,2008,1,1,0,0,0,0,0,0,1,0
6777,1994,5,4,2,1,0,1,1,0,2,0
6777,1995,4,3,0,0,0,0,1,0,0,0
6777,1996,1,0,0,0,0,0,1,0,0,0
6777,1997,2,1,0,0,0,0,1,0,1,0
6777,2001,1,1,0,0,0,0,0,0,1,0
6778,2008,4,3,0,0,0,0,1,0,1,0
6778,2009,3,2,2,1,0,0,1,0,0,0
6782,2005,5,5,2,0,0,1,0,0,2,0
6807,2009,3,3,1,0,0,1,0,0,1,0
6827,2006,1,1,1,0,0,1,0,0,0,0
6841,1997,1,1,0,0,0,0,0,0,0,0
6841,2000,1,1,0,0,0,0,0,0,1,0
6849,2005,1,0,0,0,0,0,1,0,0,0
6849,2007,6,6,3,0,0,2,0,0,2,0
6849,2008,3,3,0,0,0,0,0,0,2,0
6867,2009,2,2,0,0,0,0,0,0,1,0
6867,2010,2,2,0,0,0,0,0,0,2,0
6870,2002,2,2,1,0,0,0,0,0,0,0
6870,2003,9,8,5,0,0,0,1,0,2,0
6870,2004,6,6,2,0,0,0,0,0,0,0
6870,2005,3,2,0,0,0,0,1,0,1,0
6876,2001,4,3,0,0,0,0,1,0,1,0
6876,2002,3,3,0,0,0,0,0,0,1,0
6918,1997,6,5,2,0,0,0,0,0,0,1
6921,2003,1,1,1,0,0,0,0,0,0,0
6921,2004,1,0,0,0,0,0,1,0,0,0
6921,2005,1,1,0,0,0,0,0,0,0,0
6921,2010,1,1,0,0,0,0,0,0,0,0
6936,2009,4,1,1,1,0,0,3,0,0,0
6937,2009,2,1,1,0,0,0,0,1,0,0
6966,1998,11,11,1,0,0,0,0,0,4,0
6966,1999,9,9,1,1,0,0,0,0,6,0
6966,2000,9,9,2,0,0,0,0,0,3,0
6966,2006,2,1,1,1,0,0,1,0,0,0
6970,2000,6,6,3,0,0,1,0,0,0,0
6982,2007,1,1,1,0,0,0,0,0,0,0
7000,2009,1,1,1,0,0,1,0,0,0,0
7000,2010,1,0,0,0,0,0,1,0,0,0
7005,2007,1,0,0,0,0,0,1,0,0,0
7010,2003,1,1,1,0,0,1,0,0,0,0
7010,2004,2,1,0,0,0,0,1,0,0,0
7010,2005,1,1,1,1,0,0,0,0,0,0
7010,2006,1,0,0,0,0,0,0,0,0,1
7010,2007,1,1,0,0,0,0,0,0,1,0
7025,2006,2,2,1,0,0,1,0,0,0,0
7026,1997,2,1,1,1,0,0,1,0,0,0
7027,1997,1,1,1,0,0,0,0,0,0,0
7027,1998,2,2,1,0,0,0,0,0,0,0
7027,1999,6,6,1,1,0,0,0,0,2,0
7027,2000,3,2,1,0,0,1,1,0,0,0
7027,2001,1,0,0,0,0,0,1,0,0,0
7053,2001,3,3,1,0,0,1,0,0,1,0
7062,2004,1,0,0,0,0,0,1,0,0,0
7066,1995,1,1,0,0,0,0,0,0,0,0
7076,1997,3,3,0,0,0,0,0,0,2,0
7076,2003,6,5,2,0,0,0,1,0,0,0
7076,2004,6,5,1,0,0,0,1,0,1,0
7076,2005,2,1,1,1,0,0,1,0,0,0
7098,1999,10,9,2,0,0,0,1,0,2,0
7098,2002,7,6,1,0,0,0,1,0,1,0
7098,2005,3,3,3,1,0,0,0,0,0,0
7113,1995,3,3,2,0,0,0,0,0,1,0
7113,1997,3,3,1,0,0,0,0,0,1,0
7123,2006,2,2,0,0,0,0,0,0,1,0
7126,2005,3,3,1,0,0,0,0,0,0,0
7126,2006,3,3,0,0,0,0,0,0,0,0
7126,2007,3,2,1,1,0,0,1,0,0,0
7131,1998,2,2,0,0,0,0,0,0,0,0
7136,1994,2,1,0,0,0,0,1,0,0,0
7136,1995,2,2,2,2,0,0,0,0,0,0
7136,1996,3,3,1,0,0,0,0,0,0,0
7147,2008,1,1,1,0,0,0,0,0,0,0
7147,2009,2,1,0,0,0,0,1,0,0,0
7147,2010,1,1,1,1,0,0,0,0,0,0
7149,2010,1,1,1,1,0,0,0,0,0,0
7153,2003,2,0,0,0,0,0,2,0,0,0
7153,2005,3,3,2,0,0,1,0,0,1,0
7153,2006,2,2,2,0,0,0,0,0,0,0
7153,2008,2,2,1,0,0,0,0,0,0,0
7173,2009,3,3,1,1,0,0,0,0,0,0
7186,1996,12,10,2,0,0,1,2,0,1,0
7186,1997,7,7,1,1,0,0,0,0,0,0
7191,1995,8,8,0,0,0,0,0,0,3,0
7191,1998,3,3,1,1,0,0,0,0,0,0
7199,1995,4,3,0,0,0,0,1,0,1,0
7199,1996,4,4,1,0,0,0,0,0,0,0
7202,1997,3,3,0,0,0,0,0,0,2,0
7202,2000,1,0,0,0,0,0,1,0,0,0
7220,2005,1,1,0,0,0,0,0,0,0,0
7220,2007,3,2,0,0,0,0,1,0,2,0
7220,2008,3,3,1,0,0,0,0,0,1,0
7299,1995,3,3,1,0,0,0,0,0,0,0
7299,2001,2,2,1,0,0,1,0,0,0,0
7301,2000,2,1,0,0,0,0,1,0,1,0
7301,2001,5,4,3,0,0,3,1,0,0,0
7301,2003,1,1,1,0,0,1,0,0,0,0
7301,2006,2,2,1,0,0,0,0,0,0,0
7307,2003,1,1,0,0,0,0,0,0,1,0
7310,1999,3,2,0,0,0,0,1,0,2,0
7310,2000,3,1,0,0,0,0,0,0,0,2
7310,2003,3,2,1,0,0,0,1,0,1,0
7310,2004,4,4,1,1,0,0,0,0,1,0
7310,2005,3,3,1,0,0,1,0,0,0,0
7310,2006,6,6,2,0,0,0,0,0,2,0
7310,2007,3,3,0,0,0,0,0,0,0,0
7310,2008,3,3,0,0,0,0,0,0,2,0
7310,2010,1,1,0,0,0,0,0,0,1,0
7311,1996,1,0,0,0,0,0,0,0,0,1
7311,1997,1,1,1,1,0,0,0,0,0,0
7311,1998,3,3,1,0,0,0,0,0,0,0
7311,1999,1,0,0,0,0,0,1,0,0,0
7311,2000,1,1,1,0,0,0,0,0,0,0
7311,2001,2,2,1,0,0,1,0,0,1,0
7311,2002,1,0,0,0,0,0,1,0,0,0
7311,2003,1,0,0,0,0,0,1,0,0,0
7311,2004,2,2,1,0,0,0,0,0,1,0
7313,2009,6,5,2,1,0,1,1,0,2,0
7322,2009,2,2,0,0,0,0,0,0,1,0
7322,2010,3,3,0,0,0,0,0,0,0,0
7347,1994,2,2,0,0,0,0,0,0,0,0
7368,2008,2,2,1,0,0,0,0,0,1,0
7372,1996,2,2,0,0,0,0,0,0,0,0
7372,1997,3,3,1,0,0,0,0,0,1,0
7372,1998,4,3,2,1,0,0,0,1,0,0
7372,1999,3,3,1,0,0,0,0,0,2,0
7372,2000,4,4,0,0,0,0,0,0,2,0
7372,2001,8,8,2,0,0,0,0,0,4,0
7372,2002,2,2,1,0,0,0,0,0,0,0
7380,1995,3,2,0,0,0,0,1,0,0,0
7380,1996,1,1,0,0,0,0,0,0,0,0
7386,1994,1,1,1,0,0,0,0,0,0,0
7386,1997,5,5,2,1,0,1,0,0,0,0
7386,2000,3,3,1,1,0,0,0,0,1,0
7386,2001,5,5,2,1,0,0,0,0,3,0
7388,2000,3,2,1,1,0,0,1,0,0,0
7388,2005,1,1,1,0,0,1,0,0,0,0
7397,2008,1,1,1,0,0,1,0,0,0,0
7400,1993,1,1,0,0,0,0,0,0,1,0
7408,1999,2,1,0,0,0,0,1,0,0,0
7408,2000,1,1,1,0,0,1,0,0,0,0
7408,2003,2,2,0,0,0,0,0,0,0,0
7408,2007,1,1,0,0,0,0,0,0,0,0
7414,2006,1,1,1,0,0,0,0,0,0,0
7414,2007,1,0,0,0,0,0,1,0,0,0
7436,1997,2,2,0,0,0,0,0,0,1,0
7436,2006,1,0,0,0,0,0,1,0,0,0
7437,2001,8,7,3,0,0,3,1,0,0,0
7452,1996,1,1,1,0,0,1,0,0,0,0
7458,1996,3,3,1,0,0,1,0,0,1,0
7458,1997,1,1,0,0,0,0,0,0,0,0
7458,1998,3,3,0,0,0,0,0,0,2,0
7458,2000,2,0,0,0,0,0,2,0,0,0
7458,2001,2,1,1,0,0,1,1,0,0,0
7459,2007,3,3,1,1,0,0,0,0,2,0
7481,2002,5,4,2,1,0,0,1,0,1,0
7481,2004,6,6,2,1,0,0,0,0,3,0
7481,2009,1,1,1,0,0,0,0,0,0,0
7491,2002,2,2,1,0,0,0,0,0,1,0
7491,2005,6,6,1,0,0,0,0,0,3,0
7491,2006,6,6,2,0,0,1,0,0,1,0
7491,2007,3,3,0,0,0,0,0,0,1,0
7491,2008,1,1,0,0,0,0,0,0,1,0
7497,2005,2,2,1,0,0,0,0,0,0,0
7512,1996,2,2,1,0,0,0,0,0,1,0
7512,1997,6,6,3,2,0,1,0,0,0,0
7512,1999,1,1,0,0,0,0,0,0,0,0
7512,2000,1,1,0,0,0,0,0,0,1,0
7512,2001,2,1,1,0,0,0,1,0,0,0
7513,1998,1,1,0,0,0,0,0,0,0,0
7513,2003,1,0,0,0,0,0,1,0,0,0
7513,2004,1,1,1,0,0,0,0,0,0,0
7513,2005,2,1,0,0,0,0,1,0,0,0
7515,2000,4,3,0,0,0,0,1,0,2,0
7515,2003,3,1,0,0,0,0,1,0,0,1
7522,1998,6,5,3,1,0,1,1,0,0,0
7522,1999,7,6,4,1,0,1,1,0,2,0
7522,2000,6,6,2,1,0,1,0,0,2,0
7522,2001,3,2,1,0,0,0,1,0,0,0
7522,2005,3,3,1,1,0,0,0,0,0,0
7526,1993,4,4,1,0,0,0,0,0,1,0
7526,1994,2,2,2,2,0,0,0,0,0,0
7528,2006,2,2,0,0,0,0,0,0,1,0
7528,2007,4,3,2,0,0,0,1,0,1,0
7528,2008,2,1,1,1,0,0,1,0,0,0
7530,1997,1,1,1,0,0,1,0,0,0,0
7540,1993,2,2,0,0,0,0,0,0,1,0
7540,1995,6,4,1,1,0,0,2,0,3,0
7540,1996,6,4,2,1,0,0,2,0,1,0
7540,1997,1,1,0,0,0,0,0,0,0,0
7824,1999,2,1,0,0,0,0,0,0,0,1
7824,2001,3,3,0,0,0,0,0,0,2,0
7828,2008,1,1,0,0,0,0,0,0,1,0
7829,1997,3,2,0,0,0,0,1,0,1,0
7829,1998,3,3,2,1,0,0,0,0,1,0
7829,1999,10,9,5,2,0,1,1,0,2,0
7829,2000,3,3,1,1,0,0,0,0,1,0
7829,2006,1,1,1,0,0,1,0,0,0,0
7829,2008,3,3,1,0,0,0,0,0,2,0
7836,1996,1,0,0,0,0,0,1,0,0,0
7836,1997,1,1,1,0,0,1,0,0,0,0
7836,1998,4,2,1,1,0,0,0,1,0,1
7842,1999,1,0,0,0,0,0,1,0,0,0
7842,2000,2,0,0,0,0,0,2,0,0,0
7879,1995,3,2,0,0,0,0,1,0,1,0
7879,1997,1,1,1,0,0,0,0,0,0,0
7879,1998,3,3,0,0,0,0,0,0,1,0
7879,1999,1,0,0,0,0,0,0,0,0,1
7896,1996,1,1,0,0,0,0,0,0,0,0
7901,1997,4,4,0,0,0,0,0,0,2,0
7924,1994,6,5,1,1,0,0,1,0,1,0
7924,1995,4,4,0,0,0,0,0,0,0,0
7941,2009,1,0,0,0,0,0,1,0,0,0
7963,2009,3,2,0,0,0,0,1,0,0,0
7980,1999,4,3,0,0,0,0,1,0,1,0
7990,1999,1,1,0,0,0,0,0,0,0,0
7999,2007,1,1,0,0,0,0,0,0,0,0
7999,2008,1,1,0,0,0,0,0,0,1,0
8007,2000,2,2,0,0,0,0,0,0,0,0
8010,1997,3,3,0,0,0,0,0,0,2,0
8010,2005,3,3,1,1,0,0,0,0,0,0
8010,2007,3,3,1,1,0,0,0,0,0,0
8023,2007,3,3,1,1,0,0,0,0,1,0
8032,2003,5,4,2,0,0,1,1,0,0,0
8032,2004,1,1,1,0,0,0,0,0,0,0
8036,2006,2,1,1,0,0,1,1,0,0,0
8042,2009,1,1,1,1,0,0,0,0,0,0
8042,2010,1,0,0,0,0,0,1,0,0,0
8051,1994,3,3,0,0,0,0,0,0,2,0
8051,1995,3,3,2,0,0,1,0,0,0,0
8051,1996,7,6,1,0,0,0,1,0,0,0
8051,1997,3,2,0,0,0,0,1,0,0,0
8051,1998,6,5,3,1,0,2,0,1,2,0
8051,1999,6,5,4,2,0,1,1,0,0,0
8051,2000,3,2,1,0,0,1,1,0,0,0
8051,2001,9,8,2,0,0,1,1,0,3,0
8051,2002,3,3,1,0,0,1,0,0,1,0
8051,2003,3,2,1,0,0,1,1,0,1,0
8051,2004,3,3,1,0,0,1,0,0,1,0
8051,2005,2,2,0,0,0,0,0,0,0,0
8051,2006,6,6,1,0,0,1,0,0,2,0
8051,2008,3,3,1,0,0,0,0,0,0,0
8052,2007,1,1,1,0,0,1,0,0,0,0
8052,2009,1,1,0,0,0,0,0,0,1,0
8058,2009,2,2,1,1,0,0,0,0,1,0
8058,2010,1,1,0,0,0,0,0,0,1,0
8060,2000,6,5,1,0,0,1,1,0,1,0
8060,2001,6,6,2,0,0,0,0,0,2,0
8060,2002,3,3,1,1,0,0,0,0,0,0
8060,2003,6,5,1,0,0,1,1,0,1,0
8060,2004,3,0,0,0,0,0,3,0,0,0
8061,1994,3,3,1,1,0,0,0,0,1,0
8061,1996,6,6,3,2,0,0,0,0,0,0
8061,1999,3,3,1,0,0,0,0,0,0,0
8061,2002,4,3,2,0,0,1,1,0,0,0
8061,2003,5,4,1,0,0,0,1,0,1,0
8079,2001,3,2,0,0,0,0,1,0,0,0
8082,1999,1,1,1,0,0,0,0,0,0,0
8089,1999,5,3,3,0,0,2,1,1,0,0
8089,2003,1,1,1,0,0,0,0,0,0,0
8120,2000,2,2,2,1,0,0,0,0,0,0
8123,2001,3,2,1,0,0,1,1,0,0,0
8137,1995,5,5,1,0,0,0,0,0,2,0
8137,1996,5,5,1,0,0,1,0,0,2,0
8137,1997,6,5,2,0,0,0,1,0,0,0
8137,1998,6,6,1,0,0,0,0,0,2,0
8137,1999,3,2,2,1,1,0,1,0,0,0
8137,2000,3,3,0,0,0,0,0,0,1,0
8137,2001,18,18,2,0,0,0,0,0,5,0
8137,2002,13,11,1,0,0,1,2,0,2,0
8137,2003,10,9,2,1,0,1,1,0,3,0
8137,2004,10,10,3,0,0,2,0,0,0,0
8137,2005,11,9,4,0,0,0,2,0,1,0
8137,2006,7,7,3,2,0,0,0,0,2,0
8137,2007,6,5,2,1,0,1,1,0,0,0
8137,2008,8,6,4,1,0,3,0,2,1,0
8138,2007,1,1,0,0,0,0,0,0,0,0
8142,2003,4,4,0,0,0,0,0,0,1,0
8142,2004,4,3,2,2,0,0,1,0,1,0
8142,2005,3,3,1,0,0,1,0,0,0,0
8142,2006,6,3,0,0,0,0,2,0,2,1
8142,2008,7,6,0,0,0,0,1,0,1,0
8145,1996,1,1,0,0,0,0,0,0,1,0
8146,1995,1,1,1,0,0,0,0,0,0,0
8146,2006,2,1,1,0,0,0,1,0,0,0
8146,2007,2,1,0,0,0,0,1,0,0,0
8147,1996,2,0,0,0,0,0,2,0,0,0
8147,1997,1,1,0,0,0,0,0,0,1,0
8148,1999,1,0,0,0,0,0,1,0,0,0
8155,1994,3,2,1,0,0,1,1,0,0,0
8160,2002,1,1,1,0,0,1,0,0,0,0
8164,2004,2,2,1,0,0,1,0,0,0,0
8184,2004,2,2,0,0,0,0,0,0,1,0
8184,2006,3,3,0,0,0,0,0,0,3,0
8184,2007,1,1,0,0,0,0,0,0,1,0
8184,2008,1,1,0,0,0,0,0,0,0,0
8187,1996,4,4,2,0,0,0,0,0,2,0
8187,1999,2,0,0,0,0,0,2,0,0,0
8193,1994,2,1,0,0,0,0,1,0,0,0
8193,1997,10,9,3,1,0,0,0,0,2,1
8193,1998,4,3,0,0,0,0,1,0,0,0
8193,1999,4,4,1,0,0,0,0,0,1,0
8201,2000,2,2,2,1,0,1,0,0,0,0
8220,1994,2,2,1,0,0,1,0,0,0,0
8220,1995,1,1,0,0,0,0,0,0,1,0
8220,1996,4,3,0,0,0,0,1,0,2,0
8220,1997,4,4,1,1,0,0,0,0,1,0
8220,1998,2,2,1,0,0,0,0,0,1,0
8220,1999,1,1,0,0,0,0,0,0,1,0
8220,2000,2,1,0,0,0,0,1,0,1,0
8220,2001,3,3,1,1,0,0,0,0,0,0
8220,2004,1,1,0,0,0,0,0,0,1,0
8220,2005,1,1,0,0,0,0,0,0,0,0
8238,2007,1,1,0,0,0,0,0,0,0,0
8243,2003,2,2,1,1,0,0,0,0,0,0
8271,1995,3,2,2,0,0,0,0,0,0,1
8311,1995,2,1,1,0,0,0,0,1,0,0
8311,1998,1,1,0,0,0,0,0,0,1,0
8311,1999,4,1,1,0,0,0,3,0,0,0
8311,2000,5,3,2,2,0,0,2,0,0,0
8311,2001,1,0,0,0,0,0,1,0,0,0
8311,2002,1,0,0,0,0,0,1,0,0,0
8340,2000,2,2,0,0,0,0,0,0,2,0
8340,2004,2,2,1,0,0,0,0,0,0,0
8340,2005,5,3,0,0,0,0,1,0,0,1
8345,2010,1,0,0,0,0,0,1,0,0,0
8354,2010,3,2,1,0,0,0,1,0,0,0
8373,1993,1,1,0,0,0,0,0,0,0,0
8374,2004,1,1,0,0,0,0,0,0,1,0
8387,2007,2,2,1,0,0,0,0,0,0,0
8387,2008,1,1,0,0,0,0,0,0,0,0
8390,2001,1,1,1,0,0,0,0,0,0,0
8424,2008,2,2,1,0,0,0,0,0,0,0
8449,2000,5,5,2,2,0,0,0,0,2,0
8449,2007,9,8,0,0,0,0,1,0,0,0
8451,2008,4,2,2,1,0,0,2,0,0,0
8451,2010,3,3,1,0,0,0,0,0,1,0
8453,2005,1,0,0,0,0,0,1,0,0,0
8461,2010,2,2,0,0,0,0,0,0,1,0
8474,1994,3,3,0,0,0,0,0,0,1,0
8474,1995,2,1,0,0,0,0,1,0,0,0
8474,1996,10,9,4,0,0,0,1,0,1,0
8474,1997,4,3,1,1,0,0,1,0,1,0
8474,1998,4,3,1,0,0,0,0,0,0,1
8474,2001,3,2,1,0,0,1,1,0,1,0
8474,2006,2,2,0,0,0,0,0,0,1,0
8474,2007,1,1,0,0,0,0,0,0,1,0
8474,2008,1,1,0,0,0,0,0,0,0,0
8488,1997,3,2,0,0,0,0,0,1,1,0
8488,1998,4,4,2,1,0,0,0,0,1,0
8488,2000,6,4,2,1,0,0,2,0,0,0
8498,1995,2,2,1,0,0,0,0,0,0,0
8498,1996,2,1,0,0,0,0,1,0,0,0
8498,1997,2,2,1,0,0,0,0,0,0,0
8500,2007,3,2,0,0,0,0,1,0,1,0
8500,2008,5,5,1,0,0,0,0,0,0,0
8512,2010,3,2,1,0,0,0,1,0,0,0
8516,1995,2,2,1,1,0,0,0,0,0,0
8516,2000,1,1,0,0,0,0,0,0,0,0
8519,1993,1,1,0,0,0,0,0,0,0,0
8519,1994,4,3,2,1,0,0,1,0,0,0
8519,1998,4,4,2,0,0,1,0,0,0,0
8519,1999,5,5,2,1,0,1,0,0,0,0
8530,1993,1,1,0,0,0,0,0,0,0,0
8530,1994,1,0,0,0,0,0,1,0,0,0
8530,1995,2,1,0,0,0,0,0,0,1,1
8530,1997,2,2,0,0,0,0,0,0,1,0
8530,1998,1,1,0,0,0,0,0,0,1,0
8530,2003,1,0,0,0,0,0,1,0,0,0
8556,2006,1,1,0,0,0,0,0,0,0,0
8556,2009,6,4,1,0,0,0,2,0,3,0
8557,1999,3,3,0,0,0,0,0,0,3,0
8557,2001,4,4,1,1,0,0,0,0,2,0
8557,2002,6,6,3,0,0,2,0,0,1,0
8557,2003,5,5,1,0,0,0,0,0,2,0
8557,2004,4,4,0,0,0,0,0,0,1,0
8560,2005,2,1,0,0,0,0,1,0,0,0
8560,2006,4,3,1,1,0,0,1,0,0,0
8563,2004,2,2,1,0,0,0,0,0,0,0
8574,2010,2,2,1,0,0,0,0,0,1,0
8576,2003,4,3,0,0,0,0,1,0,1,0
8576,2004,1,1,1,1,0,0,0,0,0,0
8581,2009,7,7,1,0,0,1,0,0,2,0
8589,2006,1,1,0,0,0,0,0,0,1,0
8589,2007,5,5,2,0,0,0,0,0,1,0
8619,2009,3,3,1,0,0,1,0,0,1,0
8619,2010,2,1,1,0,0,1,1,0,0,0
8635,2004,2,2,1,1,0,0,0,0,0,0
8638,2005,2,2,1,0,0,0,0,0,1,0
8638,2006,6,6,0,0,0,0,0,0,3,0
8638,2007,6,5,2,0,1,0,1,0,0,0
8655,2000,1,0,0,0,0,0,1,0,0,0
8665,1994,1,0,0,0,0,0,1,0,0,0
8676,1998,1,1,0,0,0,0,0,0,0,0
8676,1999,4,4,1,0,0,0,0,0,2,0
8676,2000,3,2,0,0,0,0,1,0,0,0
8676,2001,2,1,0,0,0,0,1,0,1,0
8676,2002,2,2,2,0,0,0,0,0,0,0
8682,2010,1,0,0,0,0,0,0,1,0,0
8704,2002,3,2,0,0,0,0,1,0,2,0
8704,2003,3,3,2,0,0,0,0,0,0,0
8704,2005,6,4,0,0,0,0,2,0,2,0
8704,2010,1,0,0,0,0,0,1,0,0,0
8718,2009,1,1,0,0,0,0,0,0,0,0
8719,2002,1,1,1,0,0,0,0,0,0,0
8719,2007,1,1,0,0,0,0,0,0,0,0
8720,1998,6,6,2,0,0,0,0,0,1,0
8720,1999,7,4,1,1,0,0,1,1,1,1
8720,2000,3,2,2,0,0,0,1,0,0,0
8720,2003,3,3,1,1,0,0,0,0,0,0
8724,1995,2,2,1,0,0,0,0,0,0,0
8724,1996,1,1,1,0,0,1,0,0,0,0
8725,2000,3,1,0,0,0,0,2,0,0,0
8725,2001,1,0,0,0,0,0,1,0,0,0
8725,2003,1,1,1,0,0,0,0,0,0,0
8725,2004,2,1,0,0,0,0,1,0,1,0
8725,2007,3,0,0,0,0,0,3,0,0,0
8729,2008,3,3,1,0,0,0,0,0,1,0
8729,2009,4,4,1,1,0,0,0,0,2,0
8731,1999,3,3,1,0,0,1,0,0,0,0
8731,2001,15,14,0,0,0,0,1,0,6,0
8731,2002,4,4,1,0,0,0,0,0,1,0
8731,2003,3,3,1,0,0,1,0,0,0,0
8754,1994,1,1,1,0,0,1,0,0,0,0
8754,1997,1,0,0,0,0,0,1,0,0,0
8756,1997,1,0,0,0,0,0,1,0,0,0
8756,1998,3,3,1,0,0,0,0,0,1,0
8756,2000,2,2,1,0,0,0,0,0,1,0
8756,2003,1,1,0,0,0,0,0,0,0,0
8784,2003,1,1,1,0,0,1,0,0,0,0
8784,2005,6,6,3,0,0,0,0,0,2,0
8784,2010,3,2,1,0,0,0,1,0,0,0
8787,1995,2,2,0,0,0,0,0,0,0,0
8787,1996,10,10,0,0,0,0,0,0,3,0
8787,1997,3,1,0,0,0,0,2,0,0,0
8807,2007,3,2,1,0,0,0,0,0,0,1
8807,2008,2,2,0,0,0,0,0,0,1,0
8807,2009,6,4,0,0,0,0,2,0,2,0
8823,2009,3,3,2,0,0,0,0,0,1,0
8830,1995,1,1,1,0,0,0,0,0,0,0
8843,2000,2,1,1,0,0,0,1,0,0,0
8852,2007,1,0,0,0,0,0,1,0,0,0
8852,2008,2,1,0,0,0,0,1,0,0,0
8852,2009,2,1,1,0,0,0,1,0,0,0
8859,2009,2,1,0,0,0,0,1,0,1,0
8861,2005,3,3,1,0,0,0,0,0,1,0
8873,2005,2,2,0,0,0,0,0,0,1,0
8873,2006,1,1,0,0,0,0,0,0,0,0
8873,2007,2,2,0,0,0,0,0,0,1,0
8873,2008,1,1,0,0,0,0,0,0,1,0
8883,1996,4,4,1,0,0,1,0,0,2,0
8883,1997,1,0,0,0,0,0,1,0,0,0
8883,1998,3,3,2,0,0,1,0,0,1,0
8883,1999,1,1,0,0,0,0,0,0,1,0
8883,2000,2,0,0,0,0,0,2,0,0,0
8883,2002,1,1,0,0,0,0,0,0,0,0
8883,2003,3,3,0,0,0,0,0,0,0,0
8883,2004,1,1,0,0,0,0,0,0,0,0
8883,2005,1,1,0,0,0,0,0,0,1,0
8883,2008,1,1,0,0,0,0,0,0,1,0
8886,2009,1,1,0,0,0,0,0,0,0,0
8892,2008,1,0,0,0,0,0,1,0,0,0
8911,1993,3,3,2,1,0,1,0,0,0,0
8911,1994,3,2,1,1,0,0,1,0,1,0
8918,2001,3,2,1,1,0,0,1,0,0,0
8918,2004,3,3,0,0,0,0,0,0,0,0
8918,2006,3,3,1,0,0,0,0,0,2,0
8918,2007,6,5,3,0,0,1,1,0,1,0
8919,2009,3,3,0,0,0,0,0,0,0,0
8922,2007,1,1,1,1,0,0,0,0,0,0
8934,1997,2,2,2,1,0,0,0,0,0,0
8934,2000,1,1,0,0,0,0,0,0,1,0
8939,1999,4,4,1,1,0,0,0,0,2,0
8940,2008,3,3,0,0,0,0,0,0,1,0
8952,2010,1,1,0,0,0,0,0,0,0,0
8954,1997,4,4,1,0,0,0,0,0,3,0
8954,1998,1,1,0,0,0,0,0,0,1,0
8962,2000,1,1,0,0,0,0,0,0,1,0
8982,2008,2,2,1,0,0,1,0,0,0,0
8982,2009,6,5,0,0,0,0,1,0,2,0
8983,1997,1,1,1,0,0,0,0,0,0,0
8983,1998,1,1,1,0,0,1,0,0,0,0
8983,1999,2,1,0,0,0,0,0,0,0,1
8983,2000,2,1,1,1,0,0,0,1,0,0
8983,2001,2,2,0,0,0,0,0,0,1,0
8990,1995,6,6,3,0,0,1,0,0,2,0
8990,1996,9,9,4,1,0,1,0,0,1,0
8990,1997,3,3,2,1,0,0,0,0,0,0
8990,1998,8,7,1,0,0,0,1,0,0,0
8990,1999,2,1,0,0,0,0,0,0,0,1
8990,2000,6,5,3,0,0,1,1,0,1,0
8990,2001,19,17,7,3,0,0,1,1,0,0
8990,2002,5,4,2,1,0,0,1,0,0,0
8990,2003,8,7,3,1,0,0,1,0,0,0
8990,2007,14,13,6,1,0,1,1,0,3,0
8990,2008,6,5,1,0,0,0,1,0,0,0
8990,2010,3,2,0,0,0,0,1,0,0,0
9008,2001,3,3,1,0,0,0,0,0,0,0
9008,2002,3,2,1,0,0,1,1,0,1,0
9009,2003,3,2,1,0,0,0,1,0,0,0
9022,2003,2,1,1,0,0,1,1,0,0,0
9038,1995,1,1,0,0,0,0,0,0,0,0
9038,1996,2,2,0,0,0,0,0,0,1,0
9038,1997,2,2,1,0,0,0,0,0,0,0
9038,1998,3,3,2,1,0,1,0,0,0,0
9038,2000,1,1,0,0,0,0,0,0,0,0
9050,1995,2,2,1,0,0,0,0,0,0,0
9069,2000,1,0,0,0,0,0,1,0,0,0
9069,2002,7,6,5,0,0,1,1,0,0,0
9069,2003,6,6,2,0,0,0,0,0,1,0
9069,2004,6,5,2,0,0,2,1,0,1,0
9069,2005,5,3,0,0,0,0,0,2,0,0
9069,2006,3,3,1,0,0,0,0,0,1,0
9069,2008,6,6,3,0,0,1,0,0,0,0
9069,2009,4,4,1,0,0,0,0,0,2,0
9069,2010,10,10,1,0,0,0,0,0,2,0
9070,2001,1,0,0,0,0,0,1,0,0,0
9077,2010,1,1,1,0,0,0,0,0,0,0
9084,1998,1,1,0,0,0,0,0,0,0,0
9084,1999,1,1,0,0,0,0,0,0,0,0
9091,1997,3,3,1,0,0,1,0,0,1,0
9091,1998,3,1,1,1,0,0,2,0,0,0
9102,1997,1,1,0,0,0,0,0,0,0,0
9102,2001,1,1,1,0,0,0,0,0,0,0
9123,2002,5,5,1,0,0,0,0,0,2,0
9123,2003,4,4,2,0,0,0,0,0,0,0
9123,2004,3,3,1,0,0,0,0,0,2,0
9123,2005,1,1,0,0,0,0,0,0,0,0
9123,2006,1,1,0,0,0,0,0,0,0,0
9136,1998,5,4,0,0,0,0,1,0,0,0
9136,1999,9,6,2,0,0,1,3,0,0,0
9136,2000,7,6,3,0,0,0,1,0,1,0
9136,2001,5,5,0,0,0,0,0,0,4,0
9136,2002,7,7,4,0,0,0,0,0,0,0
9136,2003,2,1,0,0,0,0,1,0,0,0
9136,2004,10,9,5,1,0,0,1,0,1,0
9136,2005,7,7,3,0,0,0,0,0,1,0
9136,2006,2,2,2,1,0,0,0,0,0,0
9136,2008,3,3,2,2,0,0,0,0,0,0
9137,1993,1,1,1,0,0,0,0,0,0,0
9137,1994,1,0,0,0,0,0,1,0,0,0
9143,2010,4,4,0,0,0,0,0,0,1,0
9160,1999,2,2,1,0,0,1,0,0,1,0
9161,1996,1,1,0,0,0,0,0,0,0,0
9169,1998,3,2,1,1,0,0,1,0,1,0
9169,2004,1,1,1,1,0,0,0,0,0,0
9176,1999,1,0,0,0,0,0,1,0,0,0
9176,2002,2,1,0,0,0,0,1,0,1,0
9204,1995,5,4,1,0,0,0,1,0,0,0
9204,1997,8,7,2,1,0,0,1,0,0,0
9210,2004,2,2,1,0,0,0,0,0,1,0
9217,2004,1,1,0,0,0,0,0,0,0,0
9217,2005,2,2,1,0,0,1,0,0,0,0
9217,2006,6,5,2,0,0,2,1,0,1,0
9217,2007,2,1,1,0,0,0,1,0,0,0
9228,2004,2,1,1,0,0,0,1,0,0,0
9229,1996,2,2,1,0,0,1,0,0,0,0
9238,1994,1,1,0,0,0,0,0,0,1,0
9251,2004,3,3,2,0,0,0,0,0,1,0
9251,2005,2,2,0,0,0,0,0,0,1,0
9251,2006,4,4,0,0,0,0,0,0,3,0
9251,2007,1,1,0,0,0,0,0,0,1,0
9251,2008,2,1,0,0,0,0,1,0,1,0
9255,2008,2,2,0,0,0,0,0,0,1,0
9255,2009,1,1,0,0,0,0,0,0,0,0
9255,2010,2,2,2,1,0,0,0,0,0,0
9258,1994,1,1,0,0,0,0,0,0,1,0
9258,1996,6,5,4,1,1,1,1,0,0,0
9258,1997,2,2,0,0,0,0,0,0,2,0
9258,1998,7,6,1,0,0,1,0,0,1,1
9258,1999,1,1,0,0,0,0,0,0,0,0
9258,2000,1,1,0,0,0,0,0,0,0,0
9258,2001,9,8,2,0,0,1,1,0,3,0
9258,2004,4,4,2,2,0,0,0,0,0,0
9258,2005,1,1,1,0,0,0,0,0,0,0
9263,2003,2,2,1,0,0,1,0,0,0,0
9294,1995,10,9,5,1,0,1,0,0,1,1
9294,1996,9,9,6,2,0,1,0,0,1,0
9294,1997,6,6,0,0,0,0,0,0,2,0
9294,1998,9,9,1,0,0,0,0,0,5,0
9294,1999,7,7,3,0,1,2,0,0,1,0
9294,2000,10,9,4,1,0,1,1,0,3,0
9294,2001,7,7,3,2,0,1,0,0,2,0
9294,2003,3,3,0,0,0,0,0,0,0,0
9294,2004,6,6,2,0,0,0,0,0,0,0
9294,2005,3,3,1,0,0,0,0,0,1,0
9294,2006,3,1,0,0,0,0,2,0,0,0
9300,1998,1,1,0,0,0,0,0,0,0,0
9312,2000,1,1,0,0,0,0,0,0,1,0
9323,2005,1,0,0,0,0,0,1,0,0,0
9325,2008,2,2,0,0,0,0,0,0,1,0
9330,2007,5,5,2,0,0,1,0,0,1,0
9347,2008,1,1,0,0,0,0,0,0,1,0
9356,2009,2,2,0,0,0,0,0,0,1,0
9373,2000,4,3,1,0,0,0,1,0,0,0
9387,1998,9,8,2,0,0,1,1,0,2,0
9387,1999,5,4,1,0,0,0,1,0,1,0
9387,2000,9,8,3,0,0,2,1,0,2,0
9387,2001,3,2,1,0,0,1,1,0,0,0
9396,2008,3,1,1,0,0,0,2,0,0,0
9406,2006,1,1,1,0,0,1,0,0,0,0
9406,2008,1,1,1,0,0,0,0,0,0,0
9406,2009,2,1,0,0,0,0,0,0,0,1
9406,2010,1,0,0,0,0,0,1,0,0,0
9413,2005,2,2,1,0,0,0,0,0,1,0
9413,2006,1,1,0,0,0,0,0,0,1,0
9437,2003,3,3,1,0,0,0,0,0,0,0
9437,2005,1,1,0,0,0,0,0,0,1,0
9437,2008,3,3,0,0,0,0,0,0,0,0
9442,2000,4,4,1,0,0,1,0,0,1,0
9442,2001,5,4,3,0,0,0,1,0,0,0
9442,2002,3,3,0,0,0,0,0,0,0,0
9442,2004,9,8,1,1,0,0,1,0,0,0
9442,2006,6,6,3,0,0,2,0,0,1,0
9442,2007,1,1,1,0,0,0,0,0,0,0
9467,1994,2,2,0,0,0,0,0,0,1,0
9467,2002,3,3,1,1,0,0,0,0,0,0
9467,2003,2,2,1,0,0,0,0,0,0,0
9468,2001,2,2,0,0,0,0,0,0,2,0
9468,2004,2,2,0,0,0,0,0,0,1,0
9468,2005,1,1,1,0,0,0,0,0,0,0
9475,2005,1,1,0,0,0,0,0,0,0,0
9476,2008,1,1,0,0,0,0,0,0,0,0
9477,2000,4,3,2,0,0,1,1,0,0,0
9477,2001,6,6,0,0,0,0,0,0,1,0
9477,2002,5,5,2,0,0,1,0,0,1,0
9490,2004,1,1,0,0,0,0,0,0,1,0
9490,2005,1,1,1,1,0,0,0,0,0,0
9490,2007,1,1,1,0,0,1,0,0,0,0
9492,1998,7,7,1,1,0,0,0,0,2,0
9492,1999,3,1,0,0,0,0,2,0,1,0
9492,2000,6,5,1,0,0,1,1,0,1,0
9492,2001,4,2,1,0,0,0,1,1,1,0
9492,2002,3,1,0,0,0,0,2,0,0,0
9496,1997,2,2,0,0,0,0,0,0,0,0
9496,1998,3,3,3,1,0,0,0,0,0,0
9496,2005,1,1,0,0,0,0,0,0,0,0
9496,2006,1,1,0,0,0,0,0,0,0,0
9523,1995,1,1,0,0,0,0,0,0,1,0
9523,1998,1,1,0,0,0,0,0,0,0,0
9523,1999,3,3,1,1,0,0,0,0,2,0
9523,2003,1,1,1,0,0,0,0,0,0,0
9523,2007,3,3,0,0,0,0,0,0,2,0
9527,1994,2,2,0,0,0,0,0,0,0,0
9527,1995,3,3,1,0,0,1,0,0,1,0
9527,1996,7,5,1,0,0,0,1,0,1,1
9527,1997,2,2,1,0,0,0,0,0,0,0
9528,2002,3,3,3,1,0,1,0,0,0,0
9554,1998,3,3,1,0,0,0,0,0,0,0
9554,1999,3,2,1,0,0,1,1,0,0,0
9554,2000,4,3,2,0,0,2,0,0,0,1
9558,2006,5,3,2,1,0,0,2,0,0,0
9559,1994,2,2,1,0,0,1,0,0,0,0
9559,1995,3,2,1,1,0,0,1,0,1,0
9559,1996,1,1,0,0,0,0,0,0,0,0
9559,1997,2,2,1,0,0,0,0,0,0,0
9559,1998,1,0,0,0,0,0,1,0,0,0
9559,1999,1,0,0,0,0,0,1,0,0,0
9559,2000,1,1,0,0,0,0,0,0,0,0
9559,2001,2,1,0,0,0,0,1,0,1,0
9559,2002,1,1,1,1,0,0,0,0,0,0
9559,2004,1,0,0,0,0,0,1,0,0,0
9559,2006,1,0,0,0,0,0,1,0,0,0
9559,2010,1,1,0,0,0,0,0,0,0,0
9576,2009,3,1,0,0,0,0,2,0,1,0
9607,1997,4,3,0,0,0,0,1,0,2,0
9607,1999,3,1,0,0,0,0,2,0,0,0
9610,2002,2,1,0,0,0,0,1,0,0,0
9612,1994,1,1,0,0,0,0,0,0,1,0
9612,1995,3,2,1,0,0,0,1,0,1,0
9613,1995,2,2,1,1,0,0,0,0,0,0
9618,2004,6,6,2,1,0,0,0,0,1,0
9618,2005,1,1,1,0,0,0,0,0,0,0
9620,2003,4,3,1,0,0,0,1,0,0,0
9620,2004,2,2,0,0,0,0,0,0,0,0
9620,2005,1,1,1,0,0,0,0,0,0,0
9620,2006,1,1,0,0,0,0,0,0,0,0
9620,2007,1,1,1,0,0,0,0,0,0,0
9620,2008,2,1,0,0,0,0,1,0,1,0
9620,2009,1,1,0,0,0,0,0,0,0,0
9621,2004,2,1,1,0,0,0,1,0,0,0
9621,2005,1,0,0,0,0,0,1,0,0,0
9623,2007,1,0,0,0,0,0,1,0,0,0
9634,2001,1,1,0,0,0,0,0,0,0,0
9634,2002,1,1,0,0,0,0,0,0,0,0
9634,2004,1,0,0,0,0,0,1,0,0,0
9634,2005,1,1,1,0,0,1,0,0,0,0
9634,2007,1,1,0,0,0,0,0,0,0,0
9634,2008,1,1,0,0,0,0,0,0,1,0
9635,1995,2,2,1,1,0,0,0,0,1,0
9635,1998,3,3,2,0,0,0,0,0,1,0
9637,1997,4,4,1,0,0,0,0,0,1,0
9637,1998,1,1,0,0,0,0,0,0,1,0
9637,2000,3,3,1,0,0,1,0,0,1,0
9659,1995,3,2,0,0,0,0,0,0,2,1
9659,1996,3,3,0,0,0,0,0,0,3,0
9659,1997,3,3,0,0,0,0,0,0,1,0
9659,1999,1,1,0,0,0,0,0,0,0,0
9659,2000,3,3,0,0,0,0,0,0,0,0
9659,2001,6,6,3,0,0,1,0,0,1,0
9659,2002,2,2,0,0,0,0,0,0,2,0
9659,2003,6,5,1,0,0,0,1,0,1,0
9659,2004,4,4,2,0,0,0,0,0,0,0
9659,2005,4,3,0,0,0,0,1,0,0,0
9659,2006,4,3,1,0,0,0,1,0,0,0
9659,2007,2,2,1,0,0,0,0,0,1,0
9659,2008,2,1,0,0,0,0,0,1,1,0
9659,2010,1,1,0,0,0,0,0,0,1,0
9664,2006,1,1,0,0,0,0,0,0,1,0
9664,2008,2,2,2,0,0,0,0,0,0,0
9664,2009,2,2,0,0,0,0,0,0,0,0
9672,2004,1,1,0,0,0,0,0,0,1,0
9707,2005,10,8,2,0,0,0,1,0,1,1
9707,2006,3,1,0,0,0,0,2,0,0,0
9707,2007,3,3,1,0,0,0,0,0,1,0
9707,2008,6,5,2,0,0,0,1,0,0,0
9709,1995,2,2,2,1,0,0,0,0,0,0
9709,1996,8,8,2,1,0,1,0,0,1,0
9709,1997,4,3,2,2,0,0,1,0,0,0
9713,1995,4,4,0,0,0,0,0,0,1,0
9715,2001,3,3,2,1,0,0,0,0,1,0
9715,2002,3,2,0,0,0,0,1,0,0,0
9715,2003,1,1,0,0,0,0,0,0,1,0
9736,1995,3,2,1,0,0,1,1,0,0,0
9751,2001,2,2,0,0,0,0,0,0,1,0
9761,2003,3,3,1,0,0,0,0,0,0,0
9761,2005,2,2,0,0,0,0,0,0,1,0
9761,2006,2,2,0,0,0,0,0,0,1,0
9761,2007,1,1,0,0,0,0,0,0,0,0
9761,2010,1,1,1,0,0,0,0,0,0,0
9772,2004,2,2,1,1,0,0,0,0,1,0
9779,1995,3,3,2,0,0,0,0,0,0,0
9779,1996,6,6,3,0,0,0,0,0,2,0
9779,1997,3,2,0,0,0,0,1,0,0,0
9779,1999,1,0,0,0,0,0,0,1,0,0
9780,1997,1,1,0,0,0,0,0,0,0,0
9780,2005,1,1,0,0,0,0,0,0,0,0
9781,2004,2,2,0,0,0,0,0,0,2,0
9781,2005,2,2,1,0,0,0,0,0,0,0
9781,2006,2,2,0,0,0,0,0,0,0,0
9781,2007,1,1,1,1,0,0,0,0,0,0
9781,2008,3,3,1,0,0,1,0,0,0,0
9781,2009,1,1,1,0,0,1,0,0,0,0
9783,2010,1,1,1,0,0,0,0,0,0,0
9803,1997,4,2,0,0,0,0,1,1,0,0
9810,2002,6,5,0,0,0,0,0,1,1,0
9810,2003,3,2,1,0,0,0,1,0,0,0
9810,2005,4,2,0,0,0,0,2,0,0,0
9822,2009,6,6,2,0,0,0,0,0,3,0
9822,2010,3,2,0,0,0,0,1,0,0,0
9836,1995,1,0,0,0,0,0,1,0,0,0
9840,1993,4,4,0,0,0,0,0,0,1,0
9840,1994,4,4,1,0,0,0,0,0,0,0
9840,1995,3,3,1,1,0,0,0,0,0,0
9840,1996,5,4,1,1,0,0,1,0,1,0
9840,1997,7,6,2,1,0,0,1,0,1,0
9840,1998,9,8,2,0,0,0,0,0,3,1
9840,1999,6,6,1,0,0,0,0,0,1,0
9840,2000,4,4,1,0,0,0,0,0,2,0
9840,2002,7,6,2,0,0,0,1,0,3,0
9840,2003,6,6,4,2,0,0,0,0,0,0
9840,2004,2,2,2,1,0,1,0,0,0,0
9840,2005,3,2,1,0,0,1,1,0,1,0
9840,2006,3,3,1,0,0,0,0,0,2,0
9840,2008,3,3,1,0,1,0,0,0,1,0
9878,1999,2,2,1,0,0,1,0,0,0,0
9887,2000,3,3,0,0,0,0,0,0,2,0
9887,2001,5,5,2,0,0,0,0,0,1,0
9887,2002,1,0,0,0,0,0,1,0,0,0
9887,2003,1,1,0,0,0,0,0,0,0,0
9887,2005,1,1,1,0,0,1,0,0,0,0
9887,2006,1,0,0,0,0,0,1,0,0,0
9902,2008,1,1,0,0,0,0,0,0,1,0
9902,2009,1,1,0,0,0,0,0,0,1,0
9902,2010,1,1,1,0,0,1,0,0,0,0
9911,2003,5,5,1,0,0,0,0,0,1,0
9930,2006,1,1,1,0,0,1,0,0,0,0
9931,1996,4,4,2,0,0,1,0,0,0,0
9931,1997,5,5,4,0,0,0,0,0,0,0
9931,1998,13,11,5,0,0,4,2,0,1,0
9931,1999,13,11,2,0,0,0,1,1,1,0
9933,2008,1,1,1,0,0,0,0,0,0,0
9933,2009,3,3,1,1,0,0,0,0,1,0
9943,1999,3,3,1,0,0,0,0,0,1,0
9984,2007,1,1,0,0,0,0,0,0,0,0
10001,1997,2,2,1,0,0,0,0,0,1,0
10007,1994,2,1,1,0,0,0,1,0,0,0
10007,1996,1,1,1,1,0,0,0,0,0,0
10024,1998,1,1,0,0,0,0,0,0,0,0
10026,2008,2,2,0,0,0,0,0,0,0,0
10026,2011,1,1,0,0,0,0,0,0,0,0
10027,2000,7,7,2,0,0,0,0,0,2,0
10027,2001,11,10,2,1,0,1,1,0,7,0
10027,2002,3,3,0,0,0,0,0,0,2,0
10029,1997,6,4,0,0,0,0,1,1,1,0
10029,1998,4,4,1,0,0,1,0,0,1,0
10029,2001,3,3,0,0,0,0,0,0,1,0
10029,2003,3,2,1,0,0,0,1,0,0,0
10029,2005,3,3,0,0,0,0,0,0,1,0
10029,2008,1,1,0,0,0,0,0,0,0,0
10029,2009,1,1,0,0,0,0,0,0,1,0
10038,1994,2,2,0,0,0,0,0,0,0,0
10038,1996,4,3,1,0,0,1,1,0,0,0
10040,2010,1,1,0,0,0,0,0,0,0,0
10050,1999,1,1,0,0,0,0,0,0,1,0
10050,2001,3,2,0,0,0,0,1,0,0,0
10050,2004,5,5,2,0,0,0,0,0,2,0
10050,2005,2,2,0,0,0,0,0,0,1,0
10050,2006,3,3,0,0,0,0,0,0,0,0
10050,2008,1,1,0,0,0,0,0,0,1,0
10053,2000,1,1,0,0,0,0,0,0,1,0
10055,1993,1,0,0,0,0,0,1,0,0,0
10055,1994,1,1,0,0,0,0,0,0,1,0
10055,1995,3,3,2,0,0,2,0,0,1,0
10065,2007,1,1,1,1,0,0,0,0,0,0
10068,2003,1,1,0,0,0,0,0,0,0,0
10068,2005,7,6,2,0,0,0,1,0,0,0
10068,2006,4,3,0,0,0,0,0,0,0,1
10069,2001,3,2,2,1,0,1,0,1,0,0
10069,2002,4,4,3,0,0,1,0,0,0,0
10069,2004,6,5,1,0,0,1,1,0,1,0
10069,2005,3,3,2,1,0,1,0,0,0,0
10069,2006,4,4,2,1,0,0,0,0,1,0
10069,2007,3,3,2,0,0,0,0,0,0,0
10069,2010,3,3,2,0,0,0,0,0,0,0
10070,1998,3,3,0,0,0,0,0,0,1,0
10070,1999,2,2,0,0,0,0,0,0,1,0
10079,2008,1,1,0,0,0,0,0,0,1,0
10080,2002,1,1,0,0,0,0,0,0,0,0
10093,1996,4,4,2,1,0,0,0,0,2,0
10093,1997,3,2,1,0,0,1,1,0,1,0
10093,1998,1,0,0,0,0,0,1,0,0,0
10097,2010,1,1,0,0,0,0,0,0,0,0
10104,2007,2,2,1,1,0,0,0,0,1,0
10108,2008,2,2,1,0,0,0,0,0,0,0
10125,1998,3,2,1,1,0,0,0,0,0,1
10125,1999,3,2,2,0,0,1,1,0,0,0
10126,2009,1,1,0,0,0,0,0,0,0,0
10136,2006,3,3,1,0,0,1,0,0,2,0
10142,2009,1,1,1,0,0,0,0,0,0,0
10146,2004,1,1,0,0,0,0,0,0,0,0
10146,2006,2,2,1,0,0,0,0,0,1,0
10146,2009,1,0,0,0,0,0,1,0,0,0
10156,2007,1,1,1,0,0,1,0,0,0,0
10156,2009,11,9,5,2,0,1,2,0,1,0
10187,1994,2,2,0,0,0,0,0,0,1,0
10187,1996,3,2,0,0,0,0,1,0,1,0
10188,1997,9,8,3,0,0,3,0,0,1,1
10188,1999,1,0,0,0,0,0,1,0,0,0
10192,1995,1,1,0,0,0,0,0,0,0,0
10209,2005,5,5,0,0,0,0,0,0,1,0
10209,2007,6,6,1,0,0,0,0,0,1,0
10209,2010,4,4,1,0,0,0,0,0,1,0
10215,1997,3,3,2,0,0,0,0,0,1,0
10215,1998,1,0,0,0,0,0,0,0,0,1
10215,2002,3,1,0,0,0,0,2,0,0,0
10216,1999,1,1,0,0,0,0,0,0,0,0
10216,2000,1,1,0,0,0,0,0,0,1,0
10216,2001,2,2,1,1,0,0,0,0,0,0
10217,2000,1,0,0,0,0,0,1,0,0,0
10217,2002,6,5,1,0,0,0,1,0,2,0
10217,2003,3,3,1,0,0,0,0,0,0,0
10217,2004,3,3,1,0,0,1,0,0,1,0
10217,2005,3,2,0,0,0,0,1,0,0,0
10217,2006,3,3,0,0,0,0,0,0,2,0
10217,2007,3,2,2,1,0,0,1,0,0,0
10229,2001,4,2,0,0,0,0,2,0,0,0
10234,2008,3,2,0,0,0,0,1,0,1,0
10236,2000,1,1,0,0,0,0,0,0,1,0
10236,2002,1,1,0,0,0,0,0,0,1,0
10236,2003,1,1,0,0,0,0,0,0,0,0
10246,2000,1,0,0,0,0,0,1,0,0,0
10246,2005,2,2,0,0,0,0,0,0,0,0
10246,2006,1,1,1,0,0,0,0,0,0,0
10249,2007,6,5,0,0,0,0,1,0,0,0
10249,2008,9,7,3,1,0,0,2,0,0,0
10267,1994,2,2,1,0,0,1,0,0,0,0
10267,1996,3,3,1,1,0,0,0,0,0,0
10285,1999,1,1,0,0,0,0,0,0,1,0
10288,2008,3,3,2,1,0,0,0,0,1,0
10288,2009,9,8,2,0,0,1,1,0,1,0
10288,2010,7,7,3,0,0,1,0,0,3,0
10300,2009,2,2,0,0,0,0,0,0,1,0
10300,2010,1,1,0,0,0,0,0,0,1,0
10313,1999,4,4,1,0,0,0,0,0,0,0
10330,1998,3,2,1,0,0,0,1,0,0,0
10330,2000,3,3,1,0,0,0,0,0,1,0
10332,1999,1,1,1,0,0,0,0,0,0,0
10332,2000,6,5,2,2,0,0,0,0,1,1
10332,2001,3,3,0,0,0,0,0,0,0,0
10332,2003,1,1,0,0,0,0,0,0,0,0
10332,2005,2,2,0,0,0,0,0,0,0,0
10332,2006,4,3,1,0,0,1,1,0,0,0
10351,1995,4,3,0,0,0,0,1,0,2,0
10409,2008,1,1,0,0,0,0,0,0,0,0
10415,2004,3,3,0,0,0,0,0,0,2,0
10415,2007,1,1,0,0,0,0,0,0,1,0
10440,1993,3,3,1,0,0,0,0,0,1,0
10440,1994,5,5,1,0,0,0,0,0,4,0
10440,1996,5,5,1,0,0,0,0,0,1,0
10440,1997,2,1,0,0,0,0,1,0,0,0
10440,1998,7,7,1,0,0,0,0,0,1,0
10440,1999,8,7,4,1,0,1,1,0,2,0
10440,2000,2,1,1,0,0,0,1,0,0,0
10440,2001,10,7,2,0,0,1,3,0,1,0
10440,2002,3,3,1,0,0,0,0,0,0,0
10440,2003,3,3,1,0,0,0,0,0,1,0
10440,2004,3,1,1,0,0,0,1,0,0,1
10461,1998,2,2,1,0,1,0,0,0,1,0
10468,1998,4,2,1,1,0,0,2,0,0,0
10468,1999,4,2,1,0,0,1,2,0,1,0
10468,2003,2,2,0,0,0,0,0,0,1,0
10507,1995,1,1,1,0,0,0,0,0,0,0
10507,1997,2,2,2,0,0,1,0,0,0,0
10507,1998,1,1,1,0,0,0,0,0,0,0
10533,1996,4,4,3,0,0,0,0,0,1,0
10537,2004,1,0,0,0,0,0,1,0,0,0
10537,2006,2,0,0,0,0,0,2,0,0,0
10537,2008,2,2,0,0,0,0,0,0,0,0
10547,2006,6,4,1,0,0,1,2,0,3,0
10547,2007,6,6,0,0,0,0,0,0,2,0
10547,2008,10,8,2,0,0,1,2,0,2,0
10549,2003,2,2,0,0,0,0,0,0,1,0
10549,2004,2,1,0,0,0,0,1,0,1,0
10549,2005,3,3,0,0,0,0,0,0,1,0
10549,2006,1,1,1,0,0,0,0,0,0,0
10549,2007,3,2,0,0,0,0,1,0,1,0
10549,2008,2,1,0,0,0,0,1,0,0,0
10549,2010,1,1,0,0,0,0,0,0,1,0
10572,2003,1,0,0,0,0,0,1,0,0,0
10572,2005,1,1,0,0,0,0,0,0,0,0
10572,2006,1,0,0,0,0,0,1,0,0,0
10576,2002,1,1,1,0,0,0,0,0,0,0
10576,2007,1,1,0,0,0,0,0,0,1,0
10593,2000,3,3,1,0,0,0,0,0,2,0
10593,2006,1,1,1,0,0,1,0,0,0,0
10595,2004,3,3,0,0,0,0,0,0,0,0
10595,2005,3,3,0,0,0,0,0,0,1,0
10595,2006,3,3,0,0,0,0,0,0,0,0
10595,2007,6,6,2,2,0,0,0,0,1,0
10597,1997,4,3,2,1,0,0,1,0,0,0
10597,1998,3,3,0,0,0,0,0,0,0,0
10597,2000,2,1,1,0,0,0,1,0,0,0
10600,2009,3,2,1,0,0,0,1,0,0,0
10601,1996,4,4,1,0,0,0,0,0,2,0
10601,1997,2,2,0,0,0,0,0,0,0,0
10601,1998,3,2,1,0,0,1,1,0,0,0
10601,1999,3,2,0,0,0,0,0,1,0,0
10636,1997,3,3,2,0,0,0,0,0,0,0
10636,1998,11,10,2,0,0,1,1,0,4,0
10636,1999,6,5,4,0,0,1,1,0,0,0
10637,2005,1,1,0,0,0,0,0,0,0,0
10637,2006,2,1,0,0,0,0,1,0,1,0
10677,1996,2,1,0,0,0,0,1,0,1,0
10677,1997,3,1,0,0,0,0,2,0,1,0
10677,1998,4,2,0,0,0,0,2,0,0,0
10679,2007,3,3,0,0,0,0,0,0,1,0
10680,1995,1,0,0,0,0,0,1,0,0,0
10682,1996,2,1,0,0,0,0,1,0,0,0
10682,1997,2,2,0,0,0,0,0,0,0,0
10682,1998,2,2,1,0,0,0,0,0,0,0
10682,2005,3,3,1,0,0,0,0,0,0,0
10682,2006,3,2,1,0,0,1,1,0,0,0
10689,1997,3,3,1,0,0,0,0,0,1,0
10703,2001,3,2,0,0,0,0,1,0,1,0
10704,2009,1,0,0,0,0,0,0,1,0,0
10719,1994,2,0,0,0,0,0,2,0,0,0
10734,2010,1,1,1,0,0,1,0,0,0,0
10746,1994,2,2,0,0,0,0,0,0,1,0
10746,1995,2,2,1,1,0,0,0,0,1,0
10752,2002,4,2,1,0,0,0,1,1,1,0
10753,2006,1,1,0,0,0,0,0,0,0,0
10759,1998,1,1,0,0,0,0,0,0,1,0
10765,2002,1,0,0,0,0,0,1,0,0,0
10779,1995,2,2,1,1,0,0,0,0,0,0
10782,2005,3,3,1,0,0,0,0,0,0,0
10782,2006,3,2,1,0,0,1,1,0,1,0
10782,2007,2,2,0,0,0,0,0,0,1,0
10809,1998,2,1,0,0,0,0,1,0,0,0
10811,2003,6,4,1,0,0,0,1,0,1,1
10811,2005,1,1,1,0,0,1,0,0,0,0
10820,1995,2,2,0,0,0,0,0,0,0,0
10832,2006,3,2,1,1,0,0,1,0,0,0
10841,2007,6,5,1,0,0,0,0,0,1,1
10846,2007,1,0,0,0,0,0,1,0,0,0
10848,2002,1,1,1,1,0,0,0,0,0,0
10848,2003,1,1,0,0,0,0,0,0,0,0
10848,2006,1,1,1,0,0,0,0,0,0,0
10848,2007,1,0,0,0,0,0,1,0,0,0
10848,2009,1,0,0,0,0,0,1,0,0,0
10856,2002,2,1,1,0,0,0,1,0,0,0
10856,2003,4,3,2,1,0,0,1,0,0,0
10856,2004,5,5,1,0,0,1,0,0,3,0
10872,2006,2,2,0,0,0,0,0,0,0,0
10872,2007,3,2,0,0,0,0,1,0,0,0
10879,2000,1,0,0,0,0,0,1,0,0,0
10881,1995,13,12,3,0,0,1,1,0,1,0
10881,1998,7,7,4,0,0,1,0,0,1,0
10881,1999,9,9,3,3,0,0,0,0,1,0
10881,2002,4,4,3,0,0,1,0,0,0,0
10881,2003,4,4,2,1,0,0,0,0,1,0
10890,2004,2,2,1,0,0,0,0,0,1,0
10890,2006,4,3,0,0,0,0,1,0,3,0
10890,2007,2,2,1,1,0,0,0,0,0,0
10890,2008,3,3,1,1,0,0,0,0,0,0
10916,1998,2,2,0,0,0,0,0,0,0,0
10916,1999,7,6,1,1,0,0,1,0,2,0
10920,2000,1,1,0,0,0,0,0,0,0,0
10921,1996,4,4,1,1,0,0,0,0,3,0
10921,1997,8,7,2,0,0,0,1,0,0,0
10921,1998,2,2,0,0,0,0,0,0,0,0
10926,1995,2,2,1,0,0,0,0,0,0,0
10926,2008,2,2,0,0,0,0,0,0,0,0
10932,2003,2,2,0,0,0,0,0,0,0,0
10932,2005,1,1,0,0,0,0,0,0,0,0
10933,2000,2,1,0,0,0,0,1,0,0,0
10953,2010,1,0,0,0,0,0,1,0,0,0
10956,2003,3,3,2,1,0,0,0,0,0,0
10956,2004,1,1,0,0,0,0,0,0,0,0
10957,2003,3,3,1,0,0,0,0,0,1,0
10957,2007,1,1,0,0,0,0,0,0,0,0
10963,1996,2,2,0,0,0,0,0,0,0,0
10963,1997,1,1,0,0,0,0,0,0,1,0
10963,1999,2,1,1,0,0,0,1,0,0,0
10963,2001,3,3,2,0,0,0,0,0,1,0
10963,2002,2,2,1,1,0,0,0,0,0,0
10963,2006,1,1,1,1,0,0,0,0,0,0
10984,2009,3,3,1,0,0,0,0,0,0,0
10999,1998,4,3,1,0,0,0,1,0,0,0
10999,2000,3,3,0,0,0,0,0,0,1,0
10999,2001,5,5,3,0,0,1,0,0,1,0
10999,2002,5,4,1,1,0,0,1,0,1,0
11012,1996,4,4,2,2,0,0,0,0,0,0
11012,2003,3,1,0,0,0,0,2,0,1,0
11014,2002,3,2,1,0,0,0,0,1,1,0
11030,1994,1,1,0,0,0,0,0,0,1,0
11030,1995,5,2,0,0,0,0,2,0,2,0
11030,1996,3,2,1,0,0,1,1,0,1,0
11030,1997,2,1,1,1,0,0,1,0,0,0
11030,1998,1,1,0,0,0,0,0,0,0,0
11031,2010,1,1,0,0,0,0,0,0,0,0
11042,2004,2,2,2,0,0,1,0,0,0,0
11051,1998,3,3,2,0,0,2,0,0,0,0
11071,2007,1,0,0,0,0,0,1,0,0,0
11071,2009,1,0,0,0,0,0,1,0,0,0
11079,2003,2,2,0,0,0,0,0,0,1,0
11090,1994,3,3,1,0,0,0,0,0,0,0
11090,1995,6,4,1,0,0,1,2,0,0,0
11090,1997,3,3,1,0,0,0,0,0,0,0
11090,1998,3,2,1,0,0,0,1,0,1,0
11112,2005,2,2,0,0,0,0,0,0,1,0
11112,2006,1,1,0,0,0,0,0,0,0,0
11112,2007,1,1,0,0,0,0,0,0,1,0
11112,2008,1,1,1,1,0,0,0,0,0,0
11112,2009,2,2,0,0,0,0,0,0,1,0
11119,2001,1,0,0,0,0,0,1,0,0,0
11141,1997,6,6,3,0,0,1,0,0,1,0
11141,2000,1,1,0,0,0,0,0,0,0,0
11141,2001,11,10,3,1,0,1,1,0,5,0
11141,2002,13,11,4,0,0,2,1,1,0,0
11141,2003,8,7,3,0,0,3,0,1,2,0
11141,2004,4,4,1,0,0,1,0,0,2,0
11141,2005,7,6,0,0,0,0,0,1,0,0
11141,2006,1,0,0,0,0,0,1,0,0,0
11167,1999,4,4,1,0,0,1,0,0,1,0
11167,2003,1,0,0,0,0,0,1,0,0,0
11167,2004,1,1,0,0,0,0,0,0,0,0
11172,1995,2,2,0,0,0,0,0,0,1,0
11172,1997,5,3,0,0,0,0,2,0,0,0
11172,1998,1,1,1,0,0,0,0,0,0,0
11172,1999,3,3,1,0,0,0,0,0,0,0
11172,2000,8,7,4,1,0,2,1,0,2,0
11172,2003,3,3,1,0,0,1,0,0,2,0
11172,2005,3,2,0,0,0,0,1,0,0,0
11172,2008,6,5,2,0,0,1,0,1,1,0
11192,2000,7,7,0,0,0,0,0,0,3,0
11192,2001,1,1,0,0,0,0,0,0,1,0
11207,2003,1,1,0,0,0,0,0,0,0,0
11215,1998,9,8,6,3,0,2,1,0,0,0
11217,1997,3,3,1,0,0,0,0,0,1,0
11222,2006,2,2,1,0,0,1,0,0,0,0
11222,2007,1,1,1,1,0,0,0,0,0,0
11236,2004,1,1,0,0,0,0,0,0,0,0
11242,2004,3,2,0,0,0,0,1,0,1,0
11245,2006,1,1,0,0,0,0,0,0,1,0
11245,2007,1,1,0,0,0,0,0,0,0,0
11247,2000,3,3,1,0,0,0,0,0,0,0
11247,2001,4,2,0,0,0,0,1,1,1,0
11247,2002,2,2,1,0,0,0,0,0,0,0
11247,2003,5,4,3,0,1,0,1,0,0,0
11256,1993,6,6,0,0,0,0,0,0,0,0
11256,1995,2,2,1,0,0,1,0,0,0,0
11256,1996,10,9,3,2,0,0,1,0,1,0
11256,1997,3,2,1,0,0,0,1,0,1,0
11256,1998,3,3,2,1,0,0,0,0,1,0
11268,2007,1,0,0,0,0,0,1,0,0,0
11268,2008,1,1,0,0,0,0,0,0,1,0
11268,2010,1,1,0,0,0,0,0,0,0,0
11282,2006,1,1,0,0,0,0,0,0,0,0
11285,2003,1,1,0,0,0,0,0,0,0,0
11293,2004,1,1,1,0,0,1,0,0,0,0
11295,1994,2,2,1,0,0,0,0,0,1,0
11295,1996,5,3,0,0,0,0,1,0,2,1
11295,1997,2,2,0,0,0,0,0,0,2,0
11295,1998,4,4,0,0,0,0,0,0,0,0
11295,1999,1,1,1,0,0,0,0,0,0,0
11295,2000,1,1,1,0,0,0,0,0,0,0
11337,2007,6,4,0,0,0,0,1,1,1,0
11337,2010,1,0,0,0,0,0,1,0,0,0
11340,2005,1,1,0,0,0,0,0,0,0,0
11342,1996,6,6,1,0,0,1,0,0,0,0
11342,1997,4,4,2,1,0,1,0,0,0,0
11371,1995,2,2,0,0,0,0,0,0,0,0
11371,1997,11,11,2,1,0,0,0,0,3,0
11371,1998,9,9,2,0,0,2,0,0,1,0
11377,2009,1,0,0,0,0,0,1,0,0,0
11388,1994,1,1,0,0,0,0,0,0,0,0
11398,2010,1,1,0,0,0,0,0,0,0,0
11399,2008,1,1,0,0,0,0,0,0,0,0
11399,2009,1,1,0,0,0,0,0,0,0,0
11424,1996,5,2,0,0,0,0,2,0,1,1
11424,1997,4,4,2,0,0,1,0,0,0,0
11424,1998,11,10,3,1,0,0,1,0,1,0
11424,1999,4,2,0,0,0,0,1,1,0,0
11426,2003,5,4,2,1,0,1,1,0,0,0
11426,2004,3,3,2,1,0,0,0,0,0,0
11445,2010,1,1,0,0,0,0,0,0,1,0
11460,2005,2,1,0,0,0,0,1,0,1,0
11460,2006,2,0,0,0,0,0,2,0,0,0
11470,2002,3,3,0,0,0,0,0,0,1,0
11470,2003,2,2,0,0,0,0,0,0,1,0
11474,2001,3,2,0,0,0,0,0,1,1,0
11484,2011,2,2,0,0,0,0,0,0,0,0
11489,1994,2,2,1,0,0,1,0,0,1,0
11489,1995,3,2,1,0,0,0,1,0,1,0
11489,1996,1,1,0,0,0,0,0,0,0,0
11489,1997,2,2,0,0,0,0,0,0,1,0
11489,1998,2,2,1,1,0,0,0,0,0,0
11489,1999,2,2,1,0,0,0,0,0,1,0
11506,2001,1,1,1,0,0,0,0,0,0,0
11522,1997,3,2,1,0,0,0,1,0,0,0
11522,1999,3,3,1,1,0,0,0,0,1,0
11522,2000,3,1,0,0,0,0,2,0,0,0
11522,2001,2,1,0,0,0,0,1,0,1,0
11522,2003,2,0,0,0,0,0,2,0,0,0
11522,2008,2,1,0,0,0,0,1,0,0,0
11544,1995,3,2,1,0,0,0,1,0,0,0
11558,1995,6,5,1,0,0,1,1,0,1,0
11558,1997,1,1,1,1,0,0,0,0,0,0
11558,2008,2,1,0,0,0,0,0,0,0,1
11568,2001,6,6,2,0,0,1,0,0,0,0
11568,2002,7,7,2,0,0,1,0,0,1,0
11568,2003,2,2,0,0,0,0,0,0,0,0
11568,2004,2,2,1,0,0,1,0,0,0,0
11568,2005,4,4,0,0,0,0,0,0,0,0
11568,2006,9,7,1,0,0,0,2,0,1,0
11568,2007,1,1,0,0,0,0,0,0,0,0
11570,2003,1,0,0,0,0,0,1,0,0,0
11570,2008,2,2,0,0,0,0,0,0,0,0
11577,1999,3,3,0,0,0,0,0,0,0,0
11577,2000,5,4,3,2,0,1,1,0,0,0
11577,2007,9,8,2,2,0,0,1,0,0,0
11577,2008,2,2,1,0,0,0,0,0,0,0
11603,1997,2,2,0,0,0,0,0,0,0,0
11606,1993,1,1,0,0,0,0,0,0,0,0
11606,1994,2,2,0,0,0,0,0,0,1,0
11606,1995,6,5,0,0,0,0,1,0,1,0
11606,1996,3,2,2,1,1,0,1,0,0,0
11606,1997,3,2,1,0,0,0,0,0,1,1
11606,1998,4,4,1,0,0,0,0,0,2,0
11606,1999,5,5,1,0,0,0,0,0,3,0
11606,2000,4,4,2,0,0,1,0,0,2,0
11606,2001,1,0,0,0,0,0,1,0,0,0
11616,1993,1,1,0,0,0,0,0,0,0,0
11642,2003,1,1,0,0,0,0,0,0,0,0
11663,2011,1,1,1,0,0,0,0,0,0,0
11684,2001,2,2,0,0,0,0,0,0,2,0
11684,2005,2,2,1,0,0,1,0,0,1,0
11710,2002,3,2,0,0,0,0,1,0,1,0
11710,2004,2,2,1,0,0,1,0,0,1,0
11719,2009,4,3,2,0,0,0,1,0,1,0
11732,1993,2,2,0,0,0,0,0,0,0,0
11735,1996,2,2,1,0,0,0,0,0,0,0
11746,2008,2,1,0,0,0,0,1,0,1,0
11746,2009,1,1,0,0,0,0,0,0,0,0
11746,2010,1,1,1,0,0,0,0,0,0,0
11756,2009,3,3,0,0,0,0,0,0,1,0
11758,1995,1,1,0,0,0,0,0,0,0,0
11763,1994,3,3,0,0,0,0,0,0,0,0
11763,1995,3,3,1,0,0,0,0,0,2,0
11763,1996,2,0,0,0,0,0,2,0,0,0
11763,2002,1,1,0,0,0,0,0,0,1,0
11763,2003,1,1,1,0,0,0,0,0,0,0
11786,2009,3,1,1,0,0,0,1,1,0,0
11786,2010,1,1,0,0,0,0,0,0,0,0
11790,2009,1,0,0,0,0,0,1,0,0,0
11801,2004,12,12,4,0,0,2,0,0,4,0
11801,2006,4,4,0,0,0,0,0,0,3,0
11801,2007,3,3,2,0,0,0,0,0,0,0
11801,2009,3,3,2,1,0,0,0,0,1,0
11822,1999,1,1,0,0,0,0,0,0,0,0
11822,2000,1,1,0,0,0,0,0,0,0,0
11826,2010,1,1,0,0,0,0,0,0,0,0
11831,2010,2,2,0,0,0,0,0,0,1,0
11838,1996,1,0,0,0,0,0,1,0,0,0
11841,2006,3,3,0,0,0,0,0,0,1,0
11841,2007,3,3,1,0,0,0,0,0,1,0
11841,2010,7,6,0,0,0,0,0,1,3,0
11842,2007,1,1,1,0,0,0,0,0,0,0
11861,2000,1,1,0,0,0,0,0,0,0,0
11861,2001,1,1,0,0,0,0,0,0,0,0
11863,2008,3,3,0,0,0,0,0,0,1,0
11863,2009,1,0,0,0,0,0,1,0,0,0
11873,2007,1,1,0,0,0,0,0,0,0,0
11873,2008,2,2,1,0,0,1,0,0,0,0
11875,1997,2,1,1,0,0,0,1,0,0,0
11875,1999,3,2,0,0,0,0,1,0,0,0
11875,2004,4,2,0,0,0,0,2,0,1,0
11875,2005,2,0,0,0,0,0,1,0,0,1
11875,2006,3,1,1,0,0,0,1,0,0,1
11884,1993,3,3,1,0,0,0,0,0,1,0
11884,1996,3,1,0,0,0,0,1,0,0,1
11895,2000,1,0,0,0,0,0,1,0,0,0
11895,2003,1,1,0,0,0,0,0,0,0,0
11895,2005,2,2,1,0,0,1,0,0,0,0
11895,2007,5,3,0,0,0,0,2,0,1,0
11905,2010,3,3,1,1,0,0,0,0,0,0
11908,1995,2,2,0,0,0,0,0,0,1,0
11908,1996,2,2,1,0,0,0,0,0,0,0
11908,1997,1,0,0,0,0,0,1,0,0,0
11927,2004,3,2,1,1,0,0,1,0,1,0
11927,2005,7,6,1,1,0,0,1,0,3,0
11927,2006,8,5,1,0,0,1,3,0,2,0
11929,1998,1,1,0,0,0,0,0,0,0,0
11929,2003,1,1,0,0,0,0,0,0,0,0
11934,1996,3,3,0,0,0,0,0,0,0,0
11937,2005,1,1,0,0,0,0,0,0,0,0
11942,2009,7,5,0,0,0,0,2,0,3,0
11942,2010,3,2,1,0,0,1,1,0,1,0
11949,1995,6,5,1,0,0,0,1,0,1,0
11949,1996,6,6,0,0,0,0,0,0,3,0
11949,1997,4,4,1,1,0,0,0,0,2,0
11949,1998,6,6,1,0,0,0,0,0,2,0
11949,1999,4,2,2,1,0,0,2,0,0,0
11949,2000,4,3,1,0,0,0,1,0,0,0
11949,2010,4,4,2,0,0,1,0,0,0,0
11965,1997,1,1,1,0,0,1,0,0,0,0
11965,2005,1,1,1,1,0,0,0,0,0,0
11965,2006,1,1,0,0,0,0,0,0,0,0
11965,2007,2,2,1,0,0,0,0,0,0,0
11965,2008,1,1,0,0,0,0,0,0,0,0
11973,1996,2,2,1,0,0,1,0,0,1,0
11976,2002,6,4,2,1,0,1,2,0,2,0
11976,2003,1,1,0,0,0,0,0,0,0,0
11976,2005,4,4,2,0,0,1,0,0,0,0
11981,2006,1,1,0,0,0,0,0,0,1,0
11981,2008,2,1,1,0,0,0,1,0,0,0
11992,1997,1,1,0,0,0,0,0,0,0,0
11992,2001,1,1,0,0,0,0,0,0,0,0
12002,2008,1,0,0,0,0,0,1,0,0,0
12020,2010,1,1,0,0,0,0,0,0,0,0
12023,2005,5,5,2,0,0,0,0,0,2,0
12023,2006,12,8,7,0,0,2,4,0,0,0
12023,2007,9,9,4,0,0,0,0,0,1,0
12023,2008,6,6,2,1,0,0,0,0,3,0
12028,1998,1,0,0,0,0,0,1,0,0,0
12028,1999,2,2,1,0,0,0,0,0,0,0
12043,1996,2,1,0,0,0,0,1,0,0,0
12053,1996,5,4,1,0,0,0,1,0,3,0
12053,1997,5,5,3,1,0,0,0,0,1,0
12053,1998,5,5,0,0,0,0,0,0,4,0
12053,2001,3,3,2,1,0,0,0,0,1,0
12053,2003,2,1,0,0,0,0,1,0,0,0
12053,2004,4,3,2,0,0,2,1,0,0,0
12057,1999,2,1,1,0,1,0,1,0,0,0
12057,2000,2,0,0,0,0,0,2,0,0,0
12057,2002,4,2,2,0,0,0,2,0,0,0
12057,2003,6,4,0,0,0,0,1,1,0,0
12057,2004,6,4,1,0,0,1,2,0,0,0
12057,2005,3,3,1,0,0,0,0,0,1,0
12057,2006,6,5,1,0,0,0,1,0,0,0
12057,2007,3,2,1,1,0,0,1,0,1,0
12057,2008,3,3,2,0,0,0,0,0,0,0
12065,2007,1,0,0,0,0,0,1,0,0,0
12076,1995,1,1,1,0,0,0,0,0,0,0
12080,1997,4,4,0,0,0,0,0,0,4,0
12080,1998,5,4,1,0,0,0,0,0,0,1
12080,1999,2,2,1,0,0,1,0,0,1,0
12094,1999,6,4,1,0,0,0,1,1,1,0
12094,2000,3,2,1,0,0,0,1,0,0,0
12094,2001,5,3,0,0,0,0,0,1,1,1
12094,2002,4,4,3,0,0,2,0,0,0,0
12094,2003,8,5,0,0,0,0,2,1,1,0
12094,2004,3,3,1,0,0,1,0,0,0,0
12094,2007,5,5,1,0,0,0,0,0,1,0
12095,2006,3,1,0,0,0,0,1,0,0,1
12095,2007,5,5,0,0,0,0,0,0,4,0
12095,2008,6,6,2,0,0,0,0,0,2,0
12095,2010,3,3,2,2,0,0,0,0,1,0
12095,2011,3,3,0,0,0,0,0,0,3,0
12099,2008,6,3,1,0,0,1,3,0,1,0
12102,2004,1,1,0,0,0,0,0,0,0,0
12105,2009,1,1,0,0,0,0,0,0,0,0
12105,2010,1,0,0,0,0,0,1,0,0,0
12107,2001,1,1,0,0,0,0,0,0,0,0
12107,2002,2,2,2,0,0,0,0,0,0,0
12107,2003,3,3,1,1,0,0,0,0,1,0
12122,1993,1,1,1,0,0,0,0,0,0,0
12122,1994,3,2,1,1,0,0,1,0,0,0
12122,1995,1,1,0,0,0,0,0,0,0,0
12127,2010,2,1,0,0,0,0,0,1,1,0
12133,1994,1,1,0,0,0,0,0,0,0,0
12141,1995,4,4,0,0,0,0,0,0,1,0
12141,1996,3,3,0,0,0,0,0,0,1,0
12141,1997,3,3,1,0,0,0,0,0,0,0
12141,1998,4,3,1,0,0,1,1,0,0,0
12141,1999,5,4,1,0,0,0,1,0,0,0
12141,2000,2,2,1,0,0,0,0,0,0,0
12141,2001,1,1,0,0,0,0,0,0,0,0
12143,1995,7,6,2,0,0,1,1,0,0,0
12143,1996,10,9,3,0,0,0,1,0,2,0
12143,1997,7,6,2,0,0,0,1,0,1,0
12143,1998,4,4,1,0,0,0,0,0,0,0
12143,1999,5,5,0,0,0,0,0,0,2,0
12143,2000,10,9,3,1,0,0,1,0,2,0
12143,2002,6,5,2,1,0,0,1,0,0,0
12143,2003,12,12,4,2,0,1,0,0,4,0
12143,2004,3,3,0,0,0,0,0,0,1,0
12146,1999,2,0,0,0,0,0,1,1,0,0
12146,2000,3,2,1,0,0,0,1,0,1,0
12146,2001,5,4,0,0,0,0,1,0,3,0
12147,2009,3,3,1,0,0,0,0,0,0,0
12149,2006,2,0,0,0,0,0,1,0,0,1
12149,2007,1,0,0,0,0,0,1,0,0,0
12149,2010,2,2,0,0,0,0,0,0,0,0
12156,2003,1,1,0,0,0,0,0,0,0,0
12157,1995,2,2,0,0,0,0,0,0,1,0
12157,1996,4,3,2,0,0,1,1,0,0,0
12157,1997,3,2,0,0,0,0,1,0,0,0
12157,1999,3,3,1,0,0,1,0,0,1,0
12172,2001,3,3,2,0,0,0,0,0,0,0
12172,2004,3,3,0,0,0,0,0,0,1,0
12172,2006,7,7,4,0,0,0,0,0,0,0
12172,2007,3,3,2,1,0,0,0,0,1,0
12172,2008,3,3,1,0,0,0,0,0,1,0
12179,1995,6,6,0,0,0,0,0,0,3,0
12179,1996,3,3,1,0,0,0,0,0,1,0
12179,1997,1,1,0,0,0,0,0,0,1,0
12179,1998,4,3,1,0,0,0,1,0,2,0
12179,1999,1,1,0,0,0,0,0,0,1,0
12179,2000,2,2,1,0,0,1,0,0,1,0
12182,2000,1,1,0,0,0,0,0,0,0,0
12182,2001,1,1,0,0,0,0,0,0,1,0
12182,2007,1,1,1,1,0,0,0,0,0,0
12182,2008,4,3,0,0,0,0,1,0,2,0
12192,1998,1,1,0,0,0,0,0,0,0,0
12192,1999,1,1,0,0,0,0,0,0,1,0
12216,1999,1,1,0,0,0,0,0,0,0,0
12225,1994,2,2,0,0,0,0,0,0,0,0
12225,1995,3,2,0,0,0,0,1,0,1,0
12225,1997,2,1,0,0,0,0,1,0,0,0
12232,1998,2,2,2,0,0,0,0,0,0,0
12232,1999,3,2,2,1,0,0,1,0,0,0
12232,2000,2,1,0,0,0,0,1,0,1,0
12232,2003,1,1,0,0,0,0,0,0,0,0
12232,2004,3,2,1,0,0,0,1,0,0,0
12234,1995,1,1,0,0,0,0,0,0,0,0
12242,1993,2,2,0,0,0,0,0,0,0,0
12242,1994,2,2,0,0,0,0,0,0,1,0
12242,1995,3,3,2,0,0,0,0,0,0,0
12242,1996,5,4,2,0,0,0,1,0,1,0
12242,1997,4,3,2,0,0,0,1,0,0,0
12242,1998,1,1,0,0,0,0,0,0,0,0
12242,2001,3,3,0,0,0,0,0,0,1,0
12242,2002,1,1,0,0,0,0,0,0,1,0
12242,2005,1,1,0,0,0,0,0,0,1,0
12246,1996,2,2,1,1,0,0,0,0,1,0
12280,1999,1,1,1,0,0,0,0,0,0,0
12280,2000,1,1,0,0,0,0,0,0,0,0
12288,1996,7,6,2,2,0,0,1,0,0,0
12288,1997,1,1,0,0,0,0,0,0,1,0
12288,1999,1,0,0,0,0,0,0,1,0,0
12297,1993,1,1,0,0,0,0,0,0,0,0
12302,2005,2,1,0,0,0,0,0,1,0,0
12303,2006,3,3,2,0,0,0,0,0,0,0
12303,2010,3,3,1,0,0,0,0,0,0,0
12321,2004,3,3,1,0,0,1,0,0,0,0
12334,1994,3,3,0,0,0,0,0,0,2,0
12335,1997,2,2,2,0,0,0,0,0,0,0
12335,1999,2,1,0,0,0,0,0,0,0,1
12351,1999,1,0,0,0,0,0,1,0,0,0
12353,1999,1,1,0,0,0,0,0,0,0,0
12353,2001,1,1,0,0,0,0,0,0,0,0
12353,2004,1,1,0,0,0,0,0,0,0,0
12353,2005,3,3,0,0,0,0,0,0,0,0
12353,2006,3,3,0,0,0,0,0,0,0,0
12353,2007,1,0,0,0,0,0,0,1,0,0
12358,1994,1,1,0,0,0,0,0,0,0,0
12358,1995,1,1,0,0,0,0,0,0,0,0
12358,1997,6,6,1,0,0,1,0,0,4,0
12358,1998,12,11,0,0,0,0,1,0,4,0
12358,2003,4,4,2,1,0,1,0,0,0,0
12362,2008,1,1,0,0,0,0,0,0,1,0
12362,2009,2,2,0,0,0,0,0,0,1,0
12385,2000,1,0,0,0,0,0,1,0,0,0
12385,2003,2,2,1,0,0,0,0,0,0,0
12391,2000,3,3,1,1,0,0,0,0,2,0
12391,2001,7,6,2,0,0,0,1,0,1,0
12391,2002,16,15,6,2,0,3,0,1,7,0
12397,1998,1,1,0,0,0,0,0,0,0,0
12410,2006,2,2,2,0,0,1,0,0,0,0
12433,2000,3,3,0,0,0,0,0,0,0,0
12437,1996,1,1,1,0,0,1,0,0,0,0
12437,1999,12,10,5,0,0,1,1,1,3,0
12437,2004,1,1,0,0,0,0,0,0,0,0
12442,1994,5,5,0,0,0,0,0,0,1,0
12442,1996,6,5,2,0,0,0,1,0,1,0
12442,1997,4,2,1,1,0,0,2,0,0,0
12442,1998,1,0,0,0,0,0,1,0,0,0
12442,1999,9,9,5,0,0,1,0,0,1,0
12450,2002,1,1,0,0,0,0,0,0,1,0
12453,1995,2,2,1,1,0,0,0,0,0,0
12455,1996,3,1,0,0,0,0,2,0,0,0
12455,1997,5,4,0,0,0,0,1,0,3,0
12456,2007,2,1,0,0,0,0,0,0,0,1
12456,2008,1,1,0,0,0,0,0,0,0,0
12460,2001,3,3,1,0,0,1,0,0,1,0
12460,2003,3,3,0,0,0,0,0,0,0,0
12460,2004,2,2,2,1,0,0,0,0,0,0
12460,2010,3,1,1,1,0,0,2,0,0,0
12474,1998,4,4,1,0,0,1,0,0,0,0
12486,2006,1,1,1,0,0,0,0,0,0,0
12486,2007,1,0,0,0,0,0,1,0,0,0
12494,2003,2,2,1,1,0,0,0,0,1,0
12497,1998,1,1,0,0,0,0,0,0,0,0
12497,2001,3,3,1,1,0,0,0,0,0,0
12513,1998,7,6,2,1,0,0,1,0,1,0
12513,1999,5,4,1,0,0,0,1,0,0,0
12520,2007,2,2,1,0,0,1,0,0,0,0
12522,2001,1,0,0,0,0,0,1,0,0,0
12522,2003,4,2,0,0,0,0,2,0,1,0
12526,2007,3,2,1,0,0,0,0,1,0,0
12527,2002,1,1,0,0,0,0,0,0,0,0
12527,2004,3,2,0,0,0,0,1,0,2,0
12527,2005,5,3,2,1,0,0,2,0,0,0
12527,2006,6,5,3,0,0,0,1,0,0,0
12540,2010,1,0,0,0,0,0,1,0,0,0
12541,2003,1,0,0,0,0,0,1,0,0,0
12550,2005,2,1,0,0,0,0,0,1,1,0
12550,2008,1,1,0,0,0,0,0,0,0,0
12557,1997,3,3,2,0,0,0,0,0,1,0
12557,1998,3,3,0,0,0,0,0,0,2,0
12557,1999,4,3,0,0,0,0,0,1,1,0
12557,2001,2,2,1,1,0,0,0,0,0,0
12557,2002,5,4,2,0,0,0,0,1,1,0
12557,2003,2,1,1,0,0,1,1,0,0,0
12568,2007,2,2,0,0,0,0,0,0,1,0
12568,2008,1,0,0,0,0,0,1,0,0,0
12584,2001,1,1,1,1,0,0,0,0,0,0
12597,2004,3,2,1,0,0,0,1,0,0,0
12597,2005,2,2,1,0,0,1,0,0,0,0
12597,2007,3,3,0,0,0,0,0,0,0,0
12597,2008,3,2,1,0,0,0,1,0,1,0
12597,2009,6,5,1,1,0,0,1,0,2,0
12633,2005,3,3,0,0,0,0,0,0,2,0
12635,2001,2,2,0,0,0,0,0,0,1,0
12635,2002,10,9,3,2,0,0,1,0,1,0
12635,2003,10,9,1,0,0,1,1,0,0,0
12635,2004,6,6,0,0,0,0,0,0,5,0
12635,2007,2,2,1,0,0,0,0,0,0,0
12661,1999,4,4,1,1,0,0,0,0,1,0
12661,2000,1,1,1,0,0,0,0,0,0,0
12671,2000,3,2,1,1,0,0,1,0,1,0
12671,2001,6,4,1,0,0,0,2,0,0,0
12671,2002,4,2,0,0,0,0,2,0,0,0
12671,2003,3,3,0,0,0,0,0,0,0,0
12671,2004,6,4,1,0,0,1,2,0,0,0
12671,2005,7,5,1,0,0,1,2,0,1,0
12671,2006,6,5,2,0,0,1,1,0,0,0
12671,2007,3,3,0,0,0,0,0,0,0,0
12671,2008,6,6,2,1,0,0,0,0,0,0
12671,2009,6,5,1,0,0,0,1,0,0,0
12671,2010,3,2,2,1,0,0,1,0,0,0
12679,2006,1,1,1,0,0,0,0,0,0,0
12679,2010,1,1,0,0,0,0,0,0,1,0
