9,1989,2,2,0,0,0,0,0,0,2,0
9,1990,3,3,0,0,0,0,0,0,0,0
9,1991,2,2,0,0,0,0,0,0,0,0
9,1992,4,4,1,0,0,0,0,0,0,0
9,1993,6,5,1,0,0,0,1,0,1,0
9,1996,3,3,1,0,0,0,0,0,0,0
36,1989,1,1,0,0,0,0,0,0,0,0
36,1990,2,2,0,0,0,0,0,0,1,0
36,1991,1,1,0,0,0,0,0,0,0,0
36,1992,3,2,0,0,0,0,1,0,1,0
56,1997,4,4,3,2,0,0,0,0,1,0
70,1997,1,0,0,0,0,0,1,0,0,0
98,1990,1,1,0,0,0,0,0,0,0,0
98,1994,1,1,1,0,0,0,0,0,0,0
98,1997,2,2,1,0,0,0,0,0,0,0
105,1987,7,7,1,1,0,0,0,0,0,0
105,1989,1,1,0,0,0,0,0,0,0,0
132,1987,1,1,1,0,0,0,0,0,0,0
132,1989,1,1,0,0,0,0,0,0,0,0
134,1991,3,3,0,0,0,0,0,0,0,0
134,1992,3,3,2,1,0,0,0,0,0,0
134,1997,2,2,1,0,0,0,0,0,0,0
138,1987,4,3,2,0,0,0,1,0,0,0
138,1988,7,7,2,0,0,1,0,0,0,0
138,1989,8,7,2,0,0,0,0,0,0,0
176,1987,3,2,1,0,0,0,1,0,0,0
239,1992,1,1,1,0,0,0,0,0,0,0
239,1994,3,2,0,0,0,0,1,0,0,0
239,1996,4,4,2,1,0,0,0,0,0,0
239,1997,4,4,1,1,0,0,0,0,1,0
239,1998,1,1,0,0,0,0,0,0,0,0
259,1988,10,9,1,0,0,0,0,0,0,1
259,1989,6,6,2,0,0,0,0,0,0,0
259,1990,6,6,2,0,0,0,0,0,0,0
259,1991,9,6,1,0,0,0,1,0,2,1
286,1990,1,1,0,0,0,0,0,0,1,0
333,1991,5,5,1,0,0,0,0,0,1,0
333,1992,6,5,1,1,0,0,1,0,1,0
337,1988,2,1,0,0,0,0,1,0,0,0
337,1989,5,5,1,0,0,0,0,0,0,0
337,1990,2,1,0,0,0,0,1,0,0,0
337,1992,4,4,1,0,0,0,0,0,0,0
367,1992,4,4,0,0,0,0,0,0,0,0
375,1989,1,1,1,1,0,0,0,0,0,0
375,1990,4,4,1,0,0,0,0,0,1,0
375,1991,2,2,0,0,0,0,0,0,0,0
375,1992,1,1,0,0,0,0,0,0,0,0
388,1998,6,5,2,0,0,0,0,1,3,0
397,1997,4,4,2,0,0,0,0,0,0,0
418,1987,1,1,0,0,0,0,0,0,0,0
418,1988,2,2,0,0,0,0,0,0,0,0
428,1988,2,2,1,0,0,0,0,0,0,0
428,1989,5,5,1,0,0,0,0,0,2,0
428,1991,2,2,0,0,0,0,0,0,1,0
437,1992,3,2,1,0,0,0,1,0,0,0
446,1997,3,3,2,0,1,0,0,0,0,0
458,1994,2,1,0,0,0,0,1,0,0,0
506,1987,3,3,2,1,0,0,0,0,0,0
506,1988,10,10,1,0,0,0,0,0,2,0
506,1989,1,1,1,0,0,0,0,0,0,0
506,1990,1,1,0,0,0,0,0,0,1,0
506,1992,1,1,0,0,0,0,0,0,0,0
506,1998,1,1,0,0,0,0,0,0,0,0
569,1987,4,4,1,0,0,1,0,0,0,0
569,1988,2,2,0,0,0,0,0,0,0,0
569,1989,5,5,2,0,0,0,0,0,1,0
569,1991,1,1,1,0,0,0,0,0,0,0
571,1993,3,2,0,0,0,0,0,1,1,0
575,1988,6,6,1,1,0,0,0,0,1,0
575,1991,1,1,1,0,0,0,0,0,0,0
575,1992,1,0,0,0,0,0,0,0,0,0
597,1991,2,2,0,0,0,0,0,0,0,0
607,1987,3,3,0,0,0,0,0,0,0,0
688,1997,1,1,0,0,0,0,0,0,0,0
723,1997,2,2,1,0,0,1,0,0,0,0
790,1994,3,3,0,0,0,0,0,0,0,0
790,1997,5,5,0,0,0,0,0,0,1,0
790,1998,1,1,0,0,0,0,0,0,0,0
796,1993,1,1,1,0,0,0,0,0,0,0
848,1997,1,1,0,0,0,0,0,0,1,0
871,1988,5,4,1,0,0,0,1,0,0,0
871,1989,1,1,0,0,0,0,0,0,0,0
871,1992,1,1,1,0,0,0,0,0,0,0
872,1995,3,3,2,0,0,1,0,0,1,0
884,1997,1,1,0,0,0,0,0,0,0,0
971,1988,4,4,0,0,0,0,0,0,1,0
977,1988,1,1,0,0,0,0,0,0,0,0
977,1989,2,2,0,0,0,0,0,0,0,0
981,1987,6,6,2,0,0,1,0,0,1,0
981,1989,3,1,0,0,0,0,1,0,0,1
981,1990,4,3,0,0,0,0,1,0,0,0
1050,1988,7,7,2,0,0,0,0,0,2,0
1050,1989,3,2,0,0,0,0,0,0,0,0
1050,1990,4,4,2,0,0,0,0,0,0,0
1050,1992,2,2,0,0,0,0,0,0,1,0
1061,1988,3,3,0,0,0,0,0,0,2,0
1061,1990,10,8,2,0,0,0,1,0,2,0
1061,1991,3,3,1,0,0,0,0,0,0,0
1062,1997,1,1,1,0,0,0,0,0,0,0
1065,1993,1,1,1,0,0,0,0,0,0,0
1065,1994,1,1,1,1,0,0,0,0,0,0
1075,1990,1,1,0,0,0,0,0,0,0,0
1089,1995,1,1,1,0,0,0,0,0,0,0
1091,1988,1,0,0,0,0,0,1,0,0,0
1091,1989,2,2,1,0,0,0,0,0,0,0
1091,1990,4,4,1,1,0,0,0,0,0,0
1091,1991,1,1,0,0,0,0,0,0,0,0
1091,1992,2,2,0,0,0,0,0,0,0,0
1097,1992,2,2,1,0,0,0,0,0,0,0
1097,1993,2,2,0,0,0,0,0,0,0,0
1146,1987,4,4,2,0,0,0,0,0,2,0
1146,1988,9,9,3,0,0,0,0,0,2,0
1146,1989,2,2,1,0,0,0,0,0,1,0
1146,1990,3,3,2,1,0,0,0,0,0,0
1146,1991,3,3,0,0,0,0,0,0,0,0
1146,1992,5,5,1,0,0,0,0,0,0,0
1147,1996,5,5,3,3,0,0,0,0,1,0
1163,1992,2,2,0,0,0,0,0,0,0,0
1205,1988,4,4,0,0,0,0,0,0,0,0
1205,1991,2,2,0,0,0,0,0,0,1,0
1250,1997,1,1,0,0,0,0,0,0,0,0
1326,1991,1,1,0,0,0,0,0,0,0,0
1343,1997,1,1,0,0,0,0,0,0,0,0
1406,1989,2,2,0,0,0,0,0,0,2,0
1406,1990,2,2,1,1,0,0,0,0,0,0
1406,1991,3,3,1,0,0,0,0,0,1,0
1406,1992,3,3,1,0,0,0,0,0,1,0
1408,1990,3,3,1,1,0,0,0,0,1,0
1408,1991,2,1,1,0,0,0,0,0,0,0
1426,1994,1,1,0,0,0,0,0,0,0,0
1503,1987,2,2,1,0,0,0,0,0,0,0
1503,1988,1,1,0,0,0,0,0,0,0,0
1503,1989,2,2,0,0,0,0,0,0,0,0
1569,1988,2,2,1,0,0,0,0,0,0,0
1569,1989,2,2,0,0,0,0,0,0,0,0
1569,1992,6,6,3,1,0,0,0,0,0,0
1663,1987,1,1,0,0,0,0,0,0,0,0
1663,1988,3,2,0,0,0,0,1,0,0,0
1663,1990,4,3,2,0,0,1,1,0,0,0
1663,1991,3,2,0,0,0,0,1,0,0,0
1663,1992,1,1,0,0,0,0,0,0,0,0
1723,1992,3,2,1,0,0,0,0,0,0,0
1741,1987,3,3,0,0,0,0,0,0,0,0
1741,1988,3,3,2,1,0,0,0,0,0,0
1741,1990,1,1,1,0,0,0,0,0,0,0
1743,1987,4,4,1,0,0,0,0,0,0,0
1743,1988,8,8,2,0,0,0,0,0,1,0
1743,1989,3,3,0,0,0,0,0,0,1,0
1743,1990,3,3,0,0,0,0,0,0,0,0
1743,1991,2,2,0,0,0,0,0,0,0,0
1765,1990,1,1,0,0,0,0,0,0,1,0
1792,1998,2,1,1,0,0,0,1,0,0,0
1797,1987,3,2,1,0,0,0,1,0,0,0
1799,1992,2,2,0,0,0,0,0,0,1,0
1802,1996,2,1,0,0,0,0,1,0,0,0
1851,1989,3,3,0,0,0,0,0,0,0,0
1851,1990,4,4,1,0,0,0,0,0,3,0
1851,1991,3,3,2,1,0,0,0,0,0,0
1921,1989,1,1,0,0,0,0,0,0,0,0
1921,1996,2,2,0,0,0,0,0,0,0,0
1960,1988,5,5,0,0,0,0,0,0,1,0
1960,1989,2,2,1,0,0,0,0,0,0,0
1960,1990,2,2,1,0,0,0,0,0,0,0
1960,1991,4,3,1,0,0,0,1,0,0,0
2004,1993,1,1,0,0,0,0,0,0,1,0
2004,1996,1,1,0,0,0,0,0,0,0,0
2007,1997,2,2,1,0,0,0,0,0,0,0
2041,1991,2,2,0,0,0,0,0,0,0,0
2051,1996,5,5,2,1,0,0,0,0,0,0
2062,1992,2,2,1,1,0,0,0,0,0,0
2096,1987,3,2,1,0,0,0,1,0,0,0
2096,1988,7,7,3,1,0,0,0,0,1,0
2099,1990,1,1,0,0,0,0,0,0,0,0
2116,1994,2,2,0,0,0,0,0,0,0,0
2136,1987,1,1,0,0,0,0,0,0,1,0
2136,1988,2,2,0,0,0,0,0,0,0,0
2136,1990,2,2,1,1,0,0,0,0,1,0
2147,1988,5,5,1,0,0,0,0,0,0,0
2147,1989,3,2,0,0,0,0,0,0,0,0
2147,1990,6,5,1,0,0,0,0,0,0,0
2147,1993,3,3,0,0,0,0,0,0,0,0
2147,1995,3,3,1,0,0,0,0,0,0,0
2147,1996,3,3,1,0,0,0,0,0,0,0
2147,1997,3,3,1,0,0,0,0,0,1,0
2156,1988,1,0,0,0,0,0,0,0,0,0
2168,1989,2,2,0,0,0,0,0,0,1,0
2255,1989,1,1,0,0,0,0,0,0,0,0
2255,1990,3,3,0,0,0,0,0,0,0,0
2261,1997,2,2,0,0,0,0,0,0,0,0
2261,1998,4,4,0,0,0,0,0,0,1,0
2295,1992,4,3,0,0,0,0,1,0,0,0
2324,1988,1,1,0,0,0,0,0,0,0,0
2344,1995,1,1,0,0,0,0,0,0,0,0
2362,1989,1,1,0,0,0,0,0,0,0,0
2362,1992,2,2,0,0,0,0,0,0,0,0
2362,1996,1,1,0,0,0,0,0,0,0,0
2362,1997,2,2,0,0,0,0,0,0,1,0
2362,1998,1,1,1,1,0,0,0,0,0,0
2407,1994,1,0,0,0,0,0,0,0,0,0
2418,1996,1,1,0,0,0,0,0,0,1,0
2418,1997,2,2,1,0,0,0,0,0,0,0
2418,1998,1,1,0,0,0,0,0,0,0,0
2439,1989,1,1,0,0,0,0,0,0,1,0
2439,1990,3,3,2,1,0,0,0,0,0,0
2439,1991,1,1,0,0,0,0,0,0,0,0
2453,1987,4,3,0,0,0,0,1,0,0,0
2453,1988,1,1,0,0,0,0,0,0,0,0
2453,1989,1,1,0,0,0,0,0,0,0,0
2453,1990,3,3,1,0,0,0,0,0,0,0
2453,1992,2,1,0,0,0,0,0,0,0,0
2535,1994,2,2,1,0,0,0,0,0,1,0
2537,1989,3,3,1,0,0,0,0,0,0,0
2597,1992,3,3,0,0,0,0,0,0,0,0
2597,1993,2,2,0,0,0,0,0,0,0,0
2608,1992,2,1,0,0,0,0,0,0,0,0
2609,1994,1,1,1,0,0,0,0,0,0,0
2652,1987,1,1,0,0,0,0,0,0,0,0
2652,1988,3,2,0,0,0,0,0,1,0,0
2665,1990,2,1,0,0,0,0,1,0,0,0
2665,1997,1,1,0,0,0,0,0,0,0,0
2679,1988,4,3,2,0,0,0,1,0,0,0
2679,1989,4,4,1,0,1,0,0,0,0,0
2679,1990,5,5,3,1,0,0,0,0,0,0
2679,1991,1,1,0,0,0,0,0,0,0,0
2679,1994,1,1,0,0,0,0,0,0,0,0
2681,1996,1,1,1,0,0,1,0,0,0,0
2767,1987,3,2,1,0,0,0,1,0,0,0
2767,1994,1,1,0,0,0,0,0,0,0,0
2798,1991,5,4,0,0,0,0,1,0,0,0
2798,1997,1,1,1,0,0,1,0,0,0,0
2837,1994,2,2,2,0,0,0,0,0,0,0
2906,1997,3,2,0,0,0,0,1,0,0,0
2942,1997,1,1,0,0,0,0,0,0,0,0
2945,1997,2,2,0,0,0,0,0,0,0,0
2964,1992,4,4,1,0,0,0,0,0,0,0
2988,1989,1,1,0,0,0,0,0,0,0,0
2988,1992,5,4,1,0,0,0,1,0,1,0
2988,1993,2,2,1,1,0,0,0,0,0,0
2997,1987,2,2,1,0,0,0,0,0,0,0
2997,1988,6,4,1,0,0,0,2,0,0,0
2997,1989,3,3,1,0,0,0,0,0,0,0
3014,1992,5,4,1,0,0,0,0,0,0,0
3014,1993,2,2,0,0,0,0,0,0,1,0
3028,1998,5,5,2,0,0,0,0,0,0,0
3040,1991,2,2,0,0,0,0,0,0,0,0
3107,1989,2,1,1,1,0,0,0,0,0,0
3170,1990,2,1,1,0,0,0,0,1,0,0
3173,1987,1,1,0,0,0,0,0,0,0,0
3173,1988,2,1,0,0,0,0,0,0,0,1
3183,1990,1,1,0,0,0,0,0,0,0,0
3183,1991,4,4,0,0,0,0,0,0,1,0
3202,1989,2,2,0,0,0,0,0,0,1,0
3202,1990,1,1,0,0,0,0,0,0,0,0
3214,1987,1,1,0,0,0,0,0,0,0,0
3214,1988,1,1,0,0,0,0,0,0,0,0
3214,1990,1,1,1,0,0,0,0,0,0,0
3214,1991,2,2,1,0,0,0,0,0,1,0
3214,1992,2,2,1,1,0,0,0,0,0,0
3214,1994,2,2,0,0,0,0,0,0,1,0
3216,1990,2,1,0,0,0,0,1,0,0,0
3216,1991,3,3,0,0,0,0,0,0,0,0
3229,1992,6,5,0,0,0,0,1,0,0,0
3229,1993,2,2,0,0,0,0,0,0,0,0
3262,1992,2,2,0,0,0,0,0,0,0,0
3262,1996,1,1,0,0,0,0,0,0,0,0
3269,1990,2,2,1,0,0,0,0,0,0,0
3292,1997,1,1,0,0,0,0,0,0,0,0
3296,1990,3,1,0,0,0,0,0,1,0,0
3296,1991,2,2,0,0,0,0,0,0,0,0
3296,1994,4,4,0,0,0,0,0,0,1,0
3296,1997,3,2,0,0,0,0,1,0,2,0
3296,1998,3,3,0,0,0,0,0,0,0,0
3317,1997,1,1,0,0,0,0,0,0,0,0
3339,1997,3,3,0,0,0,0,0,0,1,0
3374,1997,2,2,0,0,0,0,0,0,0,0
3413,1988,8,8,2,1,0,0,0,0,0,0
3413,1989,2,2,0,0,0,0,0,0,0,0
3413,1990,2,2,1,0,0,0,0,0,0,0
3417,1987,2,2,1,0,0,0,0,0,0,0
3417,1988,1,1,0,0,0,0,0,0,1,0
3417,1990,2,2,1,0,0,0,0,0,0,0
3420,1997,3,3,1,0,0,0,0,0,1,0
3455,1991,2,2,1,0,0,0,0,0,0,0
3455,1992,3,2,0,0,0,0,0,1,0,0
3455,1994,4,4,1,0,0,0,0,0,1,0
3468,1994,2,2,1,0,0,0,0,0,1,0
3482,1993,2,0,0,0,0,0,1,1,0,0
3482,1997,1,1,0,0,0,0,0,0,1,0
3513,1988,5,5,2,0,0,0,0,0,0,0
3515,1990,3,3,1,1,0,0,0,0,0,0
3519,1987,4,3,1,0,0,0,1,0,0,0
3519,1988,3,3,1,0,0,0,0,0,0,0
3519,1989,10,8,3,0,0,0,2,0,2,0
3519,1990,8,7,1,0,0,0,1,0,2,0
3519,1991,3,3,2,0,0,0,0,0,0,0
3519,1992,5,5,2,1,0,0,0,0,0,0
3519,1993,2,2,0,0,0,0,0,0,0,0
3560,1987,1,0,0,0,0,0,1,0,0,0
3560,1988,7,7,2,0,0,0,0,0,1,0
3560,1990,2,2,1,0,0,0,0,0,0,0
3564,1992,9,8,2,0,0,0,1,0,0,0
3564,1993,3,2,0,0,0,0,1,0,0,0
3566,1996,4,4,0,0,0,0,0,0,0,0
3577,1997,3,3,0,0,0,0,0,0,1,0
3647,1990,1,1,0,0,0,0,0,0,0,0
3647,1991,2,1,0,0,0,0,1,0,0,0
3704,1987,1,1,0,0,0,0,0,0,0,0
3704,1988,6,6,0,0,0,0,0,0,0,0
3704,1989,6,6,1,0,0,0,0,0,1,0
3741,1993,2,2,0,0,0,0,0,0,0,0
3754,1993,1,1,1,0,0,0,0,0,0,0
3754,1994,1,1,0,0,0,0,0,0,0,0
3816,1991,2,2,1,0,0,0,0,0,0,0
3899,1997,2,2,1,0,0,0,0,0,0,0
3900,1996,1,1,0,0,0,0,0,0,0,0
3916,1997,3,3,2,0,0,0,0,0,0,0
3917,1991,7,6,2,1,0,0,1,0,0,0
3917,1992,6,6,0,0,0,0,0,0,0,0
3917,1994,2,2,0,0,0,0,0,0,1,0
3921,1987,1,1,0,0,0,0,0,0,0,0
3921,1988,8,8,2,0,0,0,0,0,1,0
3921,1989,1,1,1,0,0,0,0,0,0,0
3921,1990,3,3,0,0,0,0,0,0,0,0
4030,1988,4,3,1,0,0,0,0,1,1,0
4030,1989,4,4,0,0,0,0,0,0,0,0
4030,1990,4,2,2,0,0,0,1,0,0,0
4030,1991,1,1,1,0,0,0,0,0,0,0
4096,1990,2,2,0,0,0,0,0,0,1,0
4096,1991,1,1,0,0,0,0,0,0,0,0
4122,1996,2,2,0,0,0,0,0,0,2,0
4203,1996,3,2,0,0,0,0,1,0,1,0
4214,1987,1,1,0,0,0,0,0,0,1,0
4214,1988,2,2,1,0,0,0,0,0,0,0
4219,1989,1,0,0,0,0,0,1,0,0,0
4219,1990,3,2,2,0,0,0,0,0,0,0
4219,1991,3,2,0,0,0,0,1,0,0,0
4219,1992,2,2,1,0,0,0,0,0,0,0
4219,1993,5,5,0,0,0,0,0,0,1,0
4219,1996,3,3,0,0,0,0,0,0,0,0
4219,1997,3,2,1,0,0,0,0,0,1,1
4239,1991,1,0,0,0,0,0,1,0,0,0
4239,1992,1,1,0,0,0,0,0,0,0,0
4239,1993,1,0,0,0,0,0,1,0,0,0
4239,1994,1,1,1,1,0,0,0,0,0,0
4271,1992,6,5,2,1,0,0,1,0,0,0
4364,1996,1,0,0,0,0,0,1,0,0,0
4372,1992,2,1,1,0,0,0,1,0,0,0
4372,1997,1,1,1,0,0,0,0,0,0,0
4398,1988,1,0,0,0,0,0,0,1,0,0
4398,1989,1,1,0,0,0,0,0,0,0,0
4398,1990,1,1,0,0,0,0,0,0,0,0
4401,1987,4,4,1,0,0,0,0,0,0,0
4401,1988,10,9,0,0,0,0,1,0,1,0
4401,1989,3,1,0,0,0,0,2,0,0,0
4401,1990,2,1,0,0,0,0,1,0,1,0
4401,1991,2,2,0,0,0,0,0,0,1,0
4420,1988,1,1,0,0,0,0,0,0,0,0
4420,1989,1,1,0,0,0,0,0,0,0,0
4420,1990,3,3,0,0,0,0,0,0,1,0
4420,1991,2,2,0,0,0,0,0,0,0,0
4420,1992,1,1,0,0,0,0,0,0,0,0
4435,1991,2,2,0,0,0,0,0,0,0,0
4435,1992,3,3,0,0,0,0,0,0,0,0
4435,1994,2,2,0,0,0,0,0,0,0,0
4439,1995,1,1,1,0,0,0,0,0,0,0
4450,1990,1,1,0,0,0,0,0,0,0,0
4450,1991,1,1,1,0,0,0,0,0,0,0
4450,1994,1,1,1,1,0,0,0,0,0,0
4466,1987,1,1,0,0,0,0,0,0,0,0
4466,1988,10,8,3,1,0,0,2,0,2,0
4466,1992,6,6,0,0,0,0,0,0,0,0
4468,1991,2,2,1,0,0,0,0,0,1,0
4468,1994,2,2,2,0,0,0,0,0,0,0
4485,1991,5,5,0,0,0,0,0,0,0,0
4520,1989,1,1,1,0,0,0,0,0,0,0
4559,1997,3,3,1,0,0,0,0,0,1,0
4570,1998,3,3,1,0,0,0,0,0,0,0
4585,1992,2,2,1,0,0,0,0,0,0,0
4585,1996,3,3,1,0,0,0,0,0,0,0
4604,1989,2,2,1,0,0,0,0,0,1,0
4604,1990,3,2,1,0,0,1,1,0,0,0
4604,1991,2,2,0,0,0,0,0,0,1,0
4604,1992,5,4,0,0,0,0,0,1,1,0
4605,1996,1,1,0,0,0,0,0,0,0,0
4614,1989,2,2,2,0,0,1,0,0,0,0
4651,1989,3,3,0,0,0,0,0,0,1,0
4651,1990,8,8,3,0,0,0,0,0,1,0
4651,1991,6,4,0,0,0,0,0,0,2,1
4651,1992,3,3,1,0,0,0,0,0,1,0
4651,1993,1,1,0,0,0,0,0,0,0,0
4653,1990,1,1,0,0,0,0,0,0,0,0
4670,1997,1,1,0,0,0,0,0,0,0,0
4700,1988,2,2,0,0,0,0,0,0,1,0
4700,1990,1,1,0,0,0,0,0,0,0,0
4700,1991,1,1,0,0,0,0,0,0,0,0
4708,1997,2,2,1,1,0,0,0,0,0,0
4727,1988,2,2,1,0,0,0,0,0,0,0
4727,1989,2,2,1,0,0,0,0,0,0,0
4729,1989,2,2,1,0,0,0,0,0,0,0
4729,1990,6,5,1,0,0,0,1,0,1,0
4744,1997,3,3,0,0,0,0,0,0,0,0
4748,1988,4,4,1,0,0,0,0,0,1,0
4768,1993,2,2,0,0,0,0,0,0,0,0
4803,1998,2,2,0,0,0,0,0,0,0,0
4831,1987,1,1,0,0,0,0,0,0,0,0
4831,1989,1,1,1,0,0,0,0,0,0,0
4831,1990,2,2,0,0,0,0,0,0,0,0
4831,1992,1,1,0,0,0,0,0,0,0,0
4835,1988,1,1,0,0,0,0,0,0,0,0
4835,1989,2,2,0,0,0,0,0,0,0,0
4835,1990,3,3,1,0,0,0,0,0,0,0
4835,1991,1,1,0,0,0,0,0,0,0,0
4835,1992,1,1,0,0,0,0,0,0,0,0
4840,1997,2,2,1,0,0,0,0,0,0,0
4845,1993,2,2,0,0,0,0,0,0,0,0
4845,1997,1,1,1,1,0,0,0,0,0,0
4857,1991,1,1,1,1,0,0,0,0,0,0
4857,1992,3,3,1,0,0,1,0,0,1,0
4857,1996,2,2,0,0,0,0,0,0,0,0
4857,1997,3,3,2,0,0,0,0,0,0,0
4920,1998,1,0,0,0,0,0,1,0,0,0
4928,1988,1,1,0,0,0,0,0,0,0,0
4928,1989,1,1,1,0,0,0,0,0,0,0
4929,1989,1,1,0,0,0,0,0,0,0,0
4960,1990,2,1,0,0,0,0,1,0,0,0
4960,1991,4,4,2,0,0,0,0,0,1,0
4966,1989,2,1,1,0,0,0,1,0,0,0
4972,1989,2,1,0,0,0,0,0,0,0,0
4972,1990,5,3,3,0,0,0,0,0,0,1
4972,1991,3,3,0,0,0,0,0,0,1,0
4972,1992,2,2,0,0,0,0,0,0,0,0
4972,1994,2,2,1,0,0,0,0,0,1,0
4993,1987,8,8,4,1,0,0,0,0,2,0
4993,1988,9,8,0,0,0,0,1,0,1,0
4993,1989,3,2,1,0,0,0,1,0,0,0
4993,1990,7,5,1,1,0,0,1,0,0,0
5017,1989,2,2,0,0,0,0,0,0,1,0
5017,1990,1,0,0,0,0,0,1,0,0,0
5017,1992,2,2,0,0,0,0,0,0,0,0
5045,1996,3,3,2,1,0,0,0,0,0,0
5045,1997,3,3,0,0,0,0,0,0,0,0
5105,1989,5,5,2,0,0,0,0,0,1,0
5105,1990,3,3,1,0,1,0,0,0,0,0
5108,1991,4,4,1,0,0,0,0,0,1,0
5108,1992,1,1,0,0,0,0,0,0,0,0
5108,1997,2,2,0,0,0,0,0,0,0,0
5126,1996,1,1,0,0,0,0,0,0,0,0
5128,1988,4,3,1,0,0,0,1,0,0,0
5128,1989,1,1,0,0,0,0,0,0,0,0
5128,1990,1,1,0,0,0,0,0,0,0,0
5136,1990,3,3,0,0,0,0,0,0,0,0
5150,1992,1,1,0,0,0,0,0,0,0,0
5152,1988,1,1,0,0,0,0,0,0,0,0
5166,1987,9,8,1,1,0,0,1,0,1,0
5166,1988,7,6,0,0,0,0,1,0,0,0
5166,1989,5,4,2,0,0,0,1,0,0,0
5166,1990,9,7,1,0,0,0,1,0,1,0
5166,1992,7,7,2,0,0,0,0,0,0,0
5207,1987,2,2,0,0,0,0,0,0,0,0
5207,1991,1,0,0,0,0,0,0,0,0,0
5207,1993,1,1,0,0,0,0,0,0,0,0
5207,1994,2,2,0,0,0,0,0,0,0,0
5232,1988,2,2,1,1,0,0,0,0,0,0
5232,1989,2,2,1,0,0,0,0,0,0,0
5236,1996,2,2,0,0,0,0,0,0,0,0
5264,1995,1,1,0,0,0,0,0,0,1,0
5298,1987,4,4,0,0,0,0,0,0,0,0
5298,1988,11,10,2,0,0,0,1,0,1,0
5331,1993,1,1,0,0,0,0,0,0,1,0
5354,1992,1,1,0,0,0,0,0,0,1,0
5379,1987,7,7,2,0,0,0,0,0,0,0
5379,1997,2,2,0,0,0,0,0,0,0,0
5392,1988,1,1,0,0,0,0,0,0,0,0
5392,1989,3,3,0,0,0,0,0,0,3,0
5392,1996,1,1,0,0,0,0,0,0,1,0
5392,1997,1,1,0,0,0,0,0,0,0,0
5407,1997,2,2,0,0,0,0,0,0,0,0
5418,1987,1,1,0,0,0,0,0,0,1,0
5430,1996,3,3,0,0,0,0,0,0,0,0
5444,1997,1,1,1,0,0,0,0,0,0,0
5464,1990,1,1,0,0,0,0,0,0,0,0
5539,1996,5,4,2,1,0,0,1,0,0,0
5557,1991,6,6,0,0,0,0,0,0,1,0
5557,1992,5,4,1,0,0,0,0,1,0,0
5588,1989,5,4,2,0,0,0,1,0,0,0
5588,1990,7,7,2,1,0,0,0,0,1,0
5588,1991,4,3,0,0,0,0,0,0,0,0
5588,1992,3,3,2,0,0,0,0,0,0,0
5588,1993,5,5,0,0,0,0,0,0,1,0
5588,1994,4,4,1,0,0,0,0,0,0,0
5588,1997,9,8,0,0,0,0,1,0,3,0
5600,1988,10,10,2,0,0,0,0,0,1,0
5612,1989,1,1,0,0,0,0,0,0,0,0
5612,1990,3,3,1,0,0,0,0,0,0,0
5618,1992,4,4,3,0,0,1,0,0,0,0
5622,1987,4,4,1,0,0,0,0,0,2,0
5622,1988,1,1,0,0,0,0,0,0,1,0
5622,1990,1,1,0,0,0,0,0,0,0,0
5622,1997,1,1,0,0,0,0,0,0,0,0
5622,1998,1,1,1,1,0,0,0,0,0,0
5636,1990,2,2,1,0,0,0,0,0,0,0
5651,1988,3,3,1,1,0,0,0,0,0,0
5665,1997,1,1,0,0,0,0,0,0,1,0
5727,1992,3,3,1,0,0,1,0,0,0,0
5727,1993,2,1,0,0,0,0,0,0,0,0
5727,1998,4,4,1,0,0,0,0,0,0,0
5733,1995,1,1,0,0,0,0,0,0,0,0
5733,1996,2,1,0,0,0,0,1,0,0,0
5737,1996,3,2,0,0,0,0,0,1,1,0
5737,1997,3,3,1,0,0,0,0,0,0,0
5737,1998,3,3,2,0,0,0,0,0,0,0
5759,1996,2,2,0,0,0,0,0,0,0,0
5852,1988,2,1,0,0,0,0,0,0,0,0
5852,1989,5,5,2,0,1,0,0,0,0,0
5852,1990,3,3,0,0,0,0,0,0,0,0
5852,1991,6,6,3,1,0,0,0,0,0,0
5852,1992,10,9,3,0,0,0,1,0,0,0
5852,1993,2,2,0,0,0,0,0,0,0,0
5852,1994,2,2,2,0,0,0,0,0,0,0
5852,1997,5,5,1,0,0,0,0,0,1,0
5853,1996,3,2,0,0,0,0,0,0,0,1
5859,1991,1,1,1,0,0,0,0,0,0,0
5864,1992,3,2,1,0,0,0,1,0,0,0
5872,1987,5,4,3,0,0,0,1,0,0,0
5872,1988,10,7,1,0,0,0,2,0,0,0
5892,1989,7,6,3,0,0,0,0,0,0,0
5892,1990,6,5,0,0,0,0,0,0,0,0
5892,1992,3,2,0,0,0,0,0,0,1,0
5947,1995,2,2,0,0,0,0,0,0,0,0
5979,1992,2,1,1,0,0,0,0,0,0,0
5980,1989,5,5,1,0,0,0,0,0,0,0
5980,1990,3,3,0,0,0,0,0,0,0,0
5980,1991,1,1,1,0,0,0,0,0,0,0
6043,1993,2,2,0,0,0,0,0,0,0,0
6073,1989,3,3,0,0,0,0,0,0,0,0
6073,1990,4,2,1,0,0,0,0,0,0,0
6073,1991,1,1,0,0,0,0,0,0,0,0
6073,1992,9,8,2,1,0,0,1,0,2,0
6073,1993,3,3,3,1,0,0,0,0,0,0
6107,1990,2,2,0,0,0,0,0,0,0,0
6122,1997,3,3,0,0,0,0,0,0,0,0
6159,1987,1,1,0,0,0,0,0,0,0,0
6159,1988,2,2,0,0,0,0,0,0,1,0
6159,1989,3,3,0,0,0,0,0,0,1,0
6159,1990,3,2,1,1,0,0,0,0,0,0
6159,1991,4,4,1,0,0,0,0,0,0,0
6163,1992,2,2,1,0,0,0,0,0,0,0
6180,1987,8,6,3,1,0,0,1,0,1,1
6180,1988,11,9,2,1,0,0,2,0,0,0
6180,1989,3,3,1,0,0,0,0,0,0,0
6180,1990,3,3,2,0,0,0,0,0,0,0
6180,1991,3,3,1,1,0,0,0,0,0,0
6180,1992,7,6,0,0,0,0,0,0,1,1
6180,1993,6,6,1,1,0,0,0,0,2,0
6180,1996,2,2,0,0,0,0,0,0,0,0
6195,1988,6,5,2,0,0,0,1,0,0,0
6195,1989,5,4,0,0,0,0,0,0,2,1
6195,1990,5,4,2,0,0,0,0,0,0,0
6223,1988,3,3,0,0,0,0,0,0,0,0
6264,1988,6,6,0,0,0,0,0,0,0,0
6266,1988,3,3,2,0,1,0,0,0,0,0
6270,1990,3,3,2,0,0,0,0,0,0,0
6270,1991,1,0,0,0,0,0,0,0,0,0
6270,1992,1,1,0,0,0,0,0,0,0,0
6275,1990,4,4,0,0,0,0,0,0,0,0
6275,1991,2,2,0,0,0,0,0,0,1,0
6275,1992,5,4,2,0,0,0,0,0,0,0
6275,1993,1,1,1,0,0,0,0,0,0,0
6307,1991,2,2,1,0,0,0,0,0,0,0
6328,1987,8,8,3,1,0,0,0,0,1,0
6328,1988,6,5,3,0,0,0,1,0,1,0
6328,1989,2,1,0,0,0,0,0,0,1,0
6332,1990,1,1,0,0,0,0,0,0,0,0
6332,1994,3,3,1,1,0,0,0,0,1,0
6334,1990,2,2,1,0,0,0,0,0,0,0
6334,1991,3,2,0,0,0,0,1,0,0,0
6334,1992,1,1,0,0,0,0,0,0,0,0
6395,1996,1,1,1,0,0,0,0,0,0,0
6398,1991,2,1,0,0,0,0,1,0,0,0
6398,1992,2,1,0,0,0,0,0,0,0,1
6398,1994,1,1,1,0,0,0,0,0,0,0
6422,1992,1,1,0,0,0,0,0,0,0,0
6425,1994,1,1,0,0,0,0,0,0,0,0
6460,1996,1,1,0,0,0,0,0,0,0,0
6489,1993,2,2,1,0,0,0,0,0,0,0
6489,1996,2,2,1,0,0,0,0,0,0,0
6540,1987,2,1,0,0,0,0,1,0,0,0
6540,1988,5,5,1,0,0,0,0,0,2,0
6540,1989,3,2,0,0,0,0,0,0,2,0
6557,1997,1,0,0,0,0,0,0,0,0,1
6596,1997,1,1,0,0,0,0,0,0,0,0
6612,1998,1,1,0,0,0,0,0,0,1,0
6626,1987,2,1,1,0,0,0,1,0,0,0
6631,1987,3,3,1,0,0,0,0,0,0,0
6650,1990,1,1,0,0,0,0,0,0,0,0
6706,1990,1,1,0,0,0,0,0,0,0,0
6706,1991,2,1,0,0,0,0,1,0,0,0
6738,1995,1,1,1,0,0,0,0,0,0,0
6760,1991,1,1,0,0,0,0,0,0,0,0
6760,1992,2,2,0,0,0,0,0,0,0,0
6760,1995,1,1,1,0,0,1,0,0,0,0
6760,1996,1,1,0,0,0,0,0,0,0,0
6763,1993,3,2,0,0,0,0,1,0,0,0
6763,1994,3,3,0,0,0,0,0,0,0,0
6768,1997,1,1,0,0,0,0,0,0,1,0
6777,1993,2,2,1,0,0,0,0,0,0,0
6777,1994,2,2,1,1,0,0,0,0,0,0
6794,1993,1,1,0,0,0,0,0,0,0,0
6841,1993,3,3,0,0,0,0,0,0,0,0
6966,1998,2,2,2,0,0,0,0,0,0,0
7026,1991,2,1,1,1,0,0,1,0,0,0
7026,1992,1,1,0,0,0,0,0,0,0,0
7026,1997,1,1,1,0,0,0,0,0,0,0
7027,1997,1,1,1,0,0,0,0,0,0,0
7076,1997,1,0,0,0,0,0,0,0,0,0
7136,1987,6,6,2,0,0,0,0,0,1,0
7136,1988,3,3,1,0,0,0,0,0,0,0
7136,1989,1,0,0,0,0,0,0,0,0,1
7136,1990,3,3,1,0,0,0,0,0,0,0
7136,1991,5,5,0,0,0,0,0,0,1,0
7136,1992,2,2,0,0,0,0,0,0,0,0
7136,1996,1,1,0,0,0,0,0,0,0,0
7141,1989,2,2,0,0,0,0,0,0,0,0
7145,1989,1,1,0,0,0,0,0,0,1,0
7175,1989,3,3,0,0,0,0,0,0,1,0
7186,1993,2,2,0,0,0,0,0,0,0,0
7186,1997,3,3,1,0,0,0,0,0,2,0
7191,1988,5,5,0,0,0,0,0,0,1,0
7191,1990,3,3,1,0,0,0,0,0,0,0
7191,1991,5,5,0,0,0,0,0,0,1,0
7202,1996,3,3,1,0,0,0,0,0,1,0
7208,1990,3,3,0,0,0,0,0,0,0,0
7279,1989,1,1,0,0,0,0,0,0,0,0
7297,1989,2,2,2,1,0,0,0,0,0,0
7299,1992,3,3,2,1,0,0,0,0,0,0
7299,1995,1,1,0,0,0,0,0,0,0,0
7311,1997,1,1,0,0,0,0,0,0,0,0
7347,1993,1,1,0,0,0,0,0,0,0,0
7372,1997,1,1,0,0,0,0,0,0,0,0
7372,1998,1,1,1,0,0,0,0,0,0,0
7400,1994,1,1,1,0,0,0,0,0,0,0
7408,1993,3,3,0,0,0,0,0,0,0,0
7408,1994,2,2,1,0,0,0,0,0,1,0
7408,1996,2,2,0,0,0,0,0,0,0,0
7436,1997,2,2,0,0,0,0,0,0,1,0
7444,1989,2,1,0,0,0,0,1,0,1,0
7444,1990,2,2,1,0,0,0,0,0,0,0
7457,1993,1,0,0,0,0,0,0,1,0,0
7458,1990,2,2,1,1,0,0,0,0,0,0
7458,1993,3,3,0,0,0,0,0,0,1,0
7512,1997,2,2,1,1,0,0,0,0,0,0
7522,1998,3,3,0,0,0,0,0,0,1,0
7537,1987,1,1,0,0,0,0,0,0,1,0
7537,1988,1,1,1,0,0,0,0,0,0,0
7537,1989,1,1,0,0,0,0,0,0,0,0
7540,1996,3,3,0,0,0,0,0,0,0,0
7545,1988,2,2,0,0,0,0,0,0,1,0
7545,1990,2,2,1,0,0,0,0,0,0,0
7836,1993,1,1,0,0,0,0,0,0,1,0
7837,1987,2,2,0,0,0,0,0,0,1,0
7837,1988,2,2,0,0,0,0,0,0,0,0
7879,1988,1,1,0,0,0,0,0,0,0,0
7879,1989,1,1,0,0,0,0,0,0,1,0
7879,1990,2,1,0,0,0,0,1,0,0,0
7879,1997,2,1,0,0,0,0,1,0,0,0
7893,1991,1,1,1,1,0,0,0,0,0,0
7893,1992,2,2,0,0,0,0,0,0,0,0
7893,1993,3,3,0,0,0,0,0,0,1,0
7924,1987,4,4,0,0,0,0,0,0,1,0
7924,1988,7,6,0,0,0,0,1,0,3,0
7924,1989,5,4,1,0,0,0,1,0,0,0
7924,1990,6,5,2,1,0,0,0,0,1,0
7924,1991,2,2,0,0,0,0,0,0,0,0
7924,1993,3,2,1,0,0,0,1,0,0,0
7980,1987,4,4,2,0,0,0,0,0,0,0
8004,1987,4,4,2,1,0,0,0,0,0,0
8004,1988,6,6,1,0,0,0,0,0,1,0
8004,1989,4,4,1,0,0,0,0,0,0,0
8004,1990,8,8,1,1,0,0,0,0,0,0
8004,1991,5,5,1,0,0,0,0,0,0,0
8004,1992,9,8,3,0,0,0,1,0,1,0
8004,1993,2,2,0,0,0,0,0,0,0,0
8018,1991,2,2,0,0,0,0,0,0,0,0
8051,1989,2,2,0,0,0,0,0,0,0,0
8051,1994,3,3,1,0,0,0,0,0,0,0
8051,1996,4,4,0,0,0,0,0,0,2,0
8051,1997,3,3,1,0,0,0,0,0,0,0
8079,1993,1,0,0,0,0,0,1,0,0,0
8082,1991,1,0,0,0,0,0,1,0,0,0
8082,1992,2,2,0,0,0,0,0,0,0,0
8111,1989,3,2,1,0,0,0,0,0,1,0
8111,1990,1,0,0,0,0,0,1,0,0,0
8111,1991,1,1,0,0,0,0,0,0,0,0
8136,1988,3,3,0,0,0,0,0,0,0,0
8137,1993,6,4,2,0,0,0,1,0,1,0
8137,1998,5,5,1,0,0,0,0,0,0,0
8140,1991,4,3,2,0,0,0,0,0,0,0
8146,1996,1,1,0,0,0,0,0,0,0,0
8146,1997,1,1,1,0,0,0,0,0,0,0
8155,1994,1,1,1,0,0,0,0,0,0,0
8160,1991,4,4,0,0,0,0,0,0,1,0
8160,1992,6,4,0,0,0,0,1,0,1,0
8160,1994,3,3,0,0,0,0,0,0,1,0
8160,1997,3,3,0,0,0,0,0,0,1,0
8187,1998,1,1,0,0,0,0,0,0,0,0
8193,1990,5,4,1,0,0,0,1,0,0,0
8193,1991,5,3,1,0,0,0,1,0,0,0
8193,1992,2,2,1,0,0,0,0,0,1,0
8193,1993,5,4,1,0,0,0,1,0,1,0
8219,1987,3,3,1,1,0,0,0,0,0,0
8219,1988,1,1,0,0,0,0,0,0,0,0
8219,1989,3,3,0,0,0,0,0,0,1,0
8219,1990,1,1,0,0,0,0,0,0,0,0
8219,1991,2,2,0,0,0,0,0,0,0,0
8219,1992,1,1,0,0,0,0,0,0,0,0
8220,1996,1,1,1,0,0,0,0,0,0,0
8220,1997,2,1,0,0,0,0,1,0,0,0
8220,1998,1,1,1,0,0,0,0,0,0,0
8276,1991,5,5,1,0,0,0,0,0,1,0
8284,1989,3,1,1,1,0,0,1,0,0,0
8285,1987,2,2,0,0,0,0,0,0,1,0
8288,1993,2,2,2,0,0,0,0,0,0,0
8289,1987,1,1,0,0,0,0,0,0,0,0
8289,1989,1,1,1,1,0,0,0,0,0,0
8299,1987,7,7,4,0,0,0,0,0,1,0
8299,1988,7,7,1,1,0,0,0,0,1,0
8306,1990,4,4,0,0,0,0,0,0,0,0
8358,1990,1,1,1,0,0,0,0,0,0,0
8380,1989,2,2,0,0,0,0,0,0,0,0
8380,1990,2,1,0,0,0,0,0,0,0,0
8380,1991,1,1,0,0,0,0,0,0,0,0
8380,1992,2,2,0,0,0,0,0,0,1,0
8384,1988,1,0,0,0,0,0,1,0,0,0
8469,1990,4,4,0,0,0,0,0,0,2,0
8469,1992,1,1,0,0,0,0,0,0,0,0
8474,1996,6,6,2,0,0,0,0,0,1,0
8488,1996,3,3,2,0,0,1,0,0,1,0
8498,1996,1,1,1,0,0,0,0,0,0,0
8516,1987,3,3,1,0,0,0,0,0,0,0
8516,1988,3,3,0,0,0,0,0,0,1,0
8519,1997,2,2,1,0,0,0,0,0,0,0
8530,1989,1,1,0,0,0,0,0,0,0,0
8530,1990,3,3,1,0,0,0,0,0,1,0
8530,1991,1,1,0,0,0,0,0,0,1,0
8594,1991,5,4,2,0,0,0,0,0,0,0
8594,1992,2,2,0,0,0,0,0,0,0,0
8665,1989,1,0,0,0,0,0,0,0,0,0
8665,1990,1,1,0,0,0,0,0,0,0,0
8665,1992,3,3,2,1,0,0,0,0,0,0
8703,1990,3,3,1,0,0,0,0,0,0,0
8723,1992,1,1,0,0,0,0,0,0,1,0
8767,1989,1,1,0,0,0,0,0,0,0,0
8767,1990,1,1,0,0,0,0,0,0,0,0
8767,1993,1,1,0,0,0,0,0,0,0,0
8840,1988,1,0,0,0,0,0,1,0,0,0
8858,1996,1,1,1,0,0,0,0,0,0,0
8883,1996,2,2,0,0,0,0,0,0,1,0
8911,1988,5,3,1,1,0,0,2,0,0,0
8911,1990,4,4,1,1,0,0,0,0,0,0
8911,1992,3,3,0,0,0,0,0,0,1,0
8911,1993,5,5,0,0,0,0,0,0,2,0
8920,1991,4,4,2,0,0,0,0,0,0,0
8954,1997,2,1,0,0,0,0,1,0,0,0
8958,1990,5,4,0,0,0,0,1,0,0,0
8986,1988,4,4,1,0,0,0,0,0,0,0
8986,1990,1,0,0,0,0,0,1,0,0,0
8986,1991,1,1,0,0,0,0,0,0,0,0
8990,1996,6,5,0,0,0,0,0,0,0,0
8990,1997,6,6,0,0,0,0,0,0,1,0
8990,1998,3,2,1,0,0,0,1,0,0,0
9038,1992,5,4,0,0,0,0,1,0,1,0
9038,1993,3,3,1,0,0,0,0,0,0,0
9091,1997,3,2,0,0,0,0,1,0,0,0
9102,1987,1,1,0,0,0,0,0,0,0,0
9102,1988,4,4,1,0,0,0,0,0,2,0
9102,1990,1,1,0,0,0,0,0,0,0,0
9108,1987,2,2,1,0,0,0,0,0,1,0
9108,1988,2,2,1,0,0,0,0,0,0,0
9108,1989,1,1,0,0,0,0,0,0,0,0
9108,1990,3,3,0,0,0,0,0,0,0,0
9108,1991,3,2,0,0,0,0,0,0,1,0
9110,1991,1,1,1,0,0,0,0,0,0,0
9152,1988,2,2,0,0,0,0,0,0,0,0
9161,1996,2,2,0,0,0,0,0,0,0,0
9172,1987,4,4,1,0,0,0,0,0,1,0
9172,1988,1,0,0,0,0,0,1,0,0,0
9172,1989,1,0,0,0,0,0,1,0,0,0
9172,1993,1,1,1,0,0,0,0,0,0,0
9182,1988,5,5,1,0,0,0,0,0,2,0
9199,1989,2,2,1,0,0,0,0,0,1,0
9204,1997,2,2,1,0,0,1,0,0,0,0
9229,1996,1,1,0,0,0,0,0,0,0,0
9258,1992,2,2,0,0,0,0,0,0,0,0
9258,1993,1,1,1,1,0,0,0,0,0,0
9258,1996,1,1,1,1,0,0,0,0,0,0
9258,1998,1,1,0,0,0,0,0,0,1,0
9283,1987,3,3,0,0,0,0,0,0,1,0
9283,1988,1,1,0,0,0,0,0,0,0,0
9289,1992,1,1,0,0,0,0,0,0,0,0
9293,1990,1,1,0,0,0,0,0,0,1,0
9412,1989,6,5,0,0,0,0,1,0,1,0
9459,1987,1,1,1,0,0,0,0,0,0,0
9459,1988,3,3,0,0,0,0,0,0,0,0
9459,1989,5,5,1,0,0,0,0,0,2,0
9459,1990,2,2,1,1,0,0,0,0,0,0
9467,1992,2,2,0,0,0,0,0,0,0,0
9517,1987,3,3,0,0,0,0,0,0,0,0
9517,1988,5,5,2,1,0,0,0,0,0,0
9517,1989,2,2,1,0,0,0,0,0,1,0
9523,1997,1,1,0,0,0,0,0,0,0,0
9527,1997,1,1,0,0,0,0,0,0,0,0
9559,1994,2,2,0,0,0,0,0,0,0,0
9559,1997,1,1,0,0,0,0,0,0,0,0
9559,1998,1,1,0,0,0,0,0,0,1,0
9561,1988,10,10,1,0,0,0,0,0,1,0
9612,1988,3,3,0,0,0,0,0,0,1,0
9612,1989,2,2,0,0,0,0,0,0,1,0
9612,1990,2,2,0,0,0,0,0,0,1,0
9612,1995,1,1,0,0,0,0,0,0,1,0
9614,1987,3,3,2,1,0,0,0,0,0,0
9637,1997,1,1,0,0,0,0,0,0,0,0
9640,1987,1,0,0,0,0,0,1,0,0,0
9642,1990,2,1,0,0,0,0,0,0,0,0
9642,1992,1,1,1,0,0,0,0,0,0,0
9659,1997,1,1,0,0,0,0,0,0,0,0
9734,1990,2,2,2,0,0,0,0,0,0,0
9735,1988,3,3,1,0,0,0,0,0,0,0
9735,1990,7,7,1,1,0,0,0,0,2,0
9738,1990,8,7,1,1,0,0,0,0,1,0
9779,1997,1,1,0,0,0,0,0,0,0,0
9806,1988,2,1,0,0,0,0,0,0,1,0
9840,1990,4,4,1,0,0,0,0,0,0,0
9840,1991,4,3,2,0,0,0,0,0,0,0
9840,1992,1,1,0,0,0,0,0,0,0,0
9840,1996,3,3,1,0,0,0,0,0,0,0
9840,1997,3,3,2,0,0,0,0,0,0,0
9931,1997,5,5,2,0,0,0,0,0,1,0
9931,1998,3,3,1,0,0,0,0,0,0,0
9953,1988,1,1,0,0,0,0,0,0,0,0
9953,1989,3,2,2,1,0,0,0,0,0,1
9955,1991,1,1,0,0,0,0,0,0,0,0
10029,1997,3,3,2,1,0,0,0,0,0,0
10029,1998,3,3,0,0,0,0,0,0,0,0
10038,1988,4,4,2,0,0,0,0,0,0,0
10038,1989,2,2,0,0,0,0,0,0,0,0
10038,1990,1,0,0,0,0,0,1,0,0,0
10055,1993,1,0,0,0,0,0,0,0,0,0
10059,1989,6,4,1,0,0,0,1,0,3,0
10059,1991,4,4,1,0,0,0,0,0,1,0
10070,1987,4,4,0,0,0,0,0,0,0,0
10070,1988,11,11,2,1,0,0,0,0,1,0
10070,1989,2,2,0,0,0,0,0,0,0,0
10070,1990,2,2,1,0,0,0,0,0,0,0
10070,1991,2,1,0,0,0,0,1,0,0,0
10112,1994,3,2,0,0,0,0,1,0,1,0
10154,1988,3,2,0,0,0,0,1,0,0,0
10187,1991,3,3,0,0,0,0,0,0,0,0
10187,1992,5,5,3,0,0,0,0,0,0,0
10187,1993,2,1,1,0,0,0,0,0,0,0
10188,1997,3,2,0,0,0,0,0,0,1,1
10251,1998,2,2,0,0,0,0,0,0,0,0
10267,1996,2,1,0,0,0,0,1,0,0,0
10273,1988,1,1,0,0,0,0,0,0,0,0
10311,1992,1,1,1,0,0,0,0,0,0,0
10314,1996,1,0,0,0,0,0,1,0,0,0
10329,1989,2,1,0,0,0,0,0,0,0,0
10329,1992,1,1,0,0,0,0,0,0,1,0
10367,1989,4,3,0,0,0,0,1,0,1,0
10377,1993,2,2,0,0,0,0,0,0,1,0
10411,1987,2,2,1,0,0,0,0,0,0,0
10412,1990,6,5,2,1,0,0,1,0,1,0
10412,1991,1,1,0,0,0,0,0,0,0,0
10416,1990,2,2,0,0,0,0,0,0,1,0
10443,1987,4,3,0,0,0,0,1,0,0,0
10443,1988,2,2,0,0,0,0,0,0,0,0
10461,1997,3,3,2,0,0,0,0,0,0,0
10548,1988,2,2,1,0,0,0,0,0,0,0
10552,1992,1,1,0,0,0,0,0,0,0,0
10573,1991,2,2,0,0,0,0,0,0,0,0
10677,1993,2,2,0,0,0,0,0,0,0,0
10680,1991,2,2,1,1,0,0,0,0,1,0
10680,1992,4,3,0,0,0,0,1,0,0,0
10682,1997,2,2,1,0,0,0,0,0,0,0
10689,1992,3,3,1,0,0,0,0,0,0,0
10746,1989,1,1,0,0,0,0,0,0,0,0
10749,1988,9,9,2,0,0,0,0,0,1,0
10749,1989,1,1,1,0,0,0,0,0,0,0
10762,1989,6,5,1,0,0,0,0,0,1,0
10827,1988,1,1,0,0,0,0,0,0,0,0
10827,1989,1,1,0,0,0,0,0,0,1,0
10916,1996,1,1,0,0,0,0,0,0,0,0
10916,1997,1,0,0,0,0,0,0,0,0,1
10921,1996,1,1,0,0,0,0,0,0,1,0
10921,1997,3,2,1,1,0,0,1,0,0,0
10921,1998,1,1,0,0,0,0,0,0,0,0
10926,1993,2,2,1,0,0,0,0,0,0,0
10950,1988,2,2,1,0,0,0,0,0,1,0
10950,1989,2,2,1,0,0,0,0,0,1,0
10963,1998,1,1,0,0,0,0,0,0,1,0
10971,1988,1,1,0,0,0,0,0,0,0,0
10986,1989,1,1,0,0,0,0,0,0,0,0
11039,1988,6,5,0,0,0,0,0,0,2,0
11039,1989,6,5,1,1,0,0,0,0,0,0
11039,1990,2,2,0,0,0,0,0,0,0,0
11039,1991,2,2,0,0,0,0,0,0,1,0
11045,1987,1,1,0,0,0,0,0,0,0,0
11051,1988,3,2,0,0,0,0,1,0,1,0
11051,1989,2,2,0,0,0,0,0,0,0,0
11051,1990,9,8,4,2,0,0,0,1,1,0
11051,1992,2,1,0,0,0,0,0,0,0,0
11069,1987,2,2,1,0,0,0,0,0,0,0
11070,1989,3,2,0,0,0,0,0,0,0,1
11088,1990,4,4,2,1,0,0,0,0,0,0
11090,1988,2,2,1,1,0,0,0,0,0,0
11090,1989,2,2,0,0,0,0,0,0,1,0
11090,1990,2,2,1,0,0,0,0,0,0,0
11090,1991,5,5,1,1,0,0,0,0,1,0
11090,1992,5,5,0,0,0,0,0,0,0,0
11090,1994,1,1,0,0,0,0,0,0,0,0
11105,1988,2,2,0,0,0,0,0,0,0,0
11178,1993,3,3,0,0,0,0,0,0,0,0
11185,1987,6,5,1,0,0,0,1,0,0,0
11202,1991,1,1,0,0,0,0,0,0,0,0
11202,1992,1,1,0,0,0,0,0,0,0,0
11215,1988,2,0,0,0,0,0,1,1,0,0
11215,1989,5,3,0,0,0,0,1,0,0,0
11215,1991,3,3,0,0,0,0,0,0,0,0
11217,1988,11,11,4,1,0,0,0,0,1,0
11217,1989,7,6,2,1,0,0,1,0,0,0
11217,1990,13,13,7,2,0,0,0,0,1,0
11217,1991,8,8,1,0,0,0,0,0,3,0
11217,1996,1,1,0,0,0,0,0,0,1,0
11249,1988,10,10,5,1,0,0,0,0,0,0
11249,1989,7,6,1,1,0,0,0,0,1,0
11249,1990,4,3,1,1,0,0,0,1,0,0
11249,1991,7,7,1,0,0,0,0,0,0,0
11249,1992,8,7,1,1,0,0,1,0,1,0
11256,1991,2,2,0,0,0,0,0,0,0,0
11256,1993,3,1,0,0,0,0,1,1,0,0
11295,1996,1,1,1,0,0,0,0,0,0,0
11316,1992,1,1,0,0,0,0,0,0,0,0
11320,1988,2,2,1,0,0,1,0,0,0,0
11324,1991,5,5,3,0,1,0,0,0,0,0
11342,1997,4,3,1,0,0,0,0,0,1,1
11364,1987,3,2,0,0,0,0,1,0,0,0
11364,1988,10,9,0,0,0,0,1,0,3,0
11364,1991,2,2,0,0,0,0,0,0,0,0
11364,1992,6,6,0,0,0,0,0,0,1,0
11388,1988,1,1,0,0,0,0,0,0,1,0
11388,1989,3,3,0,0,0,0,0,0,0,0
11388,1990,2,2,1,0,0,0,0,0,0,0
11424,1996,2,2,0,0,0,0,0,0,1,0
11426,1997,1,1,0,0,0,0,0,0,1,0
11473,1987,1,1,0,0,0,0,0,0,0,0
11489,1992,2,2,0,0,0,0,0,0,0,0
11489,1994,1,1,0,0,0,0,0,0,0,0
11489,1996,1,1,0,0,0,0,0,0,1,0
11511,1988,3,3,0,0,0,0,0,0,0,0
11511,1989,3,3,1,0,0,0,0,0,0,0
11583,1988,1,0,0,0,0,0,0,1,0,0
11603,1997,1,1,0,0,0,0,0,0,1,0
11606,1993,1,1,1,0,0,0,0,0,0,0
11606,1994,1,1,0,0,0,0,0,0,0,0
11614,1989,2,2,2,1,0,0,0,0,0,0
11616,1993,1,0,0,0,0,0,1,0,0,0
11647,1994,2,2,1,0,0,0,0,0,0,0
11707,1990,1,1,0,0,0,0,0,0,0,0
11724,1990,7,7,4,2,0,0,0,0,1,0
11724,1991,1,1,0,0,0,0,0,0,0,0
11732,1993,1,1,0,0,0,0,0,0,0,0
11735,1992,5,5,1,1,0,0,0,0,1,0
11754,1988,2,2,1,0,0,0,0,0,0,0
11763,1996,1,1,0,0,0,0,0,0,0,0
11838,1997,2,2,1,0,0,0,0,0,0,0
11884,1987,4,3,0,0,0,0,1,0,0,0
11884,1988,10,8,1,0,0,0,1,0,0,0
11884,1992,8,8,4,2,0,0,0,0,0,0
11908,1996,1,1,1,0,0,0,0,0,0,0
11929,1998,1,0,0,0,0,0,1,0,0,0
11973,1990,3,3,3,1,0,0,0,0,0,0
11973,1991,1,1,0,0,0,0,0,0,0,0
11973,1996,1,1,0,0,0,0,0,0,0,0
12009,1991,1,1,0,0,0,0,0,0,0,0
12027,1990,3,2,0,0,0,0,1,0,1,0
12031,1990,1,0,0,0,0,0,1,0,0,0
12033,1988,3,2,1,0,0,0,1,0,0,0
12033,1989,2,1,1,0,0,0,1,0,0,0
12033,1990,3,3,0,0,0,0,0,0,1,0
12033,1991,2,2,1,0,0,0,0,0,0,0
12053,1997,4,4,2,0,0,0,0,0,1,0
12080,1997,2,2,1,0,0,0,0,0,0,0
12087,1989,2,1,0,0,0,0,0,0,0,0
12089,1991,1,1,0,0,0,0,0,0,0,0
12122,1987,3,3,2,0,0,0,0,0,0,0
12122,1988,4,2,2,0,0,0,1,0,0,1
12122,1991,3,3,2,0,0,0,0,0,0,0
12122,1992,9,9,5,0,0,1,0,0,1,0
12133,1988,8,8,2,0,0,0,0,0,0,0
12133,1989,6,6,2,0,0,0,0,0,0,0
12133,1990,5,5,0,0,0,0,0,0,0,0
12133,1991,4,4,2,1,0,0,0,0,0,0
12133,1992,2,2,0,0,0,0,0,0,0,0
12141,1997,1,1,0,0,0,0,0,0,0,0
12143,1988,1,1,0,0,0,0,0,0,0,0
12143,1989,1,1,0,0,0,0,0,0,0,0
12143,1990,8,6,3,0,0,1,2,0,0,0
12143,1991,4,4,2,1,0,0,0,0,0,0
12143,1992,4,3,1,1,0,0,1,0,0,0
12143,1993,2,2,1,0,0,0,0,0,0,0
12143,1997,2,2,1,1,0,0,0,0,0,0
12143,1998,3,3,0,0,0,0,0,0,0,0
12157,1996,4,4,1,0,0,0,0,0,0,0
12157,1997,2,2,0,0,0,0,0,0,0,0
12171,1990,5,4,2,0,0,0,1,0,0,0
12192,1998,1,0,0,0,0,0,1,0,0,0
12242,1993,1,0,0,0,0,0,0,0,0,0
12242,1994,1,1,0,0,0,0,0,0,0,0
12242,1996,1,1,0,0,0,0,0,0,0,0
12242,1997,1,1,0,0,0,0,0,0,0,0
12275,1987,2,1,1,0,0,0,1,0,0,0
12275,1988,1,1,0,0,0,0,0,0,1,0
12288,1996,3,2,1,0,0,0,1,0,0,0
12297,1991,3,3,0,0,0,0,0,0,0,0
12297,1993,1,1,0,0,0,0,0,0,0,0
12297,1994,1,1,1,0,0,0,0,0,0,0
12312,1989,1,1,0,0,0,0,0,0,0,0
12313,1988,1,1,0,0,0,0,0,0,1,0
12313,1989,1,1,0,0,0,0,0,0,0,0
12313,1990,4,4,2,0,0,0,0,0,1,0
12332,1987,1,1,0,0,0,0,0,0,0,0
12332,1988,1,1,0,0,0,0,0,0,1,0
12334,1993,1,1,0,0,0,0,0,0,1,0
12334,1994,1,1,0,0,0,0,0,0,0,0
12350,1996,1,1,0,0,0,0,0,0,1,0
12358,1998,3,3,2,1,0,0,0,0,0,0
12422,1987,1,0,0,0,0,0,0,0,0,0
12422,1988,3,3,0,0,0,0,0,0,0,0
12437,1996,1,0,0,0,0,0,1,0,0,0
12437,1997,2,2,1,0,0,0,0,0,1,0
12442,1987,7,5,1,0,0,0,2,0,1,0
12442,1988,3,3,0,0,0,0,0,0,1,0
12442,1989,3,1,1,1,0,0,1,0,0,0
12442,1990,11,10,1,0,0,0,1,0,3,0
12442,1991,3,3,1,0,0,0,0,0,0,0
12442,1992,2,2,0,0,0,0,0,0,0,0
12442,1993,3,3,0,0,0,0,0,0,0,0
12442,1998,3,3,0,0,0,0,0,0,1,0
12445,1987,2,2,2,0,0,0,0,0,0,0
12445,1988,15,15,4,1,0,0,0,0,2,0
12445,1989,8,8,1,0,0,1,0,0,1,0
12445,1990,4,4,2,0,0,0,0,0,1,0
12455,1996,2,2,0,0,0,0,0,0,0,0
12473,1987,4,4,1,0,0,0,0,0,0,0
12474,1998,1,0,0,0,0,0,0,0,0,1
12557,1998,1,1,0,0,0,0,0,0,0,0
12575,1987,4,4,3,0,0,0,0,0,0,0
12575,1988,8,8,3,1,0,0,0,0,0,0
12575,1989,4,3,1,0,0,0,1,0,1,0
12595,1987,6,6,2,0,0,0,0,0,0,0
12595,1988,7,7,2,1,0,0,0,0,1,0
12595,1989,3,3,0,0,0,0,0,0,1,0
12595,1990,2,2,0,0,0,0,0,0,0,0
12595,1991,1,1,0,0,0,0,0,0,0,0
12595,1992,3,3,0,0,0,0,0,0,0,0
12617,1989,2,2,1,0,0,0,0,0,1,0
12617,1990,3,3,1,0,0,0,0,0,1,0
12617,1991,2,2,0,0,0,0,0,0,0,0
12617,1992,3,3,0,0,0,0,0,0,0,0
12617,1993,3,2,0,0,0,0,0,0,1,1
