52,2019,1,1,1,0,0,0,0,0,0,0
57,2018,1,1,0,0,0,0,0,0,1,0
57,2019,2,2,1,1,0,0,0,0,0,0
57,2021,1,0,0,0,0,0,0,1,0,0
82,2017,3,2,1,0,0,0,1,0,1,0
155,2019,2,2,0,0,0,0,0,0,0,0
207,2017,1,1,0,0,0,0,0,0,0,0
207,2018,1,0,0,0,0,0,1,0,0,0
243,2021,2,1,0,0,0,0,1,0,0,0
263,2019,3,2,0,0,0,0,0,1,0,0
283,2018,1,1,0,0,0,0,0,0,0,0
283,2019,1,1,0,0,0,0,0,0,0,0
299,2021,3,2,0,0,0,0,0,1,1,0
300,2019,2,1,0,0,0,0,1,0,1,0
309,2019,1,1,0,0,0,0,0,0,0,0
342,2018,3,1,0,0,0,0,2,0,0,0
369,2017,1,1,1,0,0,0,0,0,0,0
369,2019,1,1,1,0,0,0,0,0,0,0
382,2021,2,2,0,0,0,0,0,0,1,0
402,2017,1,1,0,0,0,0,0,0,0,0
414,2018,1,1,1,0,0,0,0,0,0,0
500,2019,1,1,1,0,0,0,0,0,0,0
594,2019,1,1,0,0,0,0,0,0,1,0
622,2017,2,2,0,0,0,0,0,0,0,0
629,2019,2,1,0,0,0,0,1,0,1,0
635,2017,1,1,0,0,0,0,0,0,1,0
652,2018,2,2,2,0,0,1,0,0,0,0
711,2019,2,1,0,0,0,0,0,1,0,0
758,2018,2,2,0,0,0,0,0,0,0,0
773,2021,1,1,0,0,0,0,0,0,0,0
774,2018,1,0,0,0,0,0,1,0,0,0
793,2017,1,1,0,0,0,0,0,0,0,0
804,2017,2,2,0,0,0,0,0,0,1,0
904,2019,3,2,0,0,0,0,0,1,1,0
919,2017,1,1,0,0,0,0,0,0,0,0
927,2019,3,3,0,0,0,0,0,0,0,0
934,2017,1,1,0,0,0,0,0,0,0,0
934,2019,1,1,0,0,0,0,0,0,1,0
939,2017,2,2,0,0,0,0,0,0,1,0
989,2019,2,2,0,0,0,0,0,0,1,0
1106,2017,1,1,1,1,0,0,0,0,0,0
1145,2019,1,1,0,0,0,0,0,0,1,0
1180,2021,1,1,0,0,0,0,0,0,1,0
1200,2019,1,1,0,0,0,0,0,0,1,0
1204,2018,6,5,0,0,0,0,0,1,1,0
1204,2021,1,0,0,0,0,0,1,0,0,0
1206,2018,1,1,0,0,0,0,0,0,0,0
1214,2017,2,2,1,0,0,0,0,0,1,0
1214,2018,1,1,0,0,0,0,0,0,0,0
1214,2021,4,4,0,0,0,0,0,0,2,0
1258,2019,2,2,1,0,0,0,0,0,1,0
1337,2019,1,1,0,0,0,0,0,0,0,0
1477,2019,2,2,1,0,0,0,0,0,0,0
1481,2021,1,1,0,0,0,0,0,0,1,0
1514,2020,2,2,0,0,0,0,0,0,0,0
1518,2017,3,3,0,0,0,0,0,0,2,0
1518,2018,4,4,1,0,0,0,0,0,3,0
1518,2019,5,4,0,0,0,0,1,0,2,0
1578,2019,1,1,0,0,0,0,0,0,1,0
1594,2018,3,2,1,0,0,0,1,0,0,0
1599,2017,2,2,0,0,0,0,0,0,0,0
1607,2020,1,1,0,0,0,0,0,0,1,0
1651,2021,1,1,0,0,0,0,0,0,0,0
1666,2018,3,3,0,0,0,0,0,0,2,0
1666,2021,1,1,0,0,0,0,0,0,1,0
1814,2019,2,2,1,0,0,0,0,0,0,0
1820,2019,3,3,0,0,0,0,0,0,1,0
1858,2018,6,4,3,1,0,0,1,0,0,1
1858,2019,2,2,0,0,0,0,0,0,1,0
1908,2017,5,5,1,0,0,0,0,0,1,0
1908,2018,2,1,0,0,0,0,0,1,0,0
1917,2020,1,1,0,0,0,0,0,0,1,0
1966,2018,3,2,1,0,0,0,1,0,0,0
1971,2021,1,1,1,0,0,0,0,0,0,0
1974,2021,1,1,0,0,0,0,0,0,1,0
1991,2017,2,2,0,0,0,0,0,0,2,0
2011,2018,1,1,0,0,0,0,0,0,0,0
2022,2017,2,2,0,0,0,0,0,0,0,0
2022,2018,3,3,0,0,0,0,0,0,0,0
2079,2019,1,1,0,0,0,0,0,0,0,0
2083,2017,1,1,0,0,0,0,0,0,1,0
2124,2019,2,2,0,0,0,0,0,0,0,0
2124,2021,1,1,0,0,0,0,0,0,1,0
2161,2017,2,2,0,0,0,0,0,0,2,0
2161,2018,1,1,0,0,0,0,0,0,1,0
2175,2018,5,4,1,1,0,0,0,1,1,0
2212,2018,3,3,2,0,0,0,0,0,0,0
2212,2019,3,3,0,0,0,0,0,0,1,0
2215,2018,1,1,0,0,0,0,0,0,0,0
2232,2018,1,1,1,0,0,0,0,0,0,0
2236,2018,3,3,0,0,0,0,0,0,0,0
2236,2019,1,1,0,0,0,0,0,0,0,0
2236,2021,1,1,0,0,0,0,0,0,0,0
2268,2017,3,2,1,0,0,1,1,0,0,0
2268,2018,1,1,0,0,0,0,0,0,1,0
2268,2019,1,1,0,0,0,0,0,0,1,0
2368,2019,2,2,1,0,0,0,0,0,0,0
2388,2018,1,1,1,0,0,0,0,0,0,0
2449,2021,1,1,0,0,0,0,0,0,1,0
2450,2017,1,0,0,0,0,0,1,0,0,0
2459,2021,1,1,1,1,0,0,0,0,0,0
2490,2021,1,1,1,0,0,0,0,0,0,0
2690,2019,1,0,0,0,0,0,1,0,0,0
2731,2018,3,3,1,0,0,0,0,0,1,0
2878,2018,1,1,1,0,0,0,0,0,0,0
2914,2019,2,2,0,0,0,0,0,0,1,0
2914,2020,1,1,0,0,0,0,0,0,0,0
3022,2020,1,1,0,0,0,0,0,0,0,0
3073,2019,3,3,0,0,0,0,0,0,1,0
3080,2017,1,0,0,0,0,0,1,0,0,0
3088,2018,1,1,1,0,0,1,0,0,0,0
3088,2019,1,1,0,0,0,0,0,0,0,0
3154,2017,1,1,1,0,0,0,0,0,0,0
3154,2019,1,1,0,0,0,0,0,0,0,0
3231,2018,2,1,0,0,0,0,1,0,1,0
3336,2021,1,0,0,0,0,0,1,0,0,0
3347,2017,7,6,3,0,0,0,1,0,2,0
3347,2018,2,2,0,0,0,0,0,0,0,0
3394,2018,1,0,0,0,0,0,0,1,0,0
3404,2017,1,1,0,0,0,0,0,0,1,0
3404,2018,3,2,1,0,0,0,1,0,1,0
3411,2018,1,1,0,0,0,0,0,0,0,0
3415,2019,1,1,0,0,0,0,0,0,0,0
3434,2017,2,2,0,0,0,0,0,0,1,0
3447,2019,1,0,0,0,0,0,0,1,0,0
3574,2018,2,1,1,0,0,0,0,1,0,0
3580,2019,1,1,0,0,0,0,0,0,0,0
3612,2019,1,1,1,0,0,0,0,0,0,0
3724,2019,1,1,1,0,0,0,0,0,0,0
3724,2020,3,2,2,0,0,0,1,0,0,0
3758,2019,1,1,0,0,0,0,0,0,0,0
3760,2018,1,1,0,0,0,0,0,0,0,0
3784,2018,3,2,1,0,0,0,1,0,1,0
3784,2019,2,1,0,0,0,0,1,0,0,0
3785,2017,3,3,2,0,0,0,0,0,0,0
3827,2017,1,1,0,0,0,0,0,0,0,0
3876,2017,1,1,0,0,0,0,0,0,0,0
3933,2017,2,2,0,0,0,0,0,0,2,0
3933,2021,1,0,0,0,0,0,1,0,0,0
3968,2017,2,2,0,0,0,0,0,0,0,0
3968,2018,5,3,1,1,0,0,2,0,0,0
3969,2017,2,2,1,0,0,0,0,0,1,0
3969,2019,2,1,1,1,0,0,0,1,0,0
3975,2017,1,1,1,0,0,0,0,0,0,0
4029,2018,7,7,0,0,0,0,0,0,4,0
4046,2021,1,1,0,0,0,0,0,0,1,0
4055,2018,1,1,0,0,0,0,0,0,1,0
4055,2019,1,1,0,0,0,0,0,0,0,0
4077,2018,3,3,1,1,0,0,0,0,0,0
4087,2017,3,2,0,0,0,0,1,0,1,0
4087,2018,3,2,1,0,0,0,1,0,0,0
4087,2019,1,1,0,0,0,0,0,0,0,0
4110,2019,2,2,1,1,0,0,0,0,0,0
4130,2021,1,1,1,0,0,0,0,0,0,0
4159,2020,2,1,1,0,0,0,1,0,0,0
4170,2018,1,1,0,0,0,0,0,0,0,0
4182,2018,2,1,0,0,0,0,1,0,0,0
4184,2018,6,6,3,0,0,0,0,0,0,0
4207,2017,1,1,0,0,0,0,0,0,1,0
4236,2018,2,1,1,0,0,0,1,0,0,0
4244,2021,1,1,0,0,0,0,0,0,1,0
4254,2018,1,1,0,0,0,0,0,0,0,0
4281,2018,3,1,1,1,0,0,1,1,0,0
4292,2017,2,1,0,0,0,0,1,0,0,0
4292,2018,3,3,1,1,0,0,0,0,2,0
4302,2018,1,1,0,0,0,0,0,0,1,0
4302,2019,2,1,1,1,0,0,0,1,0,0
4396,2018,1,0,0,0,0,0,0,1,0,0
4408,2019,1,0,0,0,0,0,1,0,0,0
4409,2020,1,1,0,0,0,0,0,0,0,0
4415,2018,1,1,1,0,0,0,0,0,0,0
4504,2017,2,2,1,1,0,0,0,0,0,0
4514,2017,1,1,0,0,0,0,0,0,0,0
4543,2018,3,3,1,1,0,0,0,0,0,0
4561,2018,3,3,1,1,0,0,0,0,0,0
4579,2019,1,1,0,0,0,0,0,0,0,0
4610,2018,3,2,0,0,0,0,1,0,2,0
4612,2018,1,1,1,0,0,0,0,0,0,0
4715,2018,1,1,0,0,0,0,0,0,1,0
4757,2018,6,6,3,1,0,1,0,0,0,0
4757,2019,4,3,1,0,0,0,1,0,1,0
4800,2017,1,1,0,0,0,0,0,0,0,0
4810,2018,1,0,0,0,0,0,1,0,0,0
4810,2019,1,1,0,0,0,0,0,0,0,0
4810,2021,3,3,2,0,0,1,0,0,1,0
4821,2021,2,2,1,0,0,0,0,0,0,0
4823,2017,1,1,0,0,0,0,0,0,1,0
4828,2021,1,1,0,0,0,0,0,0,0,0
4886,2017,1,1,0,0,0,0,0,0,0,0
4892,2018,1,0,0,0,0,0,1,0,0,0
4896,2018,6,6,2,0,0,0,0,0,0,0
4946,2018,1,1,0,0,0,0,0,0,0,0
4961,2018,3,2,0,0,0,0,0,1,0,0
4979,2021,1,1,0,0,0,0,0,0,0,0
4994,2018,2,2,1,0,0,0,0,0,1,0
5016,2019,3,2,0,0,0,0,1,0,1,0
5023,2019,1,1,0,0,0,0,0,0,1,0
5040,2019,1,1,1,0,0,0,0,0,0,0
5075,2020,1,1,1,0,0,0,0,0,0,0
5089,2017,3,2,2,1,0,0,0,1,0,0
5089,2018,1,1,0,0,0,0,0,0,0,0
5089,2019,1,1,0,0,0,0,0,0,1,0
5093,2017,2,2,1,0,0,0,0,0,0,0
5107,2021,2,1,0,0,0,0,1,0,0,0
5234,2019,1,1,0,0,0,0,0,0,0,0
5258,2018,2,2,2,0,0,0,0,0,0,0
5312,2018,1,0,0,0,0,0,1,0,0,0
5329,2017,1,1,0,0,0,0,0,0,1,0
5339,2017,2,2,0,0,0,0,0,0,2,0
5339,2018,2,2,1,0,0,0,0,0,0,0
5427,2019,1,1,0,0,0,0,0,0,1,0
5462,2017,2,2,0,0,0,0,0,0,0,0
5487,2018,1,1,0,0,0,0,0,0,1,0
5507,2018,2,2,0,0,0,0,0,0,1,0
5507,2019,1,1,0,0,0,0,0,0,0,0
5515,2017,3,3,2,1,0,0,0,0,0,0
5527,2018,3,2,0,0,0,0,1,0,0,0
5527,2019,1,1,0,0,0,0,0,0,1,0
5563,2018,3,3,1,0,0,0,0,0,0,0
5707,2019,2,2,0,0,0,0,0,0,1,0
5719,2017,1,1,0,0,0,0,0,0,0,0
5754,2019,2,2,0,0,0,0,0,0,1,0
5773,2021,1,1,0,0,0,0,0,0,0,0
5777,2019,5,5,1,0,0,0,0,0,1,0
5782,2017,1,1,0,0,0,0,0,0,0,0
5782,2018,1,0,0,0,0,0,1,0,0,0
5785,2021,1,0,0,0,0,0,1,0,0,0
5788,2019,2,0,0,0,0,0,2,0,0,0
5799,2019,1,0,0,0,0,0,1,0,0,0
5819,2019,1,1,0,0,0,0,0,0,1,0
5845,2019,3,3,1,0,0,0,0,0,1,0
5883,2017,1,1,0,0,0,0,0,0,0,0
5883,2018,2,2,1,0,0,0,0,0,1,0
5883,2021,1,1,0,0,0,0,0,0,0,0
5905,2018,1,1,1,0,0,1,0,0,0,0
5905,2019,1,0,0,0,0,0,1,0,0,0
5905,2021,1,1,0,0,0,0,0,0,0,0
5961,2017,1,1,1,0,0,0,0,0,0,0
5990,2017,2,1,0,0,0,0,0,0,1,1
6091,2021,4,3,0,0,0,0,0,1,1,0
6157,2021,1,0,0,0,0,0,1,0,0,0
6251,2017,1,1,1,0,0,0,0,0,0,0
6253,2021,2,2,0,0,0,0,0,0,1,0
6261,2017,1,1,1,0,0,0,0,0,0,0
6273,2018,7,7,1,0,0,1,0,0,2,0
6280,2019,1,1,1,0,0,0,0,0,0,0
6356,2017,3,3,0,0,0,0,0,0,3,0
6384,2020,1,0,0,0,0,0,1,0,0,0
6461,2017,8,6,2,0,0,1,2,0,3,0
6461,2018,2,2,1,0,0,0,0,0,1,0
6482,2019,3,3,0,0,0,0,0,0,1,0
6483,2018,2,2,0,0,0,0,0,0,0,0
6585,2018,3,3,1,1,0,0,0,0,1,0
6588,2019,3,2,0,0,0,0,1,0,1,0
6592,2019,1,1,0,0,0,0,0,0,0,0
6595,2017,1,1,1,0,0,1,0,0,0,0
6601,2017,3,2,0,0,0,0,0,1,0,0
6604,2019,1,1,0,0,0,0,0,0,0,0
6632,2018,1,1,0,0,0,0,0,0,1,0
6634,2019,1,1,0,0,0,0,0,0,1,0
6672,2020,2,2,1,0,0,0,0,0,1,0
6682,2018,3,2,0,0,0,0,1,0,2,0
6749,2017,1,1,0,0,0,0,0,0,1,0
6757,2019,1,1,0,0,0,0,0,0,1,0
6773,2021,2,1,0,0,0,0,1,0,0,0
6810,2017,3,3,1,0,0,0,0,0,2,0
6810,2018,3,3,0,0,0,0,0,0,0,0
6833,2020,1,1,0,0,0,0,0,0,0,0
6845,2021,2,2,1,0,0,0,0,0,0,0
6854,2018,1,1,0,0,0,0,0,0,0,0
6873,2019,3,3,0,0,0,0,0,0,1,0
6915,2018,1,1,0,0,0,0,0,0,1,0
6961,2017,2,2,1,0,0,1,0,0,0,0
7058,2018,3,2,0,0,0,0,1,0,0,0
7101,2017,1,1,1,1,0,0,0,0,0,0
7101,2018,1,1,0,0,0,0,0,0,1,0
7101,2019,1,1,0,0,0,0,0,0,1,0
7111,2017,1,1,0,0,0,0,0,0,1,0
7137,2018,1,1,0,0,0,0,0,0,1,0
7207,2020,1,1,1,0,0,0,0,0,0,0
7211,2019,1,1,0,0,0,0,0,0,1,0
7220,2017,1,1,0,0,0,0,0,0,0,0
7239,2018,1,1,0,0,0,0,0,0,1,0
7306,2019,1,0,0,0,0,0,1,0,0,0
7332,2017,3,3,1,1,0,0,0,0,1,0
7345,2019,2,2,0,0,0,0,0,0,0,0
7345,2021,1,1,0,0,0,0,0,0,1,0
7352,2020,1,1,0,0,0,0,0,0,1,0
7379,2018,3,3,0,0,0,0,0,0,1,0
7442,2017,1,1,0,0,0,0,0,0,0,0
7456,2017,2,0,0,0,0,0,2,0,0,0
7456,2019,3,3,1,0,0,0,0,0,0,0
7459,2021,1,1,1,1,0,0,0,0,0,0
7460,2021,3,2,0,0,0,0,0,0,0,0
7485,2018,2,2,0,0,0,0,0,0,0,0
7524,2017,1,1,0,0,0,0,0,0,0,0
7541,2017,5,5,1,0,1,0,0,0,2,0
7551,2017,1,1,0,0,0,0,0,0,0,0
7881,2017,4,3,0,0,0,0,1,0,1,0
7881,2018,2,0,0,0,0,0,2,0,0,0
7926,2018,3,1,0,0,0,0,2,0,0,0
7996,2019,1,1,0,0,0,0,0,0,0,0
8015,2018,3,2,0,0,0,0,1,0,2,0
8052,2017,1,1,0,0,0,0,0,0,0,0
8052,2018,1,1,0,0,0,0,0,0,1,0
8133,2021,2,2,0,0,0,0,0,0,1,0
8205,2017,2,2,1,0,1,0,0,0,0,0
8250,2019,2,2,2,1,0,1,0,0,0,0
8252,2018,2,1,0,0,0,0,1,0,0,0
8334,2017,2,2,0,0,0,0,0,0,0,0
8354,2017,1,0,0,0,0,0,1,0,0,0
8356,2017,6,5,2,0,0,0,1,0,2,0
8356,2019,3,3,2,1,0,0,0,0,1,0
8356,2021,1,0,0,0,0,0,1,0,0,0
8408,2019,1,1,1,0,0,0,0,0,0,0
8424,2017,3,3,0,0,0,0,0,0,1,0
8424,2018,1,1,0,0,0,0,0,0,1,0
8430,2018,2,2,0,0,0,0,0,0,1,0
8430,2019,2,2,0,0,0,0,0,0,0,0
8456,2018,3,3,0,0,0,0,0,0,1,0
8504,2019,1,1,0,0,0,0,0,0,0,0
8579,2017,2,2,0,0,0,0,0,0,2,0
8579,2018,1,1,1,0,0,0,0,0,0,0
8584,2017,1,1,0,0,0,0,0,0,0,0
8592,2019,1,0,0,0,0,0,1,0,0,0
8634,2021,2,2,1,0,0,0,0,0,0,0
8643,2017,1,1,0,0,0,0,0,0,1,0
8643,2018,1,1,0,0,0,0,0,0,1,0
8679,2019,2,2,1,0,0,0,0,0,1,0
8690,2018,2,1,0,0,0,0,1,0,0,0
8700,2017,1,1,0,0,0,0,0,0,1,0
8700,2018,2,2,0,0,0,0,0,0,2,0
8700,2019,1,1,0,0,0,0,0,0,0,0
8751,2020,1,1,0,0,0,0,0,0,1,0
8789,2018,1,1,0,0,0,0,0,0,0,0
8798,2017,1,1,0,0,0,0,0,0,0,0
8799,2018,1,1,0,0,0,0,0,0,0,0
8823,2017,3,2,0,0,0,0,0,1,0,0
8880,2019,1,0,0,0,0,0,1,0,0,0
8914,2017,2,2,1,0,0,0,0,0,0,0
8914,2018,3,2,1,0,0,1,1,0,0,0
8914,2019,1,1,1,0,0,0,0,0,0,0
8982,2017,1,1,0,0,0,0,0,0,1,0
8982,2019,1,1,1,0,0,0,0,0,0,0
9005,2017,1,1,0,0,0,0,0,0,1,0
9109,2019,2,2,1,0,0,0,0,0,0,0
9129,2017,2,2,0,0,0,0,0,0,2,0
9129,2018,2,2,1,0,0,1,0,0,0,0
9129,2019,3,3,1,0,0,0,0,0,0,0
9129,2021,1,1,0,0,0,0,0,0,1,0
9143,2018,5,5,2,0,0,0,0,0,1,0
9143,2019,2,2,0,0,0,0,0,0,0,0
9196,2017,1,1,0,0,0,0,0,0,0,0
9196,2018,2,2,1,0,0,0,0,0,0,0
9198,2018,11,9,2,1,0,0,2,0,3,0
9198,2019,9,7,1,1,0,0,2,0,3,0
9269,2017,2,1,0,0,0,0,1,0,0,0
9322,2018,1,0,0,0,0,0,0,1,0,0
9326,2017,2,2,0,0,0,0,0,0,0,0
9334,2017,3,3,1,0,0,0,0,0,1,0
9342,2018,2,1,1,0,0,0,1,0,0,0
9342,2019,1,1,0,0,0,0,0,0,0,0
9343,2021,2,2,0,0,0,0,0,0,0,0
9354,2017,1,1,0,0,0,0,0,0,1,0
9359,2018,1,1,0,0,0,0,0,0,1,0
9420,2019,3,3,1,0,0,0,0,0,1,0
9526,2021,1,1,0,0,0,0,0,0,0,0
9576,2019,2,1,0,0,0,0,1,0,0,0
9594,2018,2,2,1,1,0,0,0,0,1,0
9629,2018,1,1,0,0,0,0,0,0,0,0
9761,2018,2,2,0,0,0,0,0,0,1,0
9762,2019,3,3,2,0,0,0,0,0,1,0
9774,2018,2,2,1,0,0,0,0,0,1,0
9774,2019,5,5,1,1,0,0,0,0,2,0
9781,2017,2,2,0,0,0,0,0,0,1,0
9813,2021,2,2,1,0,0,0,0,0,1,0
9844,2018,1,1,1,1,0,0,0,0,0,0
9844,2019,1,1,1,0,0,0,0,0,0,0
9886,2018,3,2,0,0,0,0,0,1,0,0
9902,2019,1,1,0,0,0,0,0,0,0,0
9995,2018,1,1,0,0,0,0,0,0,1,0
10066,2017,1,0,0,0,0,0,1,0,0,0
10069,2017,4,4,0,0,0,0,0,0,1,0
10069,2018,3,3,1,1,0,0,0,0,1,0
10069,2019,8,6,1,0,0,0,2,0,1,0
10101,2017,2,1,0,0,0,0,1,0,1,0
10111,2017,9,7,0,0,0,0,2,0,4,0
10111,2018,6,4,0,0,0,0,0,1,2,1
10111,2019,3,2,1,0,0,1,1,0,1,0
10118,2019,2,2,1,0,0,0,0,0,0,0
10138,2019,1,1,0,0,0,0,0,0,0,0
10214,2017,2,2,0,0,0,0,0,0,0,0
10214,2018,1,1,0,0,0,0,0,0,0,0
10252,2017,2,2,1,0,0,1,0,0,0,0
10264,2019,1,1,0,0,0,0,0,0,0,0
10288,2018,7,6,1,0,0,0,1,0,4,0
10389,2018,2,2,1,1,0,0,0,0,0,0
10474,2017,5,5,0,0,0,0,0,0,3,0
10474,2018,5,4,3,0,0,1,1,0,0,0
10477,2018,1,1,0,0,0,0,0,0,0,0
10488,2019,2,2,1,0,0,0,0,0,0,0
10503,2017,1,1,0,0,0,0,0,0,0,0
10565,2017,2,2,0,0,0,0,0,0,0,0
10623,2021,1,1,0,0,0,0,0,0,1,0
10650,2018,6,3,1,0,0,0,2,1,0,0
10650,2019,2,2,1,0,0,0,0,0,1,0
10657,2018,3,3,0,0,0,0,0,0,0,0
10706,2018,1,1,0,0,0,0,0,0,1,0
10708,2019,3,2,0,0,0,0,1,0,2,0
10708,2021,2,2,1,0,0,1,0,0,1,0
10733,2017,1,0,0,0,0,0,0,0,0,0
10737,2019,1,1,1,0,0,0,0,0,0,0
10766,2020,1,1,0,0,0,0,0,0,0,0
10766,2021,2,1,0,0,0,0,1,0,0,0
10823,2021,1,1,0,0,0,0,0,0,1,0
10878,2019,3,3,0,0,0,0,0,0,1,0
10946,2021,2,1,0,0,0,0,1,0,1,0
10988,2018,1,1,0,0,0,0,0,0,0,0
10991,2021,2,2,0,0,0,0,0,0,2,0
11020,2021,1,0,0,0,0,0,1,0,0,0
11084,2017,1,1,0,0,0,0,0,0,1,0
11099,2021,1,0,0,0,0,0,0,0,0,1
11102,2017,2,1,0,0,0,0,1,0,0,0
11102,2018,3,3,0,0,0,0,0,0,0,0
11106,2017,1,1,0,0,0,0,0,0,0,0
11127,2017,3,3,0,0,0,0,0,0,2,0
11127,2019,2,2,0,0,0,0,0,0,1,0
11128,2021,1,1,0,0,0,0,0,0,1,0
11139,2017,1,0,0,0,0,0,0,0,0,1
11139,2019,1,1,0,0,0,0,0,0,0,0
11204,2018,1,1,0,0,0,0,0,0,1,0
11251,2017,2,1,1,1,0,0,1,0,0,0
11251,2018,3,3,0,0,0,0,0,0,1,0
11251,2019,3,3,0,0,0,0,0,0,1,0
11262,2019,1,1,0,0,0,0,0,0,0,0
11325,2017,2,2,1,0,0,0,0,0,0,0
11330,2018,2,2,0,0,0,0,0,0,0,0
11353,2017,3,1,0,0,0,0,1,1,0,0
11354,2017,3,2,0,0,0,0,1,0,0,0
11354,2019,2,2,1,0,0,0,0,0,0,0
11354,2021,2,2,0,0,0,0,0,0,0,0
11465,2019,2,2,0,0,0,0,0,0,1,0
11484,2017,5,5,1,0,0,0,0,0,2,0
11524,2017,1,1,1,0,0,0,0,0,0,0
11598,2017,2,2,0,0,0,0,0,0,0,0
11602,2018,1,1,0,0,0,0,0,0,0,0
11602,2019,1,1,0,0,0,0,0,0,0,0
11602,2020,1,1,1,0,0,0,0,0,0,0
11608,2018,2,2,2,0,0,1,0,0,0,0
11686,2017,1,1,1,0,0,0,0,0,0,0
11686,2018,2,2,0,0,0,0,0,0,2,0
11773,2017,2,2,0,0,0,0,0,0,0,0
11814,2018,4,2,2,1,0,0,1,1,0,0
11839,2018,1,1,0,0,0,0,0,0,1,0
11841,2017,3,2,0,0,0,0,1,0,0,0
11841,2018,3,3,1,0,0,0,0,0,1,0
11878,2019,1,1,0,0,0,0,0,0,1,0
11893,2018,1,1,1,0,0,0,0,0,0,0
11904,2017,2,0,0,0,0,0,2,0,0,0
11940,2019,4,4,1,0,1,0,0,0,2,0
11957,2019,3,2,0,0,0,0,1,0,0,0
12046,2018,2,2,1,0,0,0,0,0,1,0
12090,2021,1,1,0,0,0,0,0,0,0,0
12106,2021,1,1,0,0,0,0,0,0,0,0
12251,2021,1,1,0,0,0,0,0,0,1,0
12361,2018,1,1,0,0,0,0,0,0,0,0
12416,2021,1,1,0,0,0,0,0,0,0,0
12446,2017,1,1,0,0,0,0,0,0,1,0
12446,2019,1,1,1,1,0,0,0,0,0,0
12477,2017,3,3,0,0,0,0,0,0,2,0
12487,2021,1,1,0,0,0,0,0,0,1,0
12508,2019,1,1,0,0,0,0,0,0,1,0
12524,2017,2,2,1,0,0,0,0,0,1,0
12532,2017,1,0,0,0,0,0,1,0,0,0
12532,2018,2,1,0,0,0,0,1,0,0,0
12532,2019,1,1,0,0,0,0,0,0,1,0
12552,2017,1,1,0,0,0,0,0,0,0,0
12552,2018,1,0,0,0,0,0,1,0,0,0
12552,2019,1,1,0,0,0,0,0,0,0,0
12576,2017,3,2,2,0,0,0,1,0,0,0
12592,2020,2,2,0,0,0,0,0,0,1,0
12656,2017,1,0,0,0,0,0,1,0,0,0
12656,2018,3,2,0,0,0,0,1,0,1,0
12663,2018,3,3,0,0,0,0,0,0,2,0
