35,2015,1,1,0,0,0,0,0,0,1,0
60,2011,1,1,0,0,0,0,0,0,0,0
116,2015,1,1,1,0,0,0,0,0,0,0
118,2015,1,1,1,0,0,0,0,0,0,0
228,2015,1,1,0,0,0,0,0,0,0,0
376,2015,1,1,1,0,0,1,0,0,0,0
380,2011,1,1,0,0,0,0,0,0,1,0
479,2011,1,1,0,0,0,0,0,0,0,0
629,2015,3,3,0,0,0,0,0,0,1,0
635,2016,1,1,0,0,0,0,0,0,0,0
733,2011,2,2,1,1,0,0,0,0,0,0
774,2015,1,1,0,0,0,0,0,0,0,0
786,2014,1,1,0,0,0,0,0,0,1,0
794,2011,1,1,0,0,0,0,0,0,0,0
812,2011,1,1,0,0,0,0,0,0,1,0
881,2011,1,1,0,0,0,0,0,0,0,0
1206,2015,2,2,2,0,0,1,0,0,0,0
1289,2012,1,1,0,0,0,0,0,0,0,0
1289,2015,2,2,1,0,0,0,0,0,0,0
1337,2014,1,1,0,0,0,0,0,0,0,0
1477,2016,3,3,0,0,0,0,0,0,2,0
1495,2011,3,3,1,0,0,1,0,0,0,0
1514,2011,10,10,2,1,0,0,0,0,2,0
1570,2011,1,1,0,0,0,0,0,0,0,0
1773,2015,1,1,0,0,0,0,0,0,0,0
1952,2016,1,1,1,0,0,0,0,0,0,0
1991,2016,1,1,0,0,0,0,0,0,1,0
2089,2011,2,2,0,0,0,0,0,0,1,0
2129,2016,1,1,0,0,0,0,0,0,0,0
2205,2011,2,1,0,0,0,0,1,0,0,0
2228,2011,2,2,0,0,0,0,0,0,1,0
2322,2012,3,3,1,0,0,0,0,0,0,0
2358,2011,3,3,1,0,0,0,0,0,0,0
2369,2014,3,3,1,0,0,0,0,0,0,0
2478,2011,1,1,0,0,0,0,0,0,0,0
2525,2011,3,3,0,0,0,0,0,0,0,0
2590,2015,5,4,1,0,0,0,1,0,1,0
2731,2016,1,1,0,0,0,0,0,0,1,0
2793,2011,1,1,0,0,0,0,0,0,0,0
2810,2011,6,4,0,0,0,0,1,0,2,0
2911,2011,3,2,2,0,0,0,1,0,0,0
2911,2015,3,3,0,0,0,0,0,0,0,0
3011,2014,1,1,0,0,0,0,0,0,0,0
3070,2015,1,1,0,0,0,0,0,0,0,0
3073,2015,1,1,0,0,0,0,0,0,1,0
3073,2016,4,4,1,0,0,0,0,0,3,0
3086,2015,1,1,1,0,0,0,0,0,0,0
3154,2016,1,1,0,0,0,0,0,0,0,0
3231,2015,2,1,1,0,0,1,1,0,0,0
3411,2014,1,1,0,0,0,0,0,0,1,0
3440,2015,1,1,0,0,0,0,0,0,1,0
3475,2015,1,1,0,0,0,0,0,0,0,0
3497,2015,1,1,0,0,0,0,0,0,0,0
3748,2011,1,1,0,0,0,0,0,0,0,0
3776,2011,1,0,0,0,0,0,1,0,0,0
3968,2014,2,2,0,0,0,0,0,0,0,0
3968,2016,2,2,2,0,0,0,0,0,0,0
4029,2015,2,2,0,0,0,0,0,0,1,0
4087,2016,1,1,0,0,0,0,0,0,1,0
4207,2015,1,1,0,0,0,0,0,0,1,0
4243,2015,1,1,0,0,0,0,0,0,0,0
4260,2015,1,0,0,0,0,0,1,0,0,0
4292,2015,3,2,0,0,0,0,0,0,0,1
4361,2011,1,1,1,0,0,0,0,0,0,0
4449,2015,1,1,0,0,0,0,0,0,1,0
4571,2011,1,0,0,0,0,0,1,0,0,0
4610,2011,2,2,1,0,0,1,0,0,1,0
4610,2012,3,3,0,0,0,0,0,0,2,0
4611,2011,3,3,1,1,0,0,0,0,0,0
4715,2014,1,1,1,0,0,0,0,0,0,0
4757,2015,2,2,0,0,0,0,0,0,0,0
4810,2015,1,1,0,0,0,0,0,0,0,0
4819,2016,1,1,0,0,0,0,0,0,0,0
4853,2011,1,1,0,0,0,0,0,0,0,0
4886,2011,1,1,0,0,0,0,0,0,1,0
4886,2012,1,1,0,0,0,0,0,0,1,0
4887,2011,1,1,0,0,0,0,0,0,0,0
4946,2016,1,1,0,0,0,0,0,0,0,0
5053,2015,1,1,0,0,0,0,0,0,0,0
5053,2016,1,1,0,0,0,0,0,0,0,0
5093,2016,3,2,1,0,0,0,1,0,1,0
5149,2011,1,1,1,0,0,0,0,0,0,0
5234,2011,6,5,1,0,0,0,1,0,2,0
5243,2011,3,2,1,1,0,0,0,0,1,1
5258,2015,2,2,1,0,0,0,0,0,1,0
5258,2016,3,3,1,0,0,1,0,0,2,0
5293,2014,1,1,0,0,0,0,0,0,0,0
5326,2011,2,2,0,0,0,0,0,0,2,0
5384,2011,2,2,2,0,0,0,0,0,0,0
5487,2015,1,1,0,0,0,0,0,0,0,0
5515,2011,1,1,0,0,0,0,0,0,1,0
5515,2016,3,2,1,0,0,0,1,0,1,0
5516,2011,2,2,0,0,0,0,0,0,0,0
5743,2011,2,2,0,0,0,0,0,0,0,0
5819,2011,3,2,2,1,0,0,1,0,0,0
5851,2014,3,3,0,0,0,0,0,0,1,0
5883,2011,1,1,0,0,0,0,0,0,1,0
5938,2016,1,1,1,0,0,0,0,0,0,0
5961,2015,1,1,1,0,0,0,0,0,0,0
6069,2015,1,1,1,1,0,0,0,0,0,0
6261,2015,1,1,0,0,0,0,0,0,1,0
6279,2011,3,3,1,1,0,0,0,0,1,0
6292,2011,3,2,0,0,0,0,1,0,1,0
6378,2014,3,3,0,0,0,0,0,0,3,0
6378,2015,3,3,0,0,0,0,0,0,0,0
6429,2011,1,1,1,0,0,0,0,0,0,0
6431,2011,7,5,1,0,0,1,2,0,3,0
6450,2011,2,2,0,0,0,0,0,0,1,0
6495,2015,5,5,3,0,1,1,0,0,0,0
6502,2011,2,2,1,1,0,0,0,0,0,0
6569,2011,1,1,1,0,0,0,0,0,0,0
6591,2011,2,2,0,0,0,0,0,0,2,0
6612,2011,2,2,0,0,0,0,0,0,0,0
6617,2015,1,1,0,0,0,0,0,0,0,0
6640,2011,3,2,1,0,0,0,1,0,0,0
6685,2012,1,1,0,0,0,0,0,0,1,0
6707,2015,1,0,0,0,0,0,1,0,0,0
6778,2011,3,2,1,1,0,0,1,0,0,0
6867,2011,1,0,0,0,0,0,1,0,0,0
6895,2011,1,1,1,0,0,0,0,0,0,0
6913,2011,2,2,0,0,0,0,0,0,0,0
7013,2011,2,1,0,0,0,0,1,0,0,0
7055,2014,1,1,1,0,0,1,0,0,0,0
7055,2016,1,1,1,0,0,0,0,0,0,0
7086,2015,1,1,0,0,0,0,0,0,0,0
7149,2011,1,1,1,1,0,0,0,0,0,0
7173,2011,2,1,1,0,0,0,1,0,0,0
7194,2011,2,2,1,0,0,0,0,0,1,0
7207,2016,1,1,0,0,0,0,0,0,0,0
7239,2016,3,3,2,0,0,0,0,0,1,0
7324,2011,2,2,1,0,0,0,0,0,1,0
7345,2011,1,1,0,0,0,0,0,0,0,0
7456,2011,1,1,0,0,0,0,0,0,0,0
7456,2012,3,3,1,0,0,0,0,0,1,0
7521,2015,2,2,2,1,0,0,0,0,0,0
7551,2015,1,1,0,0,0,0,0,0,1,0
7565,2011,1,1,0,0,0,0,0,0,0,0
7926,2016,3,3,0,0,0,0,0,0,3,0
7941,2015,1,1,1,0,0,0,0,0,0,0
8016,2011,2,2,1,0,0,0,0,0,0,0
8028,2011,1,1,1,0,0,0,0,0,0,0
8052,2016,1,1,0,0,0,0,0,0,0,0
8058,2011,2,2,0,0,0,0,0,0,1,0
8058,2014,1,1,0,0,0,0,0,0,0,0
8058,2015,1,1,1,0,0,0,0,0,0,0
8223,2015,2,0,0,0,0,0,2,0,0,0
8237,2015,1,1,0,0,0,0,0,0,0,0
8294,2011,3,3,1,0,0,0,0,0,0,0
8334,2011,6,6,3,1,0,0,0,0,1,0
8354,2011,3,1,0,0,0,0,2,0,1,0
8423,2011,1,1,0,0,0,0,0,0,0,0
8424,2016,1,1,0,0,0,0,0,0,0,0
8437,2011,1,1,0,0,0,0,0,0,1,0
8451,2011,3,3,0,0,0,0,0,0,1,0
8512,2011,2,2,0,0,0,0,0,0,0,0
8581,2011,3,3,0,0,0,0,0,0,0,0
8584,2016,1,1,0,0,0,0,0,0,0,0
8592,2012,1,1,0,0,0,0,0,0,0,0
8609,2015,3,3,1,1,0,0,0,0,0,0
8619,2011,2,1,0,0,0,0,1,0,0,0
8710,2011,3,2,0,0,0,0,0,0,1,0
8718,2016,1,1,1,0,0,0,0,0,0,0
8823,2015,2,2,0,0,0,0,0,0,0,0
8852,2011,1,0,0,0,0,0,1,0,0,0
8914,2016,2,1,0,0,0,0,1,0,0,0
8940,2015,2,2,0,0,0,0,0,0,2,0
9066,2015,2,2,0,0,0,0,0,0,1,0
9129,2012,2,2,0,0,0,0,0,0,1,0
9198,2015,6,6,3,1,0,0,0,0,3,0
9250,2015,1,1,0,0,0,0,0,0,1,0
9251,2011,1,1,0,0,0,0,0,0,0,0
9255,2011,1,1,0,0,0,0,0,0,1,0
9269,2015,3,3,1,0,0,0,0,0,0,0
9356,2016,1,1,0,0,0,0,0,0,0,0
9513,2011,3,2,0,0,0,0,1,0,2,0
9546,2011,1,1,1,0,0,0,0,0,0,0
9550,2011,1,1,0,0,0,0,0,0,0,0
9576,2011,3,2,0,0,0,0,1,0,0,0
9576,2012,3,3,1,1,0,0,0,0,1,0
9581,2015,3,2,0,0,0,0,1,0,2,0
9581,2016,3,3,1,0,0,0,0,0,2,0
9688,2015,2,2,0,0,0,0,0,0,1,0
9739,2015,1,1,0,0,0,0,0,0,1,0
9762,2015,3,3,0,0,0,0,0,0,2,0
9764,2011,2,2,0,0,0,0,0,0,2,0
9774,2015,3,3,1,0,0,0,0,0,1,0
9844,2016,1,1,0,0,0,0,0,0,0,0
9902,2011,1,1,0,0,0,0,0,0,1,0
9906,2015,1,1,0,0,0,0,0,0,0,0
9954,2014,1,0,0,0,0,0,0,1,0,0
10019,2015,1,1,0,0,0,0,0,0,0,0
10040,2011,3,3,1,1,0,0,0,0,0,0
10069,2015,4,4,1,0,0,0,0,0,0,0
10111,2011,1,1,1,0,0,0,0,0,0,0
10111,2015,3,3,0,0,0,0,0,0,2,0
10118,2011,1,1,0,0,0,0,0,0,0,0
10142,2011,1,0,0,0,0,0,1,0,0,0
10214,2015,3,3,0,0,0,0,0,0,3,0
10227,2011,1,1,0,0,0,0,0,0,1,0
10249,2011,9,8,4,0,0,0,1,0,0,0
10249,2012,3,3,0,0,0,0,0,0,2,0
10503,2011,1,1,1,0,0,0,0,0,0,0
10503,2012,1,0,0,0,0,0,1,0,0,0
10565,2015,2,2,1,0,0,0,0,0,1,0
10574,2015,2,2,0,0,0,0,0,0,1,0
10609,2015,3,3,1,0,0,0,0,0,0,0
10706,2016,1,1,0,0,0,0,0,0,0,0
10776,2015,1,1,0,0,0,0,0,0,0,0
10846,2015,1,1,0,0,0,0,0,0,1,0
10984,2011,3,3,0,0,0,0,0,0,2,0
11031,2011,2,2,0,0,0,0,0,0,0,0
11084,2011,1,0,0,0,0,0,0,1,0,0
11112,2015,2,2,0,0,0,0,0,0,1,0
11377,2012,1,1,0,0,0,0,0,0,0,0
11396,2011,1,1,1,0,0,1,0,0,0,0
11396,2015,1,1,0,0,0,0,0,0,1,0
11460,2011,2,1,1,1,0,0,1,0,0,0
11464,2015,1,1,0,0,0,0,0,0,1,0
11531,2015,1,1,0,0,0,0,0,0,0,0
11531,2016,1,1,0,0,0,0,0,0,1,0
11713,2015,1,1,0,0,0,0,0,0,0,0
11716,2011,2,2,0,0,0,0,0,0,1,0
11773,2015,2,2,0,0,0,0,0,0,0,0
11786,2011,1,1,0,0,0,0,0,0,0,0
11829,2016,3,3,0,0,0,0,0,0,1,0
11831,2011,1,1,0,0,0,0,0,0,1,0
11839,2015,1,1,0,0,0,0,0,0,0,0
11899,2011,7,7,1,0,0,0,0,0,2,0
11905,2011,3,3,1,1,0,0,0,0,2,0
12023,2011,3,3,0,0,0,0,0,0,0,0
12046,2015,1,1,0,0,0,0,0,0,0,0
12085,2011,1,1,1,1,0,0,0,0,0,0
12271,2016,1,1,0,0,0,0,0,0,1,0
12321,2014,1,1,1,0,0,0,0,0,0,0
12382,2015,1,1,1,1,0,0,0,0,0,0
12382,2016,1,1,0,0,0,0,0,0,0,0
12460,2011,2,1,0,0,0,0,1,0,0,0
12460,2014,1,1,0,0,0,0,0,0,0,0
12460,2015,2,0,0,0,0,0,2,0,0,0
12492,2011,1,1,0,0,0,0,0,0,0,0
12502,2011,3,3,0,0,0,0,0,0,2,0
12510,2016,1,1,0,0,0,0,0,0,1,0
12536,2016,2,2,0,0,0,0,0,0,2,0
12633,2011,3,3,1,1,0,0,0,0,1,0
12656,2011,2,2,1,0,0,0,0,0,0,0
12656,2012,1,1,1,1,0,0,0,0,0,0
12671,2011,1,1,0,0,0,0,0,0,0,0
