148,2003,1,1,0,0,0,0,0,0,1,0
461,2000,1,1,0,0,0,0,0,0,0,0
949,1996,1,1,0,0,0,0,0,0,0,0
1523,1996,1,1,0,0,0,0,0,0,1,0
2018,2003,1,0,0,0,0,0,0,0,0,0
2942,1996,1,1,0,0,0,0,0,0,0,0
4570,2000,1,1,0,0,0,0,0,0,0,0
4631,1996,1,1,0,0,0,0,0,0,1,0
5128,1996,1,1,0,0,0,0,0,0,1,0
6285,2007,1,1,0,0,0,0,0,0,1,0
7436,1996,2,2,0,0,0,0,0,0,2,0
8563,1996,3,2,0,0,0,0,0,0,2,0
9387,1996,3,2,1,0,0,0,0,0,1,0
9467,2000,1,1,0,0,0,0,0,0,0,0
10188,1996,1,1,0,0,0,0,0,0,0,0
10246,2000,1,1,0,0,0,0,0,0,1,0
10340,2000,1,1,1,0,0,0,0,0,0,0
10967,1997,1,1,0,0,0,0,0,0,0,0
11732,1995,1,0,0,0,0,0,0,0,0,0
11761,1995,1,1,0,0,0,0,0,0,1,0
11925,1996,1,1,0,0,0,0,0,0,1,0
11936,1996,1,1,0,0,0,0,0,0,1,0
12089,1996,1,1,0,0,0,0,0,0,0,0
12391,1996,2,2,0,0,0,0,0,0,2,0
12474,1998,1,1,0,0,0,0,0,0,1,0
