1205,1991,1,1,0,0,0,0,0,0,0,0
1729,1985,1,0,0,0,0,0,0,0,0,0
2407,1991,1,1,1,0,0,0,0,0,0,0
3107,1987,1,1,1,0,0,0,0,0,0,0
3852,1985,1,1,0,0,0,0,0,0,1,0
4956,1985,1,1,0,0,0,0,0,0,0,0
6163,1987,1,0,0,0,0,0,0,0,0,0
6270,1987,1,1,0,0,0,0,0,0,0,0
6679,1986,1,1,0,0,0,0,0,0,1,0
6772,1987,1,0,0,0,0,0,0,0,0,0
7199,1985,1,0,0,0,0,0,1,0,0,0
7297,1986,1,0,0,0,0,0,0,0,0,0
8147,1987,1,1,0,0,0,0,0,0,1,0
8951,1987,1,1,1,0,0,0,0,0,0,0
9392,1988,1,1,0,0,0,0,0,0,1,0
9519,1985,2,2,0,0,0,0,0,0,2,0
9561,1985,1,0,0,0,0,0,1,0,0,0
10827,1987,2,2,0,0,0,0,0,0,0,0
12312,1985,1,1,1,0,0,0,0,0,0,0
