5,2012,2,2,1,0,0,0,0,0,1,0
253,2012,2,1,0,0,0,0,1,0,0,0
500,2012,3,3,1,0,0,0,0,0,0,0
794,2012,1,1,0,0,0,0,0,0,0,0
920,2012,1,1,0,0,0,0,0,0,1,0
1200,2012,1,1,1,1,0,0,0,0,0,0
1214,2012,1,1,0,0,0,0,0,0,0,0
1368,2012,2,2,0,0,0,0,0,0,0,0
1514,2012,3,3,0,0,0,0,0,0,1,0
1666,2012,2,1,0,0,0,0,1,0,1,0
1952,2012,1,0,0,0,0,0,0,0,0,1
1991,2012,3,3,0,0,0,0,0,0,3,0
2161,2012,1,1,0,0,0,0,0,0,1,0
2512,2012,2,2,0,0,0,0,0,0,1,0
2525,2012,3,3,0,0,0,0,0,0,1,0
2754,2012,2,2,0,0,0,0,0,0,1,0
2793,2012,1,1,0,0,0,0,0,0,1,0
2847,2012,3,2,0,0,0,0,1,0,0,0
3302,2012,1,0,0,0,0,0,0,1,0,0
3347,2012,6,6,0,0,0,0,0,0,5,0
3485,2012,1,1,0,0,0,0,0,0,1,0
3731,2012,1,1,0,0,0,0,0,0,1,0
3818,2012,3,3,0,0,0,0,0,0,0,0
4163,2012,2,1,1,0,0,0,1,0,0,0
4170,2012,3,3,0,0,0,0,0,0,1,0
4180,2012,1,1,0,0,0,0,0,0,0,0
4231,2012,2,1,0,0,0,0,1,0,1,0
4361,2012,1,1,0,0,0,0,0,0,1,0
4665,2012,4,4,0,0,0,0,0,0,2,0
4819,2012,2,2,0,0,0,0,0,0,0,0
4910,2012,1,0,0,0,0,0,1,0,0,0
5851,2012,2,2,1,0,0,0,0,0,0,0
6271,2012,1,1,0,0,0,0,0,0,0,0
6282,2012,1,1,0,0,0,0,0,0,0,0
6502,2012,4,4,1,0,0,1,0,0,0,0
6511,2012,1,1,0,0,0,0,0,0,1,0
6569,2012,1,1,0,0,0,0,0,0,0,0
6895,2012,1,1,0,0,0,0,0,0,1,0
7447,2012,1,1,0,0,0,0,0,0,0,0
8354,2012,3,3,1,0,0,0,0,0,1,0
8729,2012,2,2,1,1,0,0,0,0,1,0
9129,2012,4,4,0,0,0,0,0,0,0,0
9576,2012,4,4,0,0,0,0,0,0,1,0
9782,2012,1,0,0,0,0,0,0,1,0,0
9822,2012,3,3,1,0,0,0,0,0,0,0
9830,2012,1,0,0,0,0,0,1,0,0,0
9842,2012,3,3,1,0,0,1,0,0,1,0
9954,2012,1,1,1,0,0,0,0,0,0,0
10265,2012,1,1,0,0,0,0,0,0,0,0
11112,2012,1,1,0,0,0,0,0,0,1,0
11138,2012,2,2,0,0,0,0,0,0,1,0
11543,2012,1,1,0,0,0,0,0,0,0,0
11711,2012,1,1,0,0,0,0,0,0,0,0
11942,2012,3,3,0,0,0,0,0,0,1,0
12195,2012,3,3,1,0,0,0,0,0,0,0
12537,2012,1,1,0,0,0,0,0,0,0,0
