36,1987,1,1,0,0,0,0,0,0,0,0
138,1986,1,0,0,0,0,0,0,0,0,0
1429,1986,1,1,0,0,0,0,0,0,0,0
2665,1986,1,1,0,0,0,0,0,0,1,0
2720,1986,1,1,0,0,0,0,0,0,1,0
2940,1985,1,0,0,0,0,0,1,0,0,0
3468,1986,1,1,0,0,0,0,0,0,0,0
3852,1985,1,1,0,0,0,0,0,0,0,0
3940,1986,2,1,1,1,0,0,1,0,0,0
6556,1986,1,1,0,0,0,0,0,0,0,0
6772,1986,1,1,1,0,0,0,0,0,0,0
7145,1986,1,1,0,0,0,0,0,0,1,0
9519,1987,1,0,0,0,0,0,1,0,0,0
10059,1986,1,1,0,0,0,0,0,0,0,0
10692,1986,1,0,0,0,0,0,0,0,0,0
10842,1987,1,0,0,0,0,0,0,0,0,0
11363,1986,1,1,0,0,0,0,0,0,1,0
