49,2019,1,1,0,0,0,0,0,0,1,0
52,2019,1,1,1,1,0,0,0,0,0,0
57,2019,1,1,0,0,0,0,0,0,0,0
145,2019,2,2,0,0,0,0,0,0,0,0
155,2019,3,2,0,0,0,0,1,0,1,0
162,2019,2,1,0,0,0,0,1,0,0,0
228,2018,1,1,0,0,0,0,0,0,0,0
283,2019,3,3,0,0,0,0,0,0,3,0
297,2019,3,2,0,0,0,0,1,0,1,0
579,2019,2,2,0,0,0,0,0,0,1,0
594,2019,2,2,1,0,0,0,0,0,0,0
629,2019,2,2,0,0,0,0,0,0,2,0
680,2019,1,1,0,0,0,0,0,0,0,0
683,2019,2,2,0,0,0,0,0,0,0,0
711,2019,3,3,2,1,0,0,0,0,0,0
774,2019,2,2,1,0,0,0,0,0,0,0
778,2019,3,2,0,0,0,0,0,0,2,1
904,2019,2,2,1,0,0,0,0,0,0,0
904,2021,6,6,1,1,0,0,0,0,3,0
927,2019,1,1,0,0,0,0,0,0,1,0
944,2018,1,1,0,0,0,0,0,0,0,0
947,2019,5,5,2,0,0,0,0,0,0,0
948,2021,2,2,1,0,0,0,0,0,1,0
1145,2019,4,4,2,1,0,0,0,0,2,0
1204,2019,2,2,0,0,0,0,0,0,2,0
1258,2018,1,1,0,0,0,0,0,0,0,0
1296,2019,2,1,1,0,0,0,0,0,0,1
1337,2018,1,1,0,0,0,0,0,0,1,0
1337,2019,3,3,0,0,0,0,0,0,1,0
1477,2019,4,4,1,0,0,0,0,0,2,0
1578,2019,1,1,0,0,0,0,0,0,1,0
1624,2019,2,1,1,1,0,0,0,1,0,0
1666,2019,3,3,2,2,0,0,0,0,1,0
1751,2019,3,3,1,0,0,1,0,0,1,0
1798,2018,1,1,0,0,0,0,0,0,1,0
1858,2019,1,0,0,0,0,0,0,0,0,0
1883,2019,2,2,0,0,0,0,0,0,1,0
1883,2021,1,1,0,0,0,0,0,0,1,0
1937,2021,3,3,0,0,0,0,0,0,2,0
1966,2018,2,2,0,0,0,0,0,0,0,0
1966,2019,2,1,0,0,0,0,1,0,1,0
1971,2019,1,1,0,0,0,0,0,0,0,0
1974,2019,1,1,0,0,0,0,0,0,1,0
1991,2019,3,3,0,0,0,0,0,0,3,0
2011,2019,1,1,0,0,0,0,0,0,1,0
2035,2019,3,3,2,1,0,0,0,0,0,0
2090,2019,1,1,0,0,0,0,0,0,0,0
2093,2021,2,2,0,0,0,0,0,0,0,0
2127,2021,1,1,0,0,0,0,0,0,1,0
2152,2019,1,1,1,1,0,0,0,0,0,0
2212,2018,2,2,0,0,0,0,0,0,0,0
2212,2019,3,2,0,0,0,0,0,1,2,0
2219,2018,1,1,0,0,0,0,0,0,0,0
2219,2019,1,1,0,0,0,0,0,0,0,0
2236,2019,1,1,0,0,0,0,0,0,1,0
2236,2021,4,3,1,0,0,0,1,0,1,0
2305,2019,1,1,0,0,0,0,0,0,0,0
2322,2019,3,3,0,0,0,0,0,0,2,0
2322,2021,1,1,1,0,0,0,0,0,0,0
2368,2019,2,2,1,0,0,0,0,0,0,0
2850,2018,1,1,0,0,0,0,0,0,1,0
2878,2018,1,1,0,0,0,0,0,0,1,0
2957,2021,3,3,2,1,0,0,0,0,0,0
3073,2019,3,3,0,0,0,0,0,0,1,0
3080,2021,1,0,0,0,0,0,1,0,0,0
3108,2019,1,1,0,0,0,0,0,0,1,0
3286,2018,2,2,0,0,0,0,0,0,1,0
3286,2019,1,1,0,0,0,0,0,0,1,0
3297,2019,1,1,0,0,0,0,0,0,1,0
3336,2019,1,0,0,0,0,0,1,0,0,0
3404,2019,1,1,0,0,0,0,0,0,1,0
3415,2021,2,2,0,0,0,0,0,0,1,0
3428,2019,2,2,1,0,0,0,0,0,0,0
3498,2019,2,2,0,0,0,0,0,0,0,0
3612,2019,1,1,0,0,0,0,0,0,1,0
3655,2021,1,1,0,0,0,0,0,0,0,0
3724,2019,2,2,0,0,0,0,0,0,0,0
3731,2018,1,1,1,0,0,0,0,0,0,0
3758,2019,2,2,0,0,0,0,0,0,1,0
3784,2019,2,2,1,0,0,0,0,0,1,0
3889,2019,1,1,0,0,0,0,0,0,1,0
3969,2019,2,2,1,0,0,0,0,0,0,0
3970,2019,1,1,0,0,0,0,0,0,0,0
3998,2019,9,9,3,0,0,2,0,0,4,0
4029,2019,3,3,0,0,0,0,0,0,0,0
4055,2018,1,1,0,0,0,0,0,0,0,0
4055,2019,3,2,0,0,0,0,1,0,0,0
4077,2021,3,3,0,0,0,0,0,0,2,0
4091,2019,2,2,0,0,0,0,0,0,1,0
4254,2019,1,1,1,1,0,0,0,0,0,0
4302,2018,1,0,0,0,0,0,1,0,0,0
4302,2019,1,1,0,0,0,0,0,0,0,0
4327,2019,2,2,1,1,0,0,0,0,0,0
4402,2019,1,0,0,0,0,0,1,0,0,0
4430,2019,1,1,0,0,0,0,0,0,0,0
4513,2019,2,2,0,0,0,0,0,0,0,0
4579,2021,1,1,1,0,0,0,0,0,0,0
4610,2019,4,4,1,0,0,0,0,0,1,0
4612,2019,1,1,0,0,0,0,0,0,1,0
4635,2019,1,1,0,0,0,0,0,0,0,0
4705,2019,2,2,0,0,0,0,0,0,1,0
4810,2019,1,1,0,0,0,0,0,0,1,0
4823,2019,1,1,0,0,0,0,0,0,0,0
4823,2021,1,1,0,0,0,0,0,0,0,0
4888,2019,1,1,0,0,0,0,0,0,1,0
4946,2019,1,1,0,0,0,0,0,0,1,0
4967,2021,1,0,0,0,0,0,0,1,0,0
4994,2019,1,1,1,1,0,0,0,0,0,0
5023,2019,3,3,0,0,0,0,0,0,0,0
5040,2019,1,1,1,0,0,0,0,0,0,0
5075,2019,3,3,0,0,0,0,0,0,0,0
5089,2019,3,2,0,0,0,0,1,0,2,0
5094,2019,1,1,0,0,0,0,0,0,0,0
5427,2018,1,1,0,0,0,0,0,0,1,0
5451,2021,1,1,0,0,0,0,0,0,1,0
5507,2019,1,1,1,0,0,0,0,0,0,0
5709,2019,3,3,1,0,0,0,0,0,1,0
5719,2018,1,1,0,0,0,0,0,0,0,0
5719,2019,3,3,0,0,0,0,0,0,2,0
5735,2021,1,1,0,0,0,0,0,0,0,0
5754,2021,2,2,0,0,0,0,0,0,0,0
5819,2019,1,1,0,0,0,0,0,0,0,0
5851,2018,1,1,0,0,0,0,0,0,1,0
5901,2019,1,1,1,0,0,1,0,0,0,0
5997,2019,1,1,0,0,0,0,0,0,1,0
6143,2019,2,2,1,0,1,0,0,0,0,0
6240,2019,2,1,1,0,1,0,1,0,0,0
6273,2018,2,2,0,0,0,0,0,0,0,0
6273,2019,2,2,0,0,0,0,0,0,0,0
6571,2019,2,2,0,0,0,0,0,0,1,0
6634,2019,1,1,0,0,0,0,0,0,0,0
6682,2018,2,2,2,1,0,0,0,0,0,0
6682,2021,2,2,0,0,0,0,0,0,1,0
6757,2019,1,1,0,0,0,0,0,0,1,0
6826,2021,3,3,0,0,0,0,0,0,1,0
6873,2019,1,1,1,0,0,0,0,0,0,0
6886,2021,1,1,0,0,0,0,0,0,0,0
7039,2021,2,2,0,0,0,0,0,0,1,0
7077,2019,1,0,0,0,0,0,1,0,0,0
7086,2019,1,1,0,0,0,0,0,0,1,0
7101,2019,2,2,0,0,0,0,0,0,0,0
7137,2019,3,3,1,0,0,0,0,0,1,0
7211,2019,1,1,1,0,0,0,0,0,0,0
7233,2018,1,1,1,0,0,0,0,0,0,0
7239,2019,1,1,0,0,0,0,0,0,1,0
7239,2021,1,1,0,0,0,0,0,0,1,0
7242,2019,2,2,0,0,0,0,0,0,1,0
7332,2019,2,2,0,0,0,0,0,0,1,0
7338,2021,2,2,2,0,0,0,0,0,0,0
7456,2019,4,4,0,0,0,0,0,0,2,0
7519,2019,1,1,0,0,0,0,0,0,1,0
7524,2021,1,1,0,0,0,0,0,0,0,0
7532,2019,1,1,0,0,0,0,0,0,0,0
7887,2019,2,2,2,1,0,0,0,0,0,0
7996,2019,1,1,0,0,0,0,0,0,1,0
8015,2018,1,1,0,0,0,0,0,0,1,0
8015,2019,5,5,2,1,0,0,0,0,3,0
8078,2019,1,1,0,0,0,0,0,0,1,0
8268,2018,1,1,0,0,0,0,0,0,0,0
8356,2019,3,2,1,0,0,0,1,0,0,0
8372,2019,3,3,2,0,0,1,0,0,0,0
8408,2019,2,2,0,0,0,0,0,0,1,0
8430,2021,1,1,0,0,0,0,0,0,1,0
8504,2019,2,2,0,0,0,0,0,0,0,0
8579,2019,1,1,0,0,0,0,0,0,0,0
8592,2019,1,1,1,0,0,0,0,0,0,0
8634,2019,2,1,0,0,0,0,1,0,0,0
8643,2019,1,1,0,0,0,0,0,0,0,0
8679,2019,5,3,2,0,0,0,1,1,1,0
8700,2018,1,1,0,0,0,0,0,0,0,0
8700,2021,1,1,0,0,0,0,0,0,1,0
8751,2021,2,2,2,1,0,0,0,0,0,0
8789,2019,5,5,1,0,0,0,0,0,1,0
8791,2021,1,1,0,0,0,0,0,0,0,0
8838,2019,2,1,0,0,0,0,1,0,0,0
8894,2019,1,1,0,0,0,0,0,0,0,0
8914,2019,2,2,0,0,0,0,0,0,0,0
8919,2019,1,1,0,0,0,0,0,0,1,0
8982,2019,1,1,1,0,0,0,0,0,0,0
8988,2018,1,1,0,0,0,0,0,0,1,0
9071,2021,3,3,0,0,0,0,0,0,2,0
9109,2019,4,4,0,0,0,0,0,0,0,0
9111,2019,2,1,1,0,0,1,0,1,0,0
9184,2019,1,1,0,0,0,0,0,0,0,0
9196,2019,1,1,0,0,0,0,0,0,0,0
9198,2018,2,2,0,0,0,0,0,0,1,0
9198,2019,2,2,1,0,0,0,0,0,0,0
9257,2019,1,0,0,0,0,0,1,0,0,0
9257,2021,1,1,0,0,0,0,0,0,0,0
9341,2019,1,1,1,1,0,0,0,0,0,0
9342,2019,1,1,0,0,0,0,0,0,0,0
9420,2019,3,3,0,0,0,0,0,0,2,0
9481,2019,2,2,1,1,0,0,0,0,0,0
9488,2019,1,0,0,0,0,0,1,0,0,0
9576,2019,3,3,1,0,0,0,0,0,1,0
9741,2018,1,1,1,1,0,0,0,0,0,0
9741,2021,2,1,0,0,0,0,1,0,0,0
9762,2019,2,2,0,0,0,0,0,0,0,0
9774,2018,2,2,0,0,0,0,0,0,2,0
9774,2019,6,3,0,0,0,0,2,1,1,0
9795,2019,3,3,1,0,0,1,0,0,0,0
9876,2019,1,1,1,0,0,0,0,0,0,0
9876,2021,1,1,0,0,0,0,0,0,1,0
9886,2019,1,1,1,0,0,0,0,0,0,0
10014,2019,1,1,0,0,0,0,0,0,1,0
10064,2021,2,2,0,0,0,0,0,0,1,0
10069,2019,2,1,0,0,0,0,1,0,1,0
10081,2019,1,1,1,0,0,0,0,0,0,0
10111,2018,2,2,0,0,0,0,0,0,2,0
10111,2019,5,4,0,0,0,0,0,1,4,0
10118,2019,2,2,0,0,0,0,0,0,0,0
10138,2018,2,1,0,0,0,0,1,0,0,0
10138,2019,2,2,0,0,0,0,0,0,1,0
10180,2021,1,1,0,0,0,0,0,0,0,0
10209,2019,2,2,1,0,0,1,0,0,0,0
10288,2018,3,2,0,0,0,0,1,0,0,0
10288,2019,1,1,0,0,0,0,0,0,0,0
10385,2018,1,1,1,0,0,0,0,0,0,0
10488,2019,1,1,0,0,0,0,0,0,0,0
10503,2021,2,2,0,0,0,0,0,0,2,0
10521,2019,2,2,2,2,0,0,0,0,0,0
10565,2021,2,2,1,0,0,0,0,0,0,0
10634,2018,1,1,0,0,0,0,0,0,1,0
10634,2019,1,0,0,0,0,0,1,0,0,0
10650,2018,2,2,0,0,0,0,0,0,1,0
10657,2019,2,0,0,0,0,0,1,1,0,0
10733,2019,2,2,1,0,0,1,0,0,0,0
10735,2019,3,3,3,0,0,1,0,0,0,0
10776,2019,1,1,0,0,0,0,0,0,1,0
10846,2019,1,1,0,0,0,0,0,0,1,0
11036,2019,1,1,1,0,0,0,0,0,0,0
11106,2019,3,3,0,0,0,0,0,0,2,0
11111,2021,2,2,0,0,0,0,0,0,2,0
11118,2019,1,1,0,0,0,0,0,0,0,0
11127,2019,3,3,0,0,0,0,0,0,1,0
11139,2019,1,1,0,0,0,0,0,0,0,0
11149,2019,2,2,0,0,0,0,0,0,1,0
11157,2021,1,1,0,0,0,0,0,0,0,0
11251,2019,5,5,1,0,0,0,0,0,0,0
11262,2019,1,1,0,0,0,0,0,0,0,0
11310,2019,1,1,0,0,0,0,0,0,1,0
11446,2021,1,1,0,0,0,0,0,0,0,0
11465,2019,6,6,1,0,0,0,0,0,2,0
11608,2019,2,2,0,0,0,0,0,0,1,0
11709,2018,1,1,0,0,0,0,0,0,0,0
11709,2019,3,3,0,0,0,0,0,0,0,0
11814,2019,1,1,0,0,0,0,0,0,0,0
11856,2019,1,1,0,0,0,0,0,0,1,0
11878,2018,1,1,1,0,0,0,0,0,0,0
11911,2021,1,1,0,0,0,0,0,0,0,0
11957,2019,4,4,0,0,0,0,0,0,1,0
11982,2021,3,3,0,0,0,0,0,0,3,0
12109,2019,4,4,0,0,0,0,0,0,1,0
12415,2019,1,1,0,0,0,0,0,0,1,0
12508,2018,1,1,1,1,0,0,0,0,0,0
12508,2019,2,2,0,0,0,0,0,0,1,0
12532,2019,1,1,0,0,0,0,0,0,1,0
12536,2018,1,1,0,0,0,0,0,0,0,0
12561,2019,5,5,1,0,0,0,0,0,2,0
12663,2019,2,2,2,1,0,0,0,0,0,0
12665,2019,2,1,1,0,0,0,1,0,0,0
