61,2014,2,2,0,0,0,0,0,0,0,0
61,2015,1,1,0,0,0,0,0,0,0,0
61,2016,1,1,1,0,0,1,0,0,0,0
84,2015,2,2,0,0,0,0,0,0,1,0
101,2015,2,2,0,0,0,0,0,0,0,0
120,2014,2,1,1,0,1,0,0,0,0,1
120,2015,1,1,0,0,0,0,0,0,0,0
187,2015,1,1,1,1,0,0,0,0,0,0
200,2015,1,1,0,0,0,0,0,0,0,0
200,2017,1,1,0,0,0,0,0,0,0,0
212,2017,1,1,0,0,0,0,0,0,0,0
246,2015,1,1,0,0,0,0,0,0,0,0
348,2016,3,3,2,1,0,0,0,0,0,0
357,2014,1,1,1,0,0,0,0,0,0,0
394,2015,1,1,0,0,0,0,0,0,0,0
405,2015,1,1,0,0,0,0,0,0,1,0
448,2017,1,0,0,0,0,0,1,0,0,0
451,2015,1,1,0,0,0,0,0,0,0,0
460,2016,1,1,0,0,0,0,0,0,0,0
486,2014,1,1,1,0,0,0,0,0,0,0
486,2015,1,1,0,0,0,0,0,0,0,0
486,2016,1,1,1,0,0,0,0,0,0,0
618,2014,1,1,0,0,0,0,0,0,0,0
618,2015,2,2,0,0,0,0,0,0,2,0
618,2016,1,1,0,0,0,0,0,0,0,0
621,2014,1,1,0,0,0,0,0,0,0,0
724,2017,2,1,0,0,0,0,0,0,1,1
817,2016,1,1,0,0,0,0,0,0,0,0
833,2015,4,4,2,0,0,1,0,0,1,0
833,2016,1,1,0,0,0,0,0,0,0,0
834,2014,1,1,0,0,0,0,0,0,0,0
834,2017,1,1,0,0,0,0,0,0,1,0
849,2017,1,1,0,0,0,0,0,0,0,0
929,2017,3,3,0,0,0,0,0,0,0,0
966,2017,1,1,0,0,0,0,0,0,0,0
1067,2014,1,1,1,0,0,0,0,0,0,0
1067,2017,1,1,0,0,0,0,0,0,0,0
1101,2014,1,1,0,0,0,0,0,0,1,0
1101,2015,1,1,0,0,0,0,0,0,0,0
1104,2017,1,1,0,0,0,0,0,0,0,0
1169,2017,2,2,1,0,0,0,0,0,0,0
1171,2015,3,3,0,0,0,0,0,0,1,0
1171,2016,2,2,1,0,0,0,0,0,0,0
1172,2015,2,2,1,0,0,1,0,0,0,0
1172,2016,2,2,0,0,0,0,0,0,1,0
1227,2017,1,1,1,0,0,0,0,0,0,0
1251,2015,2,2,0,0,0,0,0,0,0,0
1251,2017,1,1,1,1,0,0,0,0,0,0
1261,2014,2,1,0,0,0,0,1,0,0,0
1261,2015,3,3,2,0,1,1,0,0,0,0
1279,2017,1,1,0,0,0,0,0,0,0,0
1434,2016,1,1,0,0,0,0,0,0,0,0
1467,2015,4,4,2,1,0,0,0,0,0,0
1467,2016,1,0,0,0,0,0,0,1,0,0
1572,2016,1,1,0,0,0,0,0,0,0,0
1607,2017,1,1,1,0,0,0,0,0,0,0
1633,2015,1,1,0,0,0,0,0,0,0,0
1654,2017,2,1,0,0,0,0,1,0,1,0
1655,2015,1,1,0,0,0,0,0,0,0,0
1667,2015,2,2,0,0,0,0,0,0,1,0
1681,2015,2,2,0,0,0,0,0,0,0,0
1755,2016,1,1,0,0,0,0,0,0,0,0
1813,2014,2,1,0,0,0,0,1,0,0,0
1813,2015,2,2,0,0,0,0,0,0,2,0
1813,2016,1,1,1,1,0,0,0,0,0,0
1827,2017,2,2,0,0,0,0,0,0,0,0
1840,2016,1,1,0,0,0,0,0,0,0,0
1840,2017,1,1,0,0,0,0,0,0,0,0
1911,2017,3,3,2,0,1,0,0,0,0,0
1919,2014,3,3,1,0,0,0,0,0,1,0
1919,2015,1,1,0,0,0,0,0,0,0,0
1919,2017,2,2,1,0,0,0,0,0,1,0
1925,2014,1,1,0,0,0,0,0,0,1,0
1925,2015,2,2,2,0,0,0,0,0,0,0
1925,2016,2,1,1,1,0,0,1,0,0,0
1925,2017,1,1,0,0,0,0,0,0,1,0
1962,2015,2,2,0,0,0,0,0,0,2,0
1962,2016,4,3,0,0,0,0,1,0,1,0
1965,2015,1,1,0,0,0,0,0,0,1,0
2037,2015,1,1,0,0,0,0,0,0,0,0
2037,2016,1,1,0,0,0,0,0,0,0,0
2190,2014,1,1,0,0,0,0,0,0,0,0
2190,2015,2,2,0,0,0,0,0,0,1,0
2190,2016,1,1,0,0,0,0,0,0,1,0
2190,2017,1,1,1,0,0,0,0,0,0,0
2287,2016,3,2,1,0,0,0,1,0,0,0
2322,2016,1,1,1,0,0,0,0,0,0,0
2356,2017,1,0,0,0,0,0,1,0,0,0
2430,2015,2,2,0,0,0,0,0,0,1,0
2509,2016,1,1,1,0,0,1,0,0,0,0
2515,2014,1,1,1,0,0,0,0,0,0,0
2515,2015,2,2,0,0,0,0,0,0,1,0
2528,2014,1,1,0,0,0,0,0,0,0,0
2649,2014,1,1,0,0,0,0,0,0,0,0
2662,2014,4,4,0,0,0,0,0,0,2,0
2662,2015,2,2,1,0,0,0,0,0,1,0
2662,2017,1,1,1,0,0,0,0,0,0,0
2675,2016,1,0,0,0,0,0,1,0,0,0
2710,2014,1,1,1,0,0,0,0,0,0,0
2710,2015,1,1,1,1,0,0,0,0,0,0
2811,2014,1,1,0,0,0,0,0,0,1,0
2811,2015,1,1,1,0,0,1,0,0,0,0
2834,2014,2,2,2,2,0,0,0,0,0,0
2834,2015,1,1,0,0,0,0,0,0,0,0
2839,2015,1,1,0,0,0,0,0,0,1,0
2867,2016,1,1,0,0,0,0,0,0,0,0
2905,2015,1,1,0,0,0,0,0,0,0,0
2916,2016,1,1,0,0,0,0,0,0,1,0
2916,2017,1,1,0,0,0,0,0,0,0,0
3045,2016,1,1,1,0,0,1,0,0,0,0
3057,2016,1,1,0,0,0,0,0,0,0,0
3142,2017,1,1,0,0,0,0,0,0,1,0
3235,2015,1,1,0,0,0,0,0,0,1,0
3235,2016,1,1,0,0,0,0,0,0,0,0
3266,2017,1,1,0,0,0,0,0,0,0,0
3309,2015,1,1,1,0,0,0,0,0,0,0
3315,2015,1,1,0,0,0,0,0,0,1,0
3315,2017,2,2,1,0,0,0,0,0,0,0
3352,2015,2,2,1,1,0,0,0,0,0,0
3429,2016,1,1,0,0,0,0,0,0,1,0
3587,2015,1,1,0,0,0,0,0,0,1,0
3587,2016,1,1,1,0,0,0,0,0,0,0
3590,2016,1,1,0,0,0,0,0,0,1,0
3593,2015,1,1,1,0,0,0,0,0,0,0
3610,2017,1,1,0,0,0,0,0,0,0,0
3662,2015,3,3,0,0,0,0,0,0,0,0
3684,2016,1,1,0,0,0,0,0,0,1,0
3685,2014,1,1,1,0,0,1,0,0,0,0
3692,2015,1,1,1,0,0,1,0,0,0,0
3705,2016,1,1,0,0,0,0,0,0,1,0
3718,2016,2,2,1,1,0,0,0,0,1,0
3718,2017,1,1,0,0,0,0,0,0,1,0
3719,2014,1,1,0,0,0,0,0,0,1,0
3761,2016,2,2,1,0,0,0,0,0,0,0
3837,2015,1,1,0,0,0,0,0,0,0,0
3837,2016,1,1,0,0,0,0,0,0,0,0
3873,2016,3,3,1,0,0,0,0,0,0,0
3911,2017,2,2,0,0,0,0,0,0,1,0
3983,2015,2,2,1,0,0,0,0,0,1,0
3983,2016,2,2,0,0,0,0,0,0,0,0
4059,2016,1,1,0,0,0,0,0,0,0,0
4091,2016,1,1,0,0,0,0,0,0,0,0
4126,2014,1,1,0,0,0,0,0,0,0,0
4126,2015,2,1,0,0,0,0,1,0,1,0
4126,2016,2,1,1,0,0,0,1,0,0,0
4135,2015,1,0,0,0,0,0,0,0,0,0
4147,2015,1,1,0,0,0,0,0,0,0,0
4154,2015,1,1,0,0,0,0,0,0,0,0
4154,2016,1,1,1,0,0,1,0,0,0,0
4158,2015,1,1,1,0,0,0,0,0,0,0
4211,2017,2,2,1,0,0,0,0,0,1,0
4215,2016,1,1,0,0,0,0,0,0,0,0
4215,2017,1,1,1,0,0,0,0,0,0,0
4238,2015,2,2,2,1,0,0,0,0,0,0
4238,2016,1,1,0,0,0,0,0,0,0,0
4274,2015,1,0,0,0,0,0,1,0,0,0
4274,2016,2,1,0,0,0,0,1,0,0,0
4335,2017,1,1,0,0,0,0,0,0,1,0
4346,2014,2,2,1,1,0,0,0,0,0,0
4346,2015,1,1,0,0,0,0,0,0,1,0
4346,2016,2,2,0,0,0,0,0,0,2,0
4404,2015,1,1,1,0,0,0,0,0,0,0
4452,2016,1,1,0,0,0,0,0,0,0,0
4479,2015,2,2,1,0,0,0,0,0,1,0
4479,2016,1,1,1,0,0,0,0,0,0,0
4599,2016,2,2,1,1,0,0,0,0,0,0
4616,2017,1,1,0,0,0,0,0,0,0,0
4634,2016,1,1,0,0,0,0,0,0,0,0
4659,2014,2,1,0,0,0,0,1,0,0,0
4659,2015,3,3,0,0,0,0,0,0,2,0
4659,2016,2,2,1,0,0,0,0,0,0,0
4659,2017,1,1,0,0,0,0,0,0,1,0
4682,2015,1,1,0,0,0,0,0,0,0,0
4750,2016,1,0,0,0,0,0,1,0,0,0
4752,2017,2,2,1,0,0,0,0,0,1,0
4756,2017,1,1,0,0,0,0,0,0,0,0
4774,2014,1,1,0,0,0,0,0,0,1,0
4774,2016,2,1,0,0,0,0,1,0,0,0
4774,2017,2,2,0,0,0,0,0,0,1,0
4883,2016,1,1,0,0,0,0,0,0,0,0
4891,2015,2,2,0,0,0,0,0,0,0,0
4891,2016,1,1,0,0,0,0,0,0,0,0
4937,2015,2,2,1,0,0,1,0,0,0,0
4969,2015,1,0,0,0,0,0,1,0,0,0
4969,2016,2,1,0,0,0,0,1,0,0,0
4974,2017,1,0,0,0,0,0,1,0,0,0
4987,2017,1,1,0,0,0,0,0,0,0,0
4997,2015,1,0,0,0,0,0,0,0,0,1
5101,2014,3,3,1,0,0,0,0,0,0,0
5101,2015,1,1,1,0,0,0,0,0,0,0
5101,2016,1,1,0,0,0,0,0,0,0,0
5101,2017,1,0,0,0,0,0,1,0,0,0
5161,2015,1,0,0,0,0,0,1,0,0,0
5161,2017,1,1,1,0,0,0,0,0,0,0
5194,2015,1,1,1,1,0,0,0,0,0,0
5277,2014,1,1,0,0,0,0,0,0,0,0
5277,2015,1,1,1,0,0,0,0,0,0,0
5322,2016,2,1,0,0,0,0,1,0,1,0
5328,2017,4,3,0,0,0,0,1,0,0,0
5336,2014,1,1,0,0,0,0,0,0,1,0
5336,2015,4,4,0,0,0,0,0,0,0,0
5336,2016,1,1,0,0,0,0,0,0,0,0
5371,2015,1,1,0,0,0,0,0,0,1,0
5434,2017,1,1,1,0,0,0,0,0,0,0
5447,2016,1,1,1,0,0,0,0,0,0,0
5455,2014,2,1,1,0,0,0,1,0,0,0
5455,2015,4,3,0,0,0,0,0,1,0,0
5511,2015,1,1,0,0,0,0,0,0,1,0
5536,2014,1,1,0,0,0,0,0,0,1,0
5536,2016,1,1,0,0,0,0,0,0,0,0
5540,2015,1,1,0,0,0,0,0,0,1,0
5568,2014,1,1,0,0,0,0,0,0,0,0
5610,2014,1,1,0,0,0,0,0,0,0,0
5610,2017,2,2,0,0,0,0,0,0,0,0
5629,2014,2,2,1,0,0,0,0,0,1,0
5682,2017,1,1,0,0,0,0,0,0,0,0
5693,2016,2,1,0,0,0,0,1,0,0,0
5698,2017,1,1,1,0,0,0,0,0,0,0
5730,2015,3,3,0,0,0,0,0,0,0,0
5730,2016,1,1,0,0,0,0,0,0,0,0
5753,2014,1,1,1,0,0,0,0,0,0,0
5753,2016,1,1,0,0,0,0,0,0,0,0
5807,2015,1,1,1,0,0,0,0,0,0,0
5813,2016,2,2,0,0,0,0,0,0,1,0
5910,2017,3,2,0,0,0,0,1,0,1,0
5913,2015,2,2,2,0,0,0,0,0,0,0
5913,2016,1,0,0,0,0,0,1,0,0,0
5913,2017,1,1,0,0,0,0,0,0,0,0
5953,2015,1,1,0,0,0,0,0,0,1,0
6038,2014,1,0,0,0,0,0,1,0,0,0
6038,2015,1,1,0,0,0,0,0,0,0,0
6147,2014,1,1,0,0,0,0,0,0,0,0
6150,2015,1,1,1,0,0,0,0,0,0,0
6150,2016,2,2,0,0,0,0,0,0,1,0
6225,2014,1,1,0,0,0,0,0,0,0,0
6225,2015,1,1,0,0,0,0,0,0,0,0
6249,2014,1,1,1,0,0,1,0,0,0,0
6273,2015,1,1,0,0,0,0,0,0,1,0
6298,2016,1,1,1,0,0,1,0,0,0,0
6339,2015,1,1,1,0,0,0,0,0,0,0
6365,2017,1,1,0,0,0,0,0,0,1,0
6427,2017,1,0,0,0,0,0,1,0,0,0
6432,2015,4,2,0,0,0,0,2,0,1,0
6436,2015,1,1,1,0,0,0,0,0,0,0
6436,2016,1,1,0,0,0,0,0,0,0,0
6436,2017,1,1,1,0,0,1,0,0,0,0
6636,2014,3,3,1,1,0,0,0,0,1,0
6636,2015,1,0,0,0,0,0,0,0,0,1
6707,2014,1,1,0,0,0,0,0,0,0,0
6709,2017,3,2,1,0,0,0,0,0,0,1
6796,2015,4,4,2,1,0,0,0,0,1,0
6796,2016,2,1,0,0,0,0,1,0,0,0
6796,2017,2,2,0,0,0,0,0,0,1,0
6811,2017,1,1,1,0,0,1,0,0,0,0
6864,2014,1,0,0,0,0,0,1,0,0,0
6864,2015,1,0,0,0,0,0,1,0,0,0
6864,2016,1,1,1,0,0,0,0,0,0,0
6879,2017,2,2,0,0,0,0,0,0,1,0
6938,2017,2,2,0,0,0,0,0,0,1,0
6939,2017,1,0,0,0,0,0,1,0,0,0
6954,2016,1,0,0,0,0,0,1,0,0,0
6972,2017,2,1,0,0,0,0,1,0,0,0
6977,2015,4,4,1,0,0,0,0,0,2,0
6977,2016,1,1,1,0,0,0,0,0,0,0
6985,2017,1,1,0,0,0,0,0,0,0,0
7019,2016,1,1,0,0,0,0,0,0,0,0
7072,2015,1,1,0,0,0,0,0,0,0,0
7088,2015,2,2,0,0,0,0,0,0,1,0
7088,2017,1,0,0,0,0,0,1,0,0,0
7171,2014,1,1,0,0,0,0,0,0,0,0
7171,2015,5,4,0,0,0,0,1,0,3,0
7171,2016,2,2,0,0,0,0,0,0,0,0
7171,2017,1,1,0,0,0,0,0,0,0,0
7209,2014,2,2,0,0,0,0,0,0,2,0
7248,2014,1,1,1,0,0,0,0,0,0,0
7320,2014,1,1,0,0,0,0,0,0,0,0
7387,2014,1,1,1,1,0,0,0,0,0,0
7387,2015,3,3,1,0,0,0,0,0,0,0
7387,2016,4,3,0,0,0,0,0,0,2,0
7405,2017,1,0,0,0,0,0,0,0,0,0
7443,2014,1,1,0,0,0,0,0,0,0,0
7443,2016,1,1,0,0,0,0,0,0,1,0
7847,2014,1,1,0,0,0,0,0,0,1,0
7847,2015,3,2,0,0,0,0,0,0,2,0
7847,2016,2,2,1,0,0,0,0,0,1,0
7886,2014,1,1,0,0,0,0,0,0,0,0
7886,2015,1,1,1,1,0,0,0,0,0,0
7886,2016,1,1,0,0,0,0,0,0,0,0
7947,2017,3,3,1,0,0,1,0,0,0,0
7968,2017,1,1,0,0,0,0,0,0,1,0
8031,2015,1,1,0,0,0,0,0,0,1,0
8031,2016,3,3,1,0,0,0,0,0,1,0
8031,2017,1,1,0,0,0,0,0,0,1,0
8046,2015,1,1,0,0,0,0,0,0,0,0
8106,2015,2,2,1,1,0,0,0,0,0,0
8107,2015,1,1,0,0,0,0,0,0,1,0
8107,2016,1,1,0,0,0,0,0,0,0,0
8169,2016,1,1,0,0,0,0,0,0,0,0
8189,2014,1,1,0,0,0,0,0,0,0,0
8305,2016,1,1,0,0,0,0,0,0,1,0
8355,2015,3,2,0,0,0,0,1,0,1,0
8372,2016,1,1,1,0,0,0,0,0,0,0
8404,2016,1,1,0,0,0,0,0,0,1,0
8446,2016,1,1,0,0,0,0,0,0,1,0
8505,2014,1,1,0,0,0,0,0,0,1,0
8508,2016,1,1,0,0,0,0,0,0,0,0
8601,2014,2,2,1,0,0,0,0,0,1,0
8618,2015,1,1,0,0,0,0,0,0,0,0
8623,2014,2,2,0,0,0,0,0,0,2,0
8623,2016,1,1,1,0,0,0,0,0,0,0
8623,2017,2,2,1,0,0,0,0,0,0,0
8641,2015,1,1,0,0,0,0,0,0,0,0
8722,2014,2,1,0,0,0,0,1,0,0,0
8722,2015,1,1,1,0,0,0,0,0,0,0
8775,2015,2,2,0,0,0,0,0,0,1,0
8775,2016,1,1,1,0,0,1,0,0,0,0
8809,2015,2,1,0,0,0,0,1,0,0,0
8809,2016,1,1,0,0,0,0,0,0,0,0
8812,2017,1,1,0,0,0,0,0,0,1,0
8848,2016,1,1,0,0,0,0,0,0,1,0
8854,2015,1,1,0,0,0,0,0,0,1,0
8860,2017,1,1,0,0,0,0,0,0,1,0
8870,2014,1,1,0,0,0,0,0,0,0,0
8870,2015,1,1,1,0,0,1,0,0,0,0
8872,2014,4,3,1,1,0,0,1,0,0,0
8872,2015,2,2,1,0,0,1,0,0,1,0
8872,2016,1,1,0,0,0,0,0,0,0,0
8904,2015,2,2,0,0,0,0,0,0,2,0
8904,2016,2,2,1,0,0,0,0,0,1,0
8923,2015,1,1,1,0,1,0,0,0,0,0
8925,2017,1,1,1,1,0,0,0,0,0,0
8972,2015,2,2,0,0,0,0,0,0,0,0
8978,2015,1,1,0,0,0,0,0,0,0,0
9002,2016,1,0,0,0,0,0,1,0,0,0
9005,2016,1,1,0,0,0,0,0,0,1,0
9046,2014,4,4,2,0,0,0,0,0,1,0
9046,2015,1,1,0,0,0,0,0,0,1,0
9046,2016,1,1,0,0,0,0,0,0,0,0
9060,2017,3,3,2,2,0,0,0,0,0,0
9064,2016,1,1,1,0,0,0,0,0,0,0
9075,2016,1,1,0,0,0,0,0,0,1,0
9085,2015,2,2,0,0,0,0,0,0,1,0
9085,2016,5,4,0,0,0,0,1,0,0,0
9118,2014,1,1,0,0,0,0,0,0,0,0
9118,2015,3,2,1,0,0,0,1,0,1,0
9125,2015,2,2,1,0,0,0,0,0,0,0
9125,2016,2,2,1,0,0,0,0,0,0,0
9156,2014,1,1,0,0,0,0,0,0,0,0
9156,2015,2,2,0,0,0,0,0,0,0,0
9187,2014,1,1,0,0,0,0,0,0,0,0
9187,2016,1,1,1,0,0,0,0,0,0,0
9187,2017,1,0,0,0,0,0,1,0,0,0
9193,2017,1,1,0,0,0,0,0,0,1,0
9232,2015,1,1,0,0,0,0,0,0,1,0
9317,2014,3,3,0,0,0,0,0,0,0,0
9317,2015,2,1,0,0,0,0,1,0,0,0
9331,2017,1,1,0,0,0,0,0,0,0,0
9335,2015,1,1,0,0,0,0,0,0,0,0
9367,2016,1,1,1,0,0,0,0,0,0,0
9390,2014,1,1,0,0,0,0,0,0,0,0
9428,2017,1,1,0,0,0,0,0,0,0,0
9435,2016,1,1,0,0,0,0,0,0,0,0
9436,2017,1,1,0,0,0,0,0,0,0,0
9499,2014,1,1,0,0,0,0,0,0,0,0
9520,2016,1,1,0,0,0,0,0,0,0,0
9533,2014,1,1,0,0,0,0,0,0,0,0
9533,2016,1,1,0,0,0,0,0,0,1,0
9549,2014,2,2,1,0,0,1,0,0,1,0
9549,2015,3,2,1,1,0,0,1,0,1,0
9596,2017,1,1,1,0,0,0,0,0,0,0
9663,2014,1,1,0,0,0,0,0,0,0,0
9663,2016,1,1,0,0,0,0,0,0,0,0
9668,2014,2,1,0,0,0,0,1,0,0,0
9668,2015,3,2,0,0,0,0,1,0,0,0
9668,2016,2,2,0,0,0,0,0,0,2,0
9683,2014,1,1,0,0,0,0,0,0,1,0
9689,2017,1,1,0,0,0,0,0,0,0,0
9818,2016,2,2,0,0,0,0,0,0,0,0
9837,2015,1,1,1,0,0,0,0,0,0,0
9860,2017,1,1,1,0,0,0,0,0,0,0
9869,2015,1,0,0,0,0,0,1,0,0,0
9875,2015,1,1,0,0,0,0,0,0,1,0
9923,2016,1,1,1,0,0,1,0,0,0,0
9941,2015,1,1,0,0,0,0,0,0,1,0
9960,2016,2,2,0,0,0,0,0,0,0,0
10008,2014,1,1,0,0,0,0,0,0,0,0
10010,2016,1,0,0,0,0,0,1,0,0,0
10036,2015,2,2,1,0,0,0,0,0,1,0
10036,2016,3,3,1,0,0,1,0,0,0,0
10045,2014,1,0,0,0,0,0,0,0,0,1
10117,2014,1,1,0,0,0,0,0,0,0,0
10117,2015,1,1,0,0,0,0,0,0,0,0
10150,2014,1,1,0,0,0,0,0,0,1,0
10151,2017,1,1,0,0,0,0,0,0,0,0
10153,2014,1,1,0,0,0,0,0,0,1,0
10181,2014,1,0,0,0,0,0,1,0,0,0
10205,2014,1,1,0,0,0,0,0,0,0,0
10205,2015,1,1,1,1,0,0,0,0,0,0
10205,2017,1,0,0,0,0,0,1,0,0,0
10207,2015,3,2,1,0,0,0,0,1,0,0
10207,2016,1,1,0,0,0,0,0,0,1,0
10233,2015,1,0,0,0,0,0,1,0,0,0
10281,2014,1,1,0,0,0,0,0,0,0,0
10281,2015,4,2,0,0,0,0,1,1,0,0
10288,2015,1,1,0,0,0,0,0,0,0,0
10296,2014,1,1,0,0,0,0,0,0,1,0
10327,2014,1,1,0,0,0,0,0,0,1,0
10327,2017,4,4,0,0,0,0,0,0,2,0
10366,2015,3,3,0,0,0,0,0,0,3,0
10398,2014,1,1,0,0,0,0,0,0,1,0
10404,2016,1,0,0,0,0,0,1,0,0,0
10406,2016,1,1,0,0,0,0,0,0,0,0
10426,2016,1,1,0,0,0,0,0,0,1,0
10432,2014,3,3,0,0,0,0,0,0,1,0
10432,2015,3,3,0,0,0,0,0,0,1,0
10432,2016,2,2,0,0,0,0,0,0,1,0
10575,2015,1,0,0,0,0,0,0,0,0,0
10602,2015,1,1,0,0,0,0,0,0,0,0
10602,2017,2,2,1,0,0,0,0,0,1,0
10770,2016,1,1,0,0,0,0,0,0,0,0
10770,2017,2,2,0,0,0,0,0,0,0,0
10780,2017,2,2,1,1,0,0,0,0,0,0
10831,2015,1,1,0,0,0,0,0,0,0,0
10833,2014,2,1,1,0,0,0,1,0,0,0
10833,2015,3,3,1,0,0,1,0,0,0,0
10833,2016,1,1,0,0,0,0,0,0,0,0
10833,2017,1,1,1,1,0,0,0,0,0,0
10877,2014,1,0,0,0,0,0,1,0,0,0
10877,2015,1,1,1,0,0,0,0,0,0,0
10922,2017,1,1,0,0,0,0,0,0,0,0
10964,2014,2,1,0,0,0,0,1,0,0,0
10964,2016,1,1,0,0,0,0,0,0,0,0
10964,2017,2,2,0,0,0,0,0,0,0,0
11037,2014,1,1,0,0,0,0,0,0,1,0
11037,2016,1,1,0,0,0,0,0,0,0,0
11148,2017,1,0,0,0,0,0,1,0,0,0
11176,2016,2,2,0,0,0,0,0,0,1,0
11190,2014,1,1,0,0,0,0,0,0,0,0
11212,2014,1,1,0,0,0,0,0,0,1,0
11220,2015,1,1,0,0,0,0,0,0,1,0
11227,2016,1,1,0,0,0,0,0,0,0,0
11231,2014,2,2,0,0,0,0,0,0,0,0
11290,2014,2,2,0,0,0,0,0,0,1,0
11301,2016,1,1,0,0,0,0,0,0,1,0
11313,2015,1,1,1,0,0,0,0,0,0,0
11509,2016,1,1,0,0,0,0,0,0,0,0
11520,2015,3,3,0,0,0,0,0,0,2,0
11525,2015,1,1,0,0,0,0,0,0,1,0
11615,2014,1,1,1,0,0,0,0,0,0,0
11615,2017,1,1,1,1,0,0,0,0,0,0
11634,2015,1,1,0,0,0,0,0,0,1,0
11634,2017,2,2,0,0,0,0,0,0,1,0
11651,2015,1,1,0,0,0,0,0,0,1,0
11665,2015,1,1,0,0,0,0,0,0,1,0
11682,2014,2,2,0,0,0,0,0,0,2,0
11682,2015,1,0,0,0,0,0,1,0,0,0
11682,2017,2,2,1,1,0,0,0,0,0,0
11693,2016,1,1,0,0,0,0,0,0,1,0
11698,2015,2,2,1,0,0,0,0,0,0,0
11698,2016,1,0,0,0,0,0,1,0,0,0
11701,2014,1,1,0,0,0,0,0,0,0,0
11703,2014,4,3,2,0,0,0,1,0,1,0
11703,2017,1,1,1,0,0,1,0,0,0,0
11800,2014,1,1,0,0,0,0,0,0,0,0
11823,2014,1,1,0,0,0,0,0,0,0,0
11823,2015,3,3,1,0,0,0,0,0,1,0
11872,2016,1,1,0,0,0,0,0,0,0,0
11900,2017,1,1,0,0,0,0,0,0,1,0
11975,2015,3,3,2,1,0,0,0,0,0,0
12119,2014,1,1,0,0,0,0,0,0,1,0
12166,2014,1,1,0,0,0,0,0,0,1,0
12166,2016,1,1,0,0,0,0,0,0,0,0
12468,2014,1,1,1,0,0,0,0,0,0,0
12468,2015,3,3,1,0,0,0,0,0,0,0
12468,2016,2,2,0,0,0,0,0,0,0,0
12523,2014,1,1,0,0,0,0,0,0,1,0
12523,2015,1,1,0,0,0,0,0,0,1,0
12579,2015,1,1,0,0,0,0,0,0,0,0
12598,2017,1,0,0,0,0,0,1,0,0,0
12666,2016,1,1,0,0,0,0,0,0,0,0
12672,2015,1,1,0,0,0,0,0,0,0,0
12672,2016,3,3,0,0,0,0,0,0,2,0
