20,2024,2,2,0,0,0,0,0,0,1,0
20,2026,1,0,0,0,0,0,1,0,0,0
26,2021,2,1,1,1,0,0,0,0,0,1
26,2022,1,1,0,0,0,0,0,0,0,0
29,2025,2,2,1,0,0,0,0,0,0,0
45,2025,1,1,0,0,0,0,0,0,0,0
46,2026,1,1,0,0,0,0,0,0,1,0
67,2025,1,1,0,0,0,0,0,0,1,0
71,2025,2,1,1,0,0,0,1,0,0,0
71,2026,2,2,0,0,0,0,0,0,1,0
77,2020,1,1,0,0,0,0,0,0,1,0
77,2024,1,1,1,0,0,0,0,0,0,0
77,2025,1,1,0,0,0,0,0,0,1,0
77,2026,1,1,0,0,0,0,0,0,0,0
117,2025,1,0,0,0,0,0,1,0,0,0
117,2026,2,0,0,0,0,0,1,1,0,0
136,2025,3,3,1,0,0,0,0,0,1,0
166,2019,1,1,1,0,0,1,0,0,0,0
177,2022,3,3,1,0,0,0,0,0,0,0
177,2023,1,1,1,1,0,0,0,0,0,0
199,2024,1,1,1,0,0,1,0,0,0,0
199,2025,1,1,1,0,0,0,0,0,0,0
212,2021,1,1,0,0,0,0,0,0,0,0
212,2022,3,3,0,0,0,0,0,0,1,0
212,2025,2,2,0,0,0,0,0,0,1,0
212,2026,1,1,1,0,0,0,0,0,0,0
223,2024,1,1,0,0,0,0,0,0,1,0
223,2025,1,1,0,0,0,0,0,0,1,0
240,2021,2,1,0,0,0,0,1,0,0,0
240,2022,1,1,1,1,0,0,0,0,0,0
240,2023,1,1,0,0,0,0,0,0,0,0
240,2026,1,1,0,0,0,0,0,0,0,0
265,2022,1,1,0,0,0,0,0,0,1,0
298,2021,1,1,0,0,0,0,0,0,1,0
298,2022,2,2,1,1,0,0,0,0,0,0
304,2021,1,1,1,0,0,0,0,0,0,0
304,2022,3,3,0,0,0,0,0,0,0,0
316,2022,1,1,0,0,0,0,0,0,0,0
316,2024,1,1,1,0,0,0,0,0,0,0
322,2025,1,1,1,0,0,0,0,0,0,0
338,2023,2,1,0,0,0,0,1,0,0,0
352,2020,1,1,0,0,0,0,0,0,0,0
352,2026,2,1,1,0,0,0,1,0,0,0
356,2023,1,1,0,0,0,0,0,0,0,0
356,2025,1,1,0,0,0,0,0,0,0,0
378,2022,2,2,1,1,0,0,0,0,0,0
378,2023,1,1,0,0,0,0,0,0,1,0
379,2022,1,1,1,0,0,0,0,0,0,0
379,2025,2,2,1,0,0,0,0,0,0,0
379,2026,2,2,1,0,0,0,0,0,0,0
385,2022,1,1,0,0,0,0,0,0,0,0
385,2023,1,1,0,0,0,0,0,0,0,0
440,2019,1,1,0,0,0,0,0,0,0,0
478,2022,1,1,0,0,0,0,0,0,1,0
478,2023,1,1,0,0,0,0,0,0,1,0
480,2019,2,1,0,0,0,0,1,0,0,0
480,2025,1,1,0,0,0,0,0,0,1,0
486,2022,1,1,0,0,0,0,0,0,0,0
536,2025,1,1,0,0,0,0,0,0,1,0
599,2025,1,1,0,0,0,0,0,0,1,0
634,2022,1,1,0,0,0,0,0,0,0,0
653,2022,2,2,0,0,0,0,0,0,0,0
671,2025,1,0,0,0,0,0,0,1,0,0
677,2026,1,1,0,0,0,0,0,0,0,0
678,2026,1,0,0,0,0,0,1,0,0,0
707,2025,1,1,0,0,0,0,0,0,0,0
709,2019,1,1,1,0,0,0,0,0,0,0
751,2020,1,1,0,0,0,0,0,0,1,0
755,2026,1,1,0,0,0,0,0,0,0,0
803,2020,1,1,0,0,0,0,0,0,0,0
803,2022,1,1,1,0,0,0,0,0,0,0
817,2022,1,1,0,0,0,0,0,0,0,0
817,2025,2,2,0,0,0,0,0,0,1,0
833,2020,1,0,0,0,0,0,1,0,0,0
849,2022,1,0,0,0,0,0,1,0,0,0
864,2025,2,2,1,0,0,0,0,0,1,0
864,2026,1,1,1,0,0,1,0,0,0,0
913,2022,1,1,0,0,0,0,0,0,0,0
924,2022,1,1,0,0,0,0,0,0,0,0
924,2023,2,2,1,0,0,0,0,0,0,0
929,2022,1,1,0,0,0,0,0,0,1,0
929,2026,2,2,1,0,0,0,0,0,0,0
941,2022,2,2,0,0,0,0,0,0,0,0
941,2023,1,1,1,0,0,1,0,0,0,0
955,2025,1,0,0,0,0,0,1,0,0,0
982,2020,1,0,0,0,0,0,1,0,0,0
1029,2024,1,1,0,0,0,0,0,0,0,0
1029,2026,1,1,1,0,0,0,0,0,0,0
1067,2022,3,3,1,0,0,0,0,0,1,0
1067,2025,2,1,0,0,0,0,0,0,0,1
1067,2026,2,0,0,0,0,0,1,0,0,1
1076,2025,2,2,2,0,0,0,0,0,0,0
1090,2022,1,1,0,0,0,0,0,0,1,0
1227,2022,3,3,1,0,0,0,0,0,1,0
1251,2022,2,2,2,1,0,0,0,0,0,0
1279,2021,1,1,1,0,0,0,0,0,0,0
1279,2022,3,2,1,0,0,0,0,1,1,0
1279,2023,1,0,0,0,0,0,1,0,0,0
1288,2023,1,1,0,0,0,0,0,0,1,0
1307,2022,1,1,0,0,0,0,0,0,0,0
1427,2022,3,3,1,0,1,0,0,0,1,0
1427,2025,1,1,0,0,0,0,0,0,1,0
1444,2022,1,1,0,0,0,0,0,0,0,0
1467,2019,1,1,0,0,0,0,0,0,0,0
1535,2022,1,1,0,0,0,0,0,0,0,0
1554,2025,2,2,0,0,0,0,0,0,0,0
1554,2026,1,1,0,0,0,0,0,0,1,0
1593,2025,1,1,1,0,1,0,0,0,0,0
1626,2022,1,1,0,0,0,0,0,0,0,0
1626,2026,1,1,0,0,0,0,0,0,0,0
1638,2023,1,1,0,0,0,0,0,0,0,0
1658,2022,2,2,0,0,0,0,0,0,0,0
1658,2023,2,1,1,1,0,0,1,0,0,0
1665,2026,1,1,0,0,0,0,0,0,0,0
1667,2019,1,1,1,1,0,0,0,0,0,0
1672,2026,1,1,0,0,0,0,0,0,0,0
1677,2020,1,1,0,0,0,0,0,0,0,0
1677,2022,2,2,2,0,0,1,0,0,0,0
1677,2023,1,1,0,0,0,0,0,0,1,0
1678,2022,1,1,0,0,0,0,0,0,0,0
1682,2023,1,1,0,0,0,0,0,0,0,0
1682,2025,1,1,0,0,0,0,0,0,0,0
1682,2026,1,1,0,0,0,0,0,0,1,0
1688,2026,1,0,0,0,0,0,1,0,0,0
1698,2024,1,1,1,0,0,0,0,0,0,0
1742,2022,1,1,0,0,0,0,0,0,1,0
1742,2023,1,1,0,0,0,0,0,0,0,0
1742,2025,1,1,0,0,0,0,0,0,1,0
1746,2020,2,1,0,0,0,0,1,0,1,0
1746,2021,2,1,1,0,0,0,0,1,0,0
1746,2022,1,1,1,0,0,0,0,0,0,0
1761,2025,1,1,0,0,0,0,0,0,1,0
1763,2022,1,1,1,0,0,0,0,0,0,0
1776,2025,1,1,0,0,0,0,0,0,1,0
1776,2026,1,0,0,0,0,0,1,0,0,0
1811,2022,1,1,0,0,0,0,0,0,0,0
1822,2025,3,3,0,0,0,0,0,0,2,0
1822,2026,1,1,0,0,0,0,0,0,1,0
1841,2025,1,0,0,0,0,0,0,1,0,0
1852,2022,2,1,0,0,0,0,1,0,1,0
1891,2022,3,2,0,0,0,0,1,0,0,0
1899,2020,1,0,0,0,0,0,1,0,0,0
1899,2021,1,1,0,0,0,0,0,0,1,0
1911,2019,1,1,1,1,0,0,0,0,0,0
1911,2025,1,1,0,0,0,0,0,0,0,0
1911,2026,1,1,0,0,0,0,0,0,0,0
1926,2022,1,0,0,0,0,0,0,1,0,0
1926,2023,1,1,1,1,0,0,0,0,0,0
1926,2025,2,2,0,0,0,0,0,0,1,0
1936,2022,2,2,1,0,0,0,0,0,1,0
1992,2026,1,1,0,0,0,0,0,0,0,0
1998,2021,2,2,1,1,0,0,0,0,0,0
1998,2025,2,1,0,0,0,0,1,0,0,0
2034,2022,1,1,0,0,0,0,0,0,0,0
2052,2025,2,2,0,0,0,0,0,0,0,0
2052,2026,1,1,0,0,0,0,0,0,0,0
2140,2022,1,1,0,0,0,0,0,0,0,0
2140,2025,1,1,0,0,0,0,0,0,0,0
2142,2022,1,1,1,1,0,0,0,0,0,0
2142,2025,1,1,0,0,0,0,0,0,1,0
2227,2025,1,0,0,0,0,0,0,0,0,0
2262,2025,2,1,0,0,0,0,0,1,0,0
2265,2026,1,1,0,0,0,0,0,0,0,0
2287,2025,2,2,0,0,0,0,0,0,1,0
2288,2025,2,2,2,0,0,1,0,0,0,0
2356,2021,2,2,1,0,0,0,0,0,0,0
2356,2022,1,0,0,0,0,0,1,0,0,0
2356,2025,2,2,1,0,0,0,0,0,0,0
2356,2026,1,1,0,0,0,0,0,0,0,0
2430,2020,1,0,0,0,0,0,0,1,0,0
2435,2020,1,1,0,0,0,0,0,0,0,0
2435,2021,1,1,1,0,0,0,0,0,0,0
2435,2022,6,6,1,0,0,0,0,0,0,0
2435,2023,2,1,1,0,0,0,1,0,0,0
2447,2025,2,2,0,0,0,0,0,0,0,0
2447,2026,1,1,0,0,0,0,0,0,1,0
2468,2020,2,1,0,0,0,0,1,0,0,0
2468,2021,1,1,0,0,0,0,0,0,0,0
2468,2025,3,2,0,0,0,0,1,0,1,0
2468,2026,2,2,1,0,0,0,0,0,0,0
2487,2025,1,0,0,0,0,0,1,0,0,0
2487,2026,1,1,0,0,0,0,0,0,1,0
2509,2022,1,1,0,0,0,0,0,0,1,0
2510,2025,1,1,0,0,0,0,0,0,1,0
2528,2022,1,1,0,0,0,0,0,0,1,0
2569,2022,1,1,1,1,0,0,0,0,0,0
2569,2024,1,1,0,0,0,0,0,0,1,0
2648,2026,1,1,0,0,0,0,0,0,0,0
2655,2022,1,1,1,0,0,0,0,0,0,0
2662,2020,1,1,0,0,0,0,0,0,1,0
2748,2026,1,0,0,0,0,0,1,0,0,0
2752,2025,2,1,0,0,0,0,0,0,1,1
2765,2025,1,0,0,0,0,0,1,0,0,0
2797,2025,1,1,0,0,0,0,0,0,0,0
2797,2026,1,1,0,0,0,0,0,0,1,0
2853,2022,2,1,0,0,0,0,1,0,0,0
2853,2023,1,1,1,0,0,1,0,0,0,0
2853,2025,1,0,0,0,0,0,1,0,0,0
2853,2026,2,2,1,0,0,0,0,0,0,0
2867,2020,1,1,1,1,0,0,0,0,0,0
2867,2021,1,1,0,0,0,0,0,0,0,0
2867,2022,2,2,1,0,0,0,0,0,0,0
2867,2023,1,1,0,0,0,0,0,0,1,0
2867,2024,1,1,0,0,0,0,0,0,0,0
2888,2022,2,2,0,0,0,0,0,0,0,0
2888,2023,2,2,1,1,0,0,0,0,0,0
2896,2023,1,1,0,0,0,0,0,0,0,0
2896,2025,1,1,0,0,0,0,0,0,0,0
2899,2023,1,1,1,0,0,0,0,0,0,0
2899,2026,1,1,0,0,0,0,0,0,0,0
2936,2026,1,1,0,0,0,0,0,0,0,0
2975,2026,1,1,0,0,0,0,0,0,1,0
2978,2022,2,2,1,0,0,0,0,0,1,0
2983,2025,1,1,0,0,0,0,0,0,0,0
3026,2022,1,1,0,0,0,0,0,0,1,0
3057,2024,1,1,0,0,0,0,0,0,1,0
3064,2020,2,1,0,0,0,0,1,0,0,0
3064,2025,1,1,0,0,0,0,0,0,0,0
3064,2026,1,1,0,0,0,0,0,0,0,0
3123,2023,2,2,0,0,0,0,0,0,0,0
3125,2024,1,1,1,0,0,1,0,0,0,0
3132,2025,1,1,1,1,0,0,0,0,0,0
3167,2021,1,1,0,0,0,0,0,0,1,0
3169,2026,1,1,0,0,0,0,0,0,0,0
3190,2019,2,2,0,0,0,0,0,0,0,0
3190,2025,2,2,1,0,0,0,0,0,0,0
3190,2026,2,1,0,0,0,0,0,0,0,0
3203,2025,1,1,1,0,0,0,0,0,0,0
3203,2026,1,1,0,0,0,0,0,0,0,0
3304,2025,1,1,0,0,0,0,0,0,1,0
3310,2020,1,1,0,0,0,0,0,0,1,0
3327,2022,2,2,0,0,0,0,0,0,1,0
3327,2025,1,1,0,0,0,0,0,0,1,0
3407,2023,1,1,0,0,0,0,0,0,1,0
3451,2025,2,2,0,0,0,0,0,0,1,0
3554,2024,1,1,0,0,0,0,0,0,0,0
3554,2025,1,1,0,0,0,0,0,0,0,0
3569,2020,1,1,0,0,0,0,0,0,0,0
3592,2020,1,1,0,0,0,0,0,0,0,0
3592,2025,3,3,0,0,0,0,0,0,2,0
3627,2023,1,1,0,0,0,0,0,0,0,0
3640,2025,1,1,0,0,0,0,0,0,1,0
3675,2021,1,0,0,0,0,0,0,1,0,0
3675,2025,1,0,0,0,0,0,1,0,0,0
3692,2022,1,1,0,0,0,0,0,0,0,0
3697,2020,3,3,1,0,0,0,0,0,0,0
3697,2022,4,3,0,0,0,0,1,0,0,0
3697,2023,3,3,1,1,0,0,0,0,0,0
3697,2025,2,1,0,0,0,0,0,1,0,0
3697,2026,1,1,0,0,0,0,0,0,0,0
3705,2022,2,2,0,0,0,0,0,0,1,0
3705,2023,1,1,0,0,0,0,0,0,0,0
3713,2025,1,1,0,0,0,0,0,0,0,0
3713,2026,1,1,0,0,0,0,0,0,0,0
3719,2022,1,1,0,0,0,0,0,0,0,0
3719,2026,1,0,0,0,0,0,0,0,0,1
3732,2022,1,1,1,1,0,0,0,0,0,0
3738,2025,1,1,0,0,0,0,0,0,1,0
3750,2025,2,1,0,0,0,0,1,0,0,0
3750,2026,2,2,0,0,0,0,0,0,1,0
3757,2025,1,1,0,0,0,0,0,0,1,0
3830,2021,1,1,0,0,0,0,0,0,1,0
3830,2023,1,0,0,0,0,0,1,0,0,0
3830,2024,1,1,1,0,0,0,0,0,0,0
3841,2019,1,0,0,0,0,0,1,0,0,0
3857,2021,3,3,1,0,0,0,0,0,0,0
3857,2022,2,2,0,0,0,0,0,0,1,0
3857,2023,1,1,1,0,0,1,0,0,0,0
3857,2026,1,1,0,0,0,0,0,0,1,0
3858,2025,1,1,0,0,0,0,0,0,1,0
3866,2022,1,1,0,0,0,0,0,0,0,0
3888,2022,1,1,0,0,0,0,0,0,1,0
3890,2024,1,1,0,0,0,0,0,0,0,0
3890,2025,1,0,0,0,0,0,1,0,0,0
3890,2026,3,3,2,0,0,1,0,0,0,0
3894,2025,1,1,0,0,0,0,0,0,1,0
3930,2020,1,0,0,0,0,0,0,0,0,0
3947,2022,1,1,0,0,0,0,0,0,1,0
3947,2023,2,2,1,0,0,1,0,0,0,0
3953,2026,1,1,0,0,0,0,0,0,1,0
3981,2023,2,2,1,1,0,0,0,0,1,0
3981,2024,1,1,0,0,0,0,0,0,0,0
4068,2022,1,1,1,0,0,0,0,0,0,0
4068,2023,1,1,0,0,0,0,0,0,1,0
4126,2019,1,1,0,0,0,0,0,0,0,0
4126,2025,1,1,0,0,0,0,0,0,0,0
4147,2021,1,1,1,1,0,0,0,0,0,0
4187,2024,1,0,0,0,0,0,1,0,0,0
4187,2025,2,2,2,0,0,0,0,0,0,0
4187,2026,2,2,1,1,0,0,0,0,1,0
4208,2022,1,1,0,0,0,0,0,0,0,0
4215,2020,1,1,0,0,0,0,0,0,0,0
4215,2022,1,1,1,0,0,0,0,0,0,0
4218,2022,1,1,0,0,0,0,0,0,0,0
4226,2025,1,1,0,0,0,0,0,0,1,0
4226,2026,1,1,1,0,0,1,0,0,0,0
4238,2021,1,1,0,0,0,0,0,0,0,0
4274,2021,1,1,1,0,0,0,0,0,0,0
4274,2022,1,1,0,0,0,0,0,0,0,0
4274,2024,1,1,0,0,0,0,0,0,1,0
4322,2022,1,1,1,1,0,0,0,0,0,0
4322,2026,1,1,0,0,0,0,0,0,1,0
4346,2025,3,3,1,0,0,0,0,0,1,0
4379,2020,1,1,0,0,0,0,0,0,0,0
4379,2023,2,2,1,0,0,0,0,0,1,0
4418,2022,2,2,0,0,0,0,0,0,0,0
4418,2023,1,1,0,0,0,0,0,0,1,0
4418,2025,1,1,1,0,0,0,0,0,0,0
4418,2026,1,1,0,0,0,0,0,0,0,0
4427,2022,1,0,0,0,0,0,1,0,0,0
4442,2025,4,4,1,1,0,0,0,0,0,0
4443,2021,1,1,1,1,0,0,0,0,0,0
4443,2022,2,2,0,0,0,0,0,0,0,0
4455,2022,2,2,0,0,0,0,0,0,0,0
4462,2025,1,1,0,0,0,0,0,0,1,0
4482,2022,1,1,1,1,0,0,0,0,0,0
4500,2022,2,2,1,1,0,0,0,0,0,0
4567,2020,1,1,0,0,0,0,0,0,0,0
4590,2022,1,1,0,0,0,0,0,0,0,0
4609,2025,1,0,0,0,0,0,1,0,0,0
4634,2025,1,1,1,1,0,0,0,0,0,0
4650,2026,1,1,0,0,0,0,0,0,0,0
4659,2021,1,1,0,0,0,0,0,0,0,0
4659,2022,1,1,0,0,0,0,0,0,1,0
4669,2025,1,1,0,0,0,0,0,0,0,0
4669,2026,1,1,1,0,0,0,0,0,0,0
4740,2026,1,1,1,0,0,0,0,0,0,0
4746,2025,3,3,2,0,0,0,0,0,1,0
4775,2022,1,0,0,0,0,0,0,0,0,0
4775,2026,1,1,0,0,0,0,0,0,0,0
4787,2022,1,1,0,0,0,0,0,0,1,0
4787,2023,2,2,0,0,0,0,0,0,0,0
4787,2026,1,1,1,1,0,0,0,0,0,0
4791,2020,1,1,1,1,0,0,0,0,0,0
4855,2023,1,1,0,0,0,0,0,0,1,0
4883,2022,1,1,0,0,0,0,0,0,1,0
4891,2020,1,1,1,0,0,0,0,0,0,0
4891,2023,1,1,1,0,0,0,0,0,0,0
4899,2026,1,1,0,0,0,0,0,0,0,0
4927,2022,1,1,0,0,0,0,0,0,1,0
4927,2023,3,2,2,0,0,0,0,1,0,0
4927,2025,1,1,0,0,0,0,0,0,1,0
4927,2026,2,2,1,0,0,0,0,0,0,0
4940,2025,2,2,1,0,0,0,0,0,0,0
4940,2026,2,2,1,0,0,0,0,0,1,0
4969,2025,3,2,1,0,0,0,1,0,0,0
4974,2022,1,0,0,0,0,0,1,0,0,0
4974,2023,1,1,0,0,0,0,0,0,0,0
4985,2026,1,1,0,0,0,0,0,0,0,0
4987,2023,1,1,0,0,0,0,0,0,1,0
5029,2026,1,1,0,0,0,0,0,0,1,0
5046,2019,1,1,0,0,0,0,0,0,0,0
5067,2025,3,2,0,0,0,0,1,0,0,0
5067,2026,1,1,0,0,0,0,0,0,1,0
5117,2021,1,1,1,1,0,0,0,0,0,0
5156,2025,2,2,0,0,0,0,0,0,1,0
5156,2026,1,0,0,0,0,0,1,0,0,0
5159,2025,2,2,1,0,0,0,0,0,1,0
5161,2020,2,2,0,0,0,0,0,0,0,0
5169,2025,1,1,0,0,0,0,0,0,0,0
5169,2026,2,2,1,1,0,0,0,0,0,0
5249,2025,1,1,0,0,0,0,0,0,1,0
5272,2023,1,1,0,0,0,0,0,0,0,0
5272,2025,1,1,0,0,0,0,0,0,1,0
5323,2021,2,2,1,0,1,0,0,0,0,0
5323,2022,2,1,0,0,0,0,1,0,1,0
5323,2023,1,1,0,0,0,0,0,0,0,0
5328,2021,2,2,0,0,0,0,0,0,0,0
5328,2024,1,1,0,0,0,0,0,0,0,0
5328,2025,1,1,0,0,0,0,0,0,0,0
5358,2022,1,1,0,0,0,0,0,0,0,0
5358,2025,1,1,1,0,0,0,0,0,0,0
5439,2025,1,1,0,0,0,0,0,0,0,0
5466,2023,1,1,0,0,0,0,0,0,0,0
5482,2026,1,1,1,0,1,0,0,0,0,0
5500,2021,2,2,0,0,0,0,0,0,1,0
5528,2025,1,1,1,0,0,0,0,0,0,0
5650,2025,1,0,0,0,0,0,0,1,0,0
5698,2021,1,1,1,0,0,0,0,0,0,0
5698,2022,1,0,0,0,0,0,1,0,0,0
5698,2023,1,1,0,0,0,0,0,0,1,0
5698,2025,1,1,0,0,0,0,0,0,1,0
5702,2023,1,1,0,0,0,0,0,0,0,0
5704,2022,2,2,0,0,0,0,0,0,0,0
5704,2023,2,1,0,0,0,0,0,1,0,0
5771,2026,1,1,0,0,0,0,0,0,0,0
5774,2023,1,1,0,0,0,0,0,0,0,0
5779,2025,1,0,0,0,0,0,0,0,0,1
5779,2026,1,1,1,0,0,0,0,0,0,0
5810,2021,1,1,0,0,0,0,0,0,0,0
5810,2022,3,2,0,0,0,0,0,1,0,0
5818,2025,1,1,0,0,0,0,0,0,0,0
5818,2026,1,1,0,0,0,0,0,0,1,0
5834,2022,1,1,0,0,0,0,0,0,0,0
5834,2025,1,1,0,0,0,0,0,0,0,0
5834,2026,1,1,0,0,0,0,0,0,0,0
5866,2022,1,1,0,0,0,0,0,0,1,0
5880,2026,1,1,1,0,0,0,0,0,0,0
5887,2021,2,1,0,0,0,0,0,1,0,0
5887,2022,1,1,0,0,0,0,0,0,1,0
5887,2023,2,2,1,0,0,0,0,0,0,0
5887,2025,2,2,0,0,0,0,0,0,1,0
5913,2019,1,1,1,0,0,1,0,0,0,0
5919,2023,1,1,1,1,0,0,0,0,0,0
5920,2022,2,2,0,0,0,0,0,0,0,0
5920,2025,1,1,0,0,0,0,0,0,0,0
5932,2026,1,1,0,0,0,0,0,0,0,0
6109,2025,1,1,0,0,0,0,0,0,0,0
6109,2026,1,1,0,0,0,0,0,0,0,0
6131,2021,2,2,0,0,0,0,0,0,1,0
6150,2022,1,1,0,0,0,0,0,0,1,0
6184,2022,3,3,1,0,0,0,0,0,0,0
6184,2023,2,2,0,0,0,0,0,0,0,0
6185,2025,1,1,0,0,0,0,0,0,0,0
6207,2023,1,1,0,0,0,0,0,0,1,0
6207,2025,1,1,0,0,0,0,0,0,0,0
6234,2020,1,1,0,0,0,0,0,0,1,0
6234,2022,4,4,0,0,0,0,0,0,2,0
6234,2023,1,1,0,0,0,0,0,0,1,0
6234,2025,2,2,0,0,0,0,0,0,2,0
6234,2026,2,1,0,0,0,0,0,1,1,0
6302,2025,3,3,0,0,0,0,0,0,1,0
6302,2026,1,1,0,0,0,0,0,0,0,0
6339,2021,1,1,0,0,0,0,0,0,0,0
6339,2023,1,1,1,1,0,0,0,0,0,0
6339,2025,1,1,0,0,0,0,0,0,1,0
6393,2020,2,1,0,0,0,0,1,0,0,0
6397,2025,1,1,1,0,0,1,0,0,0,0
6397,2026,1,1,1,0,0,0,0,0,0,0
6419,2025,2,2,0,0,0,0,0,0,0,0
6419,2026,2,1,1,0,0,0,1,0,0,0
6436,2025,1,1,1,0,0,0,0,0,0,0
6459,2025,1,1,0,0,0,0,0,0,0,0
6497,2025,1,1,0,0,0,0,0,0,0,0
6506,2025,2,1,0,0,0,0,0,1,1,0
6542,2020,1,1,0,0,0,0,0,0,0,0
6546,2020,1,0,0,0,0,0,1,0,0,0
6572,2024,1,1,0,0,0,0,0,0,1,0
6575,2026,2,1,0,0,0,0,0,0,0,1
6583,2025,1,1,0,0,0,0,0,0,1,0
6583,2026,1,1,0,0,0,0,0,0,1,0
6590,2020,1,1,0,0,0,0,0,0,0,0
6611,2022,1,1,0,0,0,0,0,0,0,0
6615,2023,1,1,1,0,0,0,0,0,0,0
6618,2021,3,2,0,0,0,0,1,0,1,0
6618,2022,1,1,0,0,0,0,0,0,0,0
6618,2023,1,1,1,0,0,1,0,0,0,0
6618,2025,2,2,0,0,0,0,0,0,0,0
6623,2021,1,1,0,0,0,0,0,0,1,0
6623,2022,4,4,0,0,0,0,0,0,0,0
6636,2019,1,0,0,0,0,0,1,0,0,0
6656,2026,1,1,0,0,0,0,0,0,0,0
6671,2025,2,2,1,1,0,0,0,0,1,0
6709,2020,2,2,1,1,0,0,0,0,0,0
6709,2021,1,1,1,0,0,0,0,0,0,0
6709,2025,1,1,1,1,0,0,0,0,0,0
6709,2026,3,2,0,0,0,0,0,0,0,1
6712,2020,1,1,0,0,0,0,0,0,0,0
6712,2022,1,0,0,0,0,0,1,0,0,0
6796,2020,1,1,1,0,0,1,0,0,0,0
6796,2021,2,2,0,0,0,0,0,0,2,0
6796,2022,2,2,0,0,0,0,0,0,0,0
6796,2025,1,1,1,0,0,1,0,0,0,0
6811,2022,3,3,1,0,0,0,0,0,0,0
6814,2026,1,1,0,0,0,0,0,0,0,0
6842,2025,1,1,1,0,0,1,0,0,0,0
6852,2022,1,1,0,0,0,0,0,0,0,0
6852,2023,1,1,1,1,0,0,0,0,0,0
6884,2021,1,1,0,0,0,0,0,0,0,0
6884,2025,2,2,2,0,0,0,0,0,0,0
6884,2026,1,1,0,0,0,0,0,0,0,0
6888,2026,1,1,0,0,0,0,0,0,1,0
6903,2026,1,1,0,0,0,0,0,0,0,0
6904,2026,1,0,0,0,0,0,1,0,0,0
6938,2022,2,2,1,1,0,0,0,0,0,0
6948,2020,1,1,0,0,0,0,0,0,0,0
6948,2025,4,3,1,0,0,0,0,1,1,0
6948,2026,1,1,0,0,0,0,0,0,0,0
6963,2025,2,2,1,1,0,0,0,0,0,0
6977,2021,2,2,1,0,0,1,0,0,0,0
6977,2025,1,1,0,0,0,0,0,0,0,0
6977,2026,1,1,0,0,0,0,0,0,0,0
6999,2025,2,2,0,0,0,0,0,0,0,0
7012,2022,1,1,1,0,0,0,0,0,0,0
7012,2023,1,1,0,0,0,0,0,0,1,0
7012,2026,1,1,1,0,0,0,0,0,0,0
7035,2025,1,1,0,0,0,0,0,0,1,0
7064,2025,1,1,0,0,0,0,0,0,0,0
7094,2020,2,1,0,0,0,0,0,0,1,1
7096,2025,1,1,0,0,0,0,0,0,0,0
7132,2025,1,1,0,0,0,0,0,0,1,0
7132,2026,3,3,2,0,0,1,0,0,0,0
7134,2025,2,2,1,0,0,0,0,0,0,0
7157,2021,3,3,0,0,0,0,0,0,3,0
7157,2022,3,3,1,0,0,0,0,0,1,0
7160,2025,2,1,1,1,0,0,1,0,0,0
7167,2024,1,1,0,0,0,0,0,0,0,0
7167,2025,1,1,0,0,0,0,0,0,1,0
7171,2025,3,2,0,0,0,0,1,0,2,0
7236,2024,1,1,0,0,0,0,0,0,0,0
7249,2023,1,1,0,0,0,0,0,0,0,0
7255,2026,1,1,0,0,0,0,0,0,0,0
7263,2025,1,1,0,0,0,0,0,0,0,0
7263,2026,1,1,0,0,0,0,0,0,1,0
7284,2024,1,1,0,0,0,0,0,0,0,0
7302,2023,1,1,0,0,0,0,0,0,0,0
7302,2026,1,1,0,0,0,0,0,0,1,0
7335,2022,1,1,0,0,0,0,0,0,1,0
7349,2022,1,1,0,0,0,0,0,0,1,0
7356,2025,1,1,0,0,0,0,0,0,0,0
7402,2025,2,2,1,0,0,0,0,0,1,0
7402,2026,5,4,1,0,0,0,0,0,1,0
7431,2025,1,1,0,0,0,0,0,0,0,0
7431,2026,1,1,0,0,0,0,0,0,1,0
7544,2022,2,2,0,0,0,0,0,0,2,0
7583,2026,1,1,0,0,0,0,0,0,0,0
7634,2026,1,1,0,0,0,0,0,0,0,0
7718,2026,2,2,2,0,0,0,0,0,0,0
7733,2026,1,1,0,0,0,0,0,0,0,0
7749,2026,1,1,0,0,0,0,0,0,0,0
7754,2026,3,2,0,0,0,0,1,0,0,0
7759,2026,2,2,1,0,0,1,0,0,0,0
7771,2026,1,0,0,0,0,0,1,0,0,0
7775,2026,1,1,1,1,0,0,0,0,0,0
7781,2026,1,1,0,0,0,0,0,0,0,0
7785,2026,1,1,0,0,0,0,0,0,0,0
7795,2026,1,1,0,0,0,0,0,0,0,0
7799,2026,1,1,1,1,0,0,0,0,0,0
7800,2026,1,0,0,0,0,0,1,0,0,0
7801,2026,1,1,0,0,0,0,0,0,0,0
7816,2026,3,3,0,0,0,0,0,0,1,0
7821,2026,1,0,0,0,0,0,1,0,0,0
7856,2021,1,1,0,0,0,0,0,0,0,0
7856,2025,1,1,0,0,0,0,0,0,1,0
7875,2025,1,1,1,0,0,0,0,0,0,0
7915,2025,1,1,0,0,0,0,0,0,1,0
7917,2020,2,2,2,0,0,0,0,0,0,0
7917,2022,1,1,0,0,0,0,0,0,0,0
7964,2025,1,1,1,0,0,0,0,0,0,0
7964,2026,1,1,0,0,0,0,0,0,1,0
8044,2022,1,1,0,0,0,0,0,0,1,0
8044,2023,1,1,0,0,0,0,0,0,0,0
8063,2022,2,2,0,0,0,0,0,0,1,0
8063,2025,1,1,0,0,0,0,0,0,0,0
8072,2020,1,1,0,0,0,0,0,0,0,0
8072,2022,1,1,0,0,0,0,0,0,0,0
8072,2025,2,2,0,0,0,0,0,0,0,0
8072,2026,1,0,0,0,0,0,1,0,0,0
8073,2025,1,1,0,0,0,0,0,0,0,0
8088,2019,1,1,0,0,0,0,0,0,0,0
8112,2021,1,1,0,0,0,0,0,0,0,0
8112,2022,5,5,0,0,0,0,0,0,2,0
8112,2025,1,1,0,0,0,0,0,0,0,0
8114,2021,1,1,0,0,0,0,0,0,1,0
8143,2025,1,1,0,0,0,0,0,0,0,0
8151,2020,1,1,0,0,0,0,0,0,1,0
8151,2021,1,1,0,0,0,0,0,0,0,0
8170,2019,1,1,0,0,0,0,0,0,0,0
8177,2025,1,1,1,0,0,0,0,0,0,0
8199,2023,1,1,0,0,0,0,0,0,0,0
8199,2025,1,1,0,0,0,0,0,0,0,0
8200,2020,1,1,0,0,0,0,0,0,0,0
8200,2022,1,1,0,0,0,0,0,0,0,0
8200,2023,1,1,1,1,0,0,0,0,0,0
8200,2025,1,1,1,0,0,0,0,0,0,0
8200,2026,1,1,0,0,0,0,0,0,0,0
8239,2024,1,1,1,1,0,0,0,0,0,0
8246,2022,1,1,0,0,0,0,0,0,0,0
8282,2022,1,0,0,0,0,0,0,0,0,0
8305,2022,1,1,1,1,0,0,0,0,0,0
8305,2024,1,0,0,0,0,0,1,0,0,0
8305,2025,1,1,1,1,0,0,0,0,0,0
8323,2023,1,1,0,0,0,0,0,0,0,0
8323,2025,1,0,0,0,0,0,1,0,0,0
8331,2020,2,2,0,0,0,0,0,0,0,0
8331,2021,1,1,0,0,0,0,0,0,1,0
8343,2025,1,1,0,0,0,0,0,0,0,0
8343,2026,2,2,0,0,0,0,0,0,0,0
8344,2026,1,1,1,0,0,0,0,0,0,0
8388,2025,1,1,0,0,0,0,0,0,0,0
8388,2026,1,1,1,0,0,0,0,0,0,0
8431,2022,1,1,0,0,0,0,0,0,1,0
8455,2024,1,1,0,0,0,0,0,0,1,0
8456,2020,1,1,0,0,0,0,0,0,1,0
8477,2024,1,1,0,0,0,0,0,0,0,0
8501,2020,2,1,0,0,0,0,1,0,0,0
8501,2025,1,1,0,0,0,0,0,0,0,0
8501,2026,2,2,0,0,0,0,0,0,0,0
8515,2019,1,1,0,0,0,0,0,0,0,0
8515,2025,1,1,0,0,0,0,0,0,1,0
8551,2025,1,0,0,0,0,0,1,0,0,0
8551,2026,1,1,1,1,0,0,0,0,0,0
8623,2025,1,1,0,0,0,0,0,0,0,0
8623,2026,1,1,0,0,0,0,0,0,1,0
8645,2025,1,1,1,1,0,0,0,0,0,0
8645,2026,1,1,1,0,0,0,0,0,0,0
8693,2023,2,2,0,0,0,0,0,0,1,0
8693,2025,1,1,0,0,0,0,0,0,1,0
8744,2025,1,1,0,0,0,0,0,0,0,0
8809,2025,1,1,0,0,0,0,0,0,0,0
8844,2022,3,3,2,0,0,1,0,0,0,0
8844,2023,1,1,1,0,0,0,0,0,0,0
8844,2025,1,0,0,0,0,0,1,0,0,0
8844,2026,1,1,1,1,0,0,0,0,0,0
8870,2022,1,0,0,0,0,0,1,0,0,0
8878,2023,1,1,0,0,0,0,0,0,0,0
8878,2025,2,2,0,0,0,0,0,0,1,0
8885,2025,4,3,2,1,0,1,1,0,0,0
8885,2026,1,1,1,0,0,0,0,0,0,0
8901,2026,1,0,0,0,0,0,1,0,0,0
8925,2025,1,1,0,0,0,0,0,0,0,0
8968,2021,2,2,2,1,0,0,0,0,0,0
8972,2023,1,1,0,0,0,0,0,0,0,0
9002,2021,1,1,0,0,0,0,0,0,1,0
9002,2025,1,1,0,0,0,0,0,0,0,0
9013,2022,1,1,0,0,0,0,0,0,1,0
9060,2024,1,1,1,0,0,0,0,0,0,0
9067,2020,1,1,0,0,0,0,0,0,0,0
9067,2022,2,2,1,1,0,0,0,0,0,0
9085,2020,1,1,1,1,0,0,0,0,0,0
9085,2022,1,1,0,0,0,0,0,0,1,0
9100,2019,1,1,1,0,0,0,0,0,0,0
9100,2022,1,1,1,0,0,0,0,0,0,0
9119,2025,1,1,0,0,0,0,0,0,0,0
9151,2025,1,1,0,0,0,0,0,0,0,0
9186,2025,1,1,0,0,0,0,0,0,0,0
9218,2020,1,1,0,0,0,0,0,0,0,0
9218,2021,1,1,0,0,0,0,0,0,0,0
9233,2020,1,1,0,0,0,0,0,0,0,0
9297,2025,1,1,0,0,0,0,0,0,1,0
9297,2026,1,1,0,0,0,0,0,0,1,0
9315,2022,4,4,0,0,0,0,0,0,2,0
9315,2023,2,2,1,0,0,0,0,0,0,0
9315,2026,1,1,0,0,0,0,0,0,0,0
9316,2023,1,1,0,0,0,0,0,0,0,0
9320,2026,1,1,0,0,0,0,0,0,1,0
9332,2022,1,1,0,0,0,0,0,0,1,0
9332,2023,1,1,1,0,0,0,0,0,0,0
9335,2019,1,1,1,0,0,0,0,0,0,0
9335,2022,1,1,1,1,0,0,0,0,0,0
9335,2025,1,1,0,0,0,0,0,0,0,0
9361,2025,4,4,0,0,0,0,0,0,0,0
9361,2026,4,4,1,0,0,0,0,0,2,0
9409,2026,1,1,1,0,0,1,0,0,0,0
9428,2025,2,2,0,0,0,0,0,0,0,0
9428,2026,2,2,0,0,0,0,0,0,2,0
9436,2020,1,1,0,0,0,0,0,0,1,0
9473,2023,1,1,0,0,0,0,0,0,1,0
9473,2024,1,1,0,0,0,0,0,0,1,0
9499,2020,2,1,0,0,0,0,1,0,0,0
9501,2025,1,1,1,1,0,0,0,0,0,0
9503,2020,1,1,0,0,0,0,0,0,1,0
9503,2026,1,0,0,0,0,0,1,0,0,0
9539,2022,1,1,0,0,0,0,0,0,0,0
9542,2025,2,2,1,0,0,0,0,0,0,0
9568,2025,1,1,0,0,0,0,0,0,0,0
9568,2026,1,1,0,0,0,0,0,0,1,0
9615,2025,1,1,1,0,0,0,0,0,0,0
9615,2026,1,1,0,0,0,0,0,0,0,0
9668,2021,1,1,0,0,0,0,0,0,1,0
9668,2023,1,1,0,0,0,0,0,0,0,0
9705,2021,1,1,1,0,0,0,0,0,0,0
9705,2022,1,1,0,0,0,0,0,0,0,0
9705,2026,1,1,0,0,0,0,0,0,1,0
9746,2022,1,1,1,0,0,0,0,0,0,0
9749,2025,1,1,0,0,0,0,0,0,1,0
9749,2026,1,1,0,0,0,0,0,0,0,0
9797,2022,3,3,2,1,0,0,0,0,0,0
9797,2023,2,2,0,0,0,0,0,0,0,0
9797,2026,1,1,1,0,0,0,0,0,0,0
9856,2025,1,0,0,0,0,0,1,0,0,0
9860,2025,1,1,0,0,0,0,0,0,1,0
9860,2026,1,1,0,0,0,0,0,0,0,0
9914,2023,1,1,0,0,0,0,0,0,0,0
9925,2022,1,1,0,0,0,0,0,0,0,0
9928,2024,2,2,0,0,0,0,0,0,1,0
10013,2023,1,1,1,0,0,0,0,0,0,0
10015,2022,1,1,0,0,0,0,0,0,0,0
10015,2024,2,2,0,0,0,0,0,0,0,0
10015,2025,2,2,0,0,0,0,0,0,0,0
10015,2026,2,2,1,0,0,1,0,0,0,0
10031,2026,1,1,1,0,0,0,0,0,0,0
10047,2023,1,0,0,0,0,0,1,0,0,0
10094,2026,1,1,0,0,0,0,0,0,1,0
10151,2022,2,2,0,0,0,0,0,0,1,0
10151,2026,1,0,0,0,0,0,1,0,0,0
10157,2022,1,1,0,0,0,0,0,0,0,0
10157,2025,1,1,1,0,0,0,0,0,0,0
10196,2025,1,1,0,0,0,0,0,0,0,0
10196,2026,2,2,1,0,0,0,0,0,0,0
10205,2019,1,1,0,0,0,0,0,0,0,0
10205,2022,1,1,0,0,0,0,0,0,0,0
10283,2024,2,2,1,1,0,0,0,0,0,0
10310,2025,4,3,1,0,0,0,1,0,1,0
10310,2026,3,1,0,0,0,0,1,1,0,0
10320,2025,1,1,1,1,0,0,0,0,0,0
10355,2024,1,1,1,0,0,0,0,0,0,0
10355,2025,1,1,0,0,0,0,0,0,1,0
10366,2025,1,1,0,0,0,0,0,0,1,0
10391,2025,1,1,0,0,0,0,0,0,0,0
10404,2023,1,1,1,0,0,1,0,0,0,0
10406,2020,3,1,1,0,0,1,1,1,0,0
10406,2021,1,1,1,0,0,0,0,0,0,0
10451,2022,1,1,0,0,0,0,0,0,1,0
10451,2023,2,2,1,0,0,1,0,0,0,0
10457,2024,2,1,0,0,0,0,1,0,0,0
10509,2025,1,1,0,0,0,0,0,0,0,0
10509,2026,1,1,1,0,0,0,0,0,0,0
10510,2019,1,1,0,0,0,0,0,0,0,0
10518,2022,1,1,0,0,0,0,0,0,0,0
10518,2025,2,2,1,1,0,0,0,0,1,0
10613,2025,1,1,0,0,0,0,0,0,0,0
10615,2026,1,1,0,0,0,0,0,0,0,0
10635,2021,1,1,0,0,0,0,0,0,0,0
10635,2023,1,1,0,0,0,0,0,0,1,0
10667,2020,2,2,0,0,0,0,0,0,1,0
10667,2025,1,1,0,0,0,0,0,0,0,0
10712,2025,1,1,0,0,0,0,0,0,1,0
10712,2026,1,1,0,0,0,0,0,0,1,0
10722,2025,2,1,0,0,0,0,1,0,0,0
10738,2022,2,2,1,0,0,0,0,0,1,0
10738,2025,1,1,0,0,0,0,0,0,0,0
10743,2022,1,1,0,0,0,0,0,0,0,0
10760,2025,1,1,0,0,0,0,0,0,0,0
10760,2026,1,0,0,0,0,0,1,0,0,0
10777,2020,1,1,0,0,0,0,0,0,1,0
10777,2022,1,1,0,0,0,0,0,0,0,0
10777,2025,2,2,0,0,0,0,0,0,0,0
10819,2023,1,1,0,0,0,0,0,0,0,0
10826,2020,1,1,1,0,0,0,0,0,0,0
10829,2021,2,1,0,0,0,0,1,0,0,0
10829,2022,1,1,0,0,0,0,0,0,1,0
10852,2019,2,2,1,0,0,0,0,0,0,0
10852,2026,1,1,0,0,0,0,0,0,0,0
10858,2025,1,1,1,0,0,0,0,0,0,0
10864,2022,1,1,0,0,0,0,0,0,0,0
10864,2025,1,1,0,0,0,0,0,0,1,0
10876,2019,1,1,0,0,0,0,0,0,0,0
10922,2020,1,1,0,0,0,0,0,0,1,0
10922,2022,2,2,0,0,0,0,0,0,1,0
10922,2023,1,1,1,0,0,0,0,0,0,0
10922,2026,1,1,0,0,0,0,0,0,0,0
10944,2022,1,1,0,0,0,0,0,0,0,0
10964,2021,1,1,0,0,0,0,0,0,0,0
10964,2022,1,0,0,0,0,0,1,0,0,0
10979,2021,1,1,0,0,0,0,0,0,0,0
10994,2025,3,2,1,0,0,0,1,0,0,0
10994,2026,1,1,1,0,0,1,0,0,0,0
10996,2024,1,1,0,0,0,0,0,0,1,0
11021,2025,1,1,0,0,0,0,0,0,0,0
11021,2026,2,2,1,1,0,0,0,0,1,0
11086,2020,1,1,0,0,0,0,0,0,0,0
11086,2022,2,2,0,0,0,0,0,0,1,0
11086,2025,2,2,0,0,0,0,0,0,2,0
11087,2022,1,1,1,0,0,1,0,0,0,0
11087,2025,2,2,0,0,0,0,0,0,1,0
11087,2026,1,1,1,1,0,0,0,0,0,0
11096,2025,1,1,1,0,0,0,0,0,0,0
11107,2020,1,1,0,0,0,0,0,0,1,0
11107,2022,2,2,1,0,0,0,0,0,0,0
11107,2025,1,1,0,0,0,0,0,0,0,0
11148,2022,3,3,0,0,0,0,0,0,1,0
11148,2023,3,3,1,0,0,0,0,0,1,0
11148,2025,3,3,1,0,0,0,0,0,1,0
11148,2026,1,1,1,0,0,1,0,0,0,0
11189,2025,1,1,0,0,0,0,0,0,0,0
11191,2021,1,1,0,0,0,0,0,0,0,0
11193,2025,1,1,1,0,0,0,0,0,0,0
11199,2025,2,2,0,0,0,0,0,0,0,0
11199,2026,1,1,0,0,0,0,0,0,0,0
11275,2020,1,1,0,0,0,0,0,0,1,0
11275,2025,5,5,1,0,0,0,0,0,2,0
11275,2026,5,5,2,1,0,0,0,0,1,0
11283,2025,1,0,0,0,0,0,1,0,0,0
11289,2021,1,1,0,0,0,0,0,0,1,0
11289,2023,3,3,1,0,0,0,0,0,0,0
11292,2025,2,2,1,0,0,0,0,0,0,0
11292,2026,3,3,1,0,0,0,0,0,1,0
11301,2020,1,1,1,0,0,0,0,0,0,0
11301,2022,1,1,0,0,0,0,0,0,1,0
11301,2025,1,1,0,0,0,0,0,0,0,0
11313,2023,2,2,0,0,0,0,0,0,0,0
11313,2025,1,1,1,1,0,0,0,0,0,0
11318,2026,1,1,0,0,0,0,0,0,0,0
11321,2024,1,1,0,0,0,0,0,0,1,0
11321,2025,2,1,0,0,0,0,0,0,0,1
11329,2025,1,1,0,0,0,0,0,0,0,0
11349,2023,1,1,0,0,0,0,0,0,1,0
11374,2020,1,1,0,0,0,0,0,0,1,0
11375,2019,1,1,0,0,0,0,0,0,0,0
11397,2025,2,2,0,0,0,0,0,0,1,0
11432,2023,1,1,0,0,0,0,0,0,0,0
11432,2024,2,2,1,1,0,0,0,0,0,0
11508,2026,1,1,0,0,0,0,0,0,1,0
11538,2022,2,2,0,0,0,0,0,0,2,0
11538,2023,2,2,0,0,0,0,0,0,1,0
11538,2026,1,1,1,0,0,0,0,0,0,0
11539,2022,2,2,0,0,0,0,0,0,0,0
11539,2024,1,1,0,0,0,0,0,0,0,0
11539,2025,1,1,0,0,0,0,0,0,0,0
11548,2022,2,2,0,0,0,0,0,0,2,0
11548,2023,1,0,0,0,0,0,1,0,0,0
11552,2021,1,1,0,0,0,0,0,0,1,0
11552,2025,1,1,1,0,0,0,0,0,0,0
11582,2022,1,1,0,0,0,0,0,0,1,0
11582,2026,1,1,0,0,0,0,0,0,0,0
11596,2022,1,1,0,0,0,0,0,0,1,0
11596,2023,2,2,0,0,0,0,0,0,0,0
11596,2025,1,1,0,0,0,0,0,0,0,0
11600,2024,1,1,0,0,0,0,0,0,1,0
11600,2025,1,1,0,0,0,0,0,0,0,0
11600,2026,1,1,0,0,0,0,0,0,1,0
11609,2020,2,2,0,0,0,0,0,0,0,0
11609,2025,1,1,0,0,0,0,0,0,0,0
11624,2021,2,1,0,0,0,0,1,0,1,0
11624,2022,3,2,0,0,0,0,1,0,0,0
11624,2023,1,1,0,0,0,0,0,0,1,0
11624,2025,1,1,1,0,0,0,0,0,0,0
11624,2026,1,1,0,0,0,0,0,0,1,0
11638,2025,1,1,0,0,0,0,0,0,0,0
11638,2026,1,0,0,0,0,0,1,0,0,0
11643,2022,1,1,0,0,0,0,0,0,0,0
11643,2023,1,1,0,0,0,0,0,0,0,0
11651,2022,1,1,0,0,0,0,0,0,0,0
11651,2025,1,1,0,0,0,0,0,0,0,0
11651,2026,1,1,0,0,0,0,0,0,1,0
11682,2020,1,1,0,0,0,0,0,0,0,0
11682,2022,1,1,0,0,0,0,0,0,0,0
11689,2025,1,1,0,0,0,0,0,0,0,0
11690,2025,1,1,0,0,0,0,0,0,0,0
11697,2022,2,2,0,0,0,0,0,0,1,0
11697,2025,1,1,0,0,0,0,0,0,0,0
11772,2024,1,1,0,0,0,0,0,0,0,0
11772,2025,1,1,0,0,0,0,0,0,0,0
11772,2026,2,1,0,0,0,0,1,0,0,0
11780,2020,1,0,0,0,0,0,1,0,0,0
11780,2025,1,1,0,0,0,0,0,0,0,0
11793,2022,1,1,0,0,0,0,0,0,0,0
11793,2026,1,1,0,0,0,0,0,0,1,0
11800,2022,2,2,0,0,0,0,0,0,0,0
11800,2025,1,1,0,0,0,0,0,0,0,0
11835,2022,2,1,0,0,0,0,1,0,1,0
11835,2025,1,1,0,0,0,0,0,0,0,0
11858,2024,1,1,0,0,0,0,0,0,1,0
11859,2023,2,2,0,0,0,0,0,0,2,0
11892,2026,3,1,0,0,0,0,1,0,0,1
11898,2020,1,1,0,0,0,0,0,0,0,0
11900,2022,1,1,0,0,0,0,0,0,0,0
11903,2023,2,2,0,0,0,0,0,0,0,0
11903,2025,1,1,0,0,0,0,0,0,0,0
11903,2026,1,1,1,0,0,1,0,0,0,0
11924,2025,2,2,0,0,0,0,0,0,0,0
11928,2025,1,1,1,0,0,0,0,0,0,0
11939,2025,1,1,0,0,0,0,0,0,0,0
11962,2020,1,1,0,0,0,0,0,0,0,0
11962,2026,1,0,0,0,0,0,1,0,0,0
11967,2025,2,2,0,0,0,0,0,0,1,0
11967,2026,3,3,0,0,0,0,0,0,0,0
11996,2023,1,1,0,0,0,0,0,0,1,0
11996,2025,1,1,0,0,0,0,0,0,0,0
12001,2023,1,0,0,0,0,0,1,0,0,0
12001,2025,1,0,0,0,0,0,1,0,0,0
12006,2020,1,0,0,0,0,0,1,0,0,0
12041,2020,1,1,0,0,0,0,0,0,0,0
12041,2024,1,1,0,0,0,0,0,0,1,0
12041,2025,1,1,1,0,0,0,0,0,0,0
12068,2025,1,1,1,0,0,0,0,0,0,0
12139,2026,1,0,0,0,0,0,1,0,0,0
12155,2022,1,1,1,0,0,0,0,0,0,0
12174,2024,1,1,1,0,0,0,0,0,0,0
12210,2020,2,2,1,0,0,0,0,0,0,0
12211,2022,1,1,0,0,0,0,0,0,0,0
12211,2026,1,1,1,0,0,0,0,0,0,0
12291,2026,1,1,0,0,0,0,0,0,1,0
12384,2025,2,2,1,1,0,0,0,0,0,0
12418,2022,2,1,0,0,0,0,0,0,0,1
12418,2024,1,1,0,0,0,0,0,0,1,0
12430,2024,1,1,0,0,0,0,0,0,0,0
12443,2022,1,1,1,0,0,1,0,0,0,0
12443,2025,1,1,0,0,0,0,0,0,0,0
12468,2023,1,1,0,0,0,0,0,0,0,0
12488,2026,2,2,1,1,0,0,0,0,0,0
12565,2020,1,0,0,0,0,0,1,0,0,0
12565,2025,1,1,0,0,0,0,0,0,1,0
12565,2026,2,2,0,0,0,0,0,0,0,0
12571,2025,1,1,1,0,0,1,0,0,0,0
12613,2024,2,2,1,0,0,0,0,0,0,0
12613,2025,3,3,0,0,0,0,0,0,1,0
12613,2026,2,2,0,0,0,0,0,0,0,0
12681,2022,1,1,0,0,0,0,0,0,1,0
