26,2017,1,1,1,0,0,0,0,0,0,0
27,2013,1,1,0,0,0,0,0,0,1,0
51,2016,1,1,0,0,0,0,0,0,0,0
61,2013,2,2,0,0,0,0,0,0,1,0
61,2014,5,5,2,0,0,0,0,0,2,0
61,2015,1,1,0,0,0,0,0,0,0,0
61,2017,1,1,1,0,0,0,0,0,0,0
95,2017,1,1,0,0,0,0,0,0,1,0
101,2014,1,1,1,0,0,0,0,0,0,0
101,2015,1,1,0,0,0,0,0,0,0,0
120,2014,1,1,1,0,0,0,0,0,0,0
187,2015,1,1,0,0,0,0,0,0,0,0
187,2017,1,1,0,0,0,0,0,0,0,0
209,2017,2,1,0,0,0,0,1,0,0,0
212,2012,2,2,1,0,0,0,0,0,1,0
212,2016,1,1,0,0,0,0,0,0,0,0
212,2017,1,1,1,1,0,0,0,0,0,0
233,2012,1,1,0,0,0,0,0,0,1,0
233,2013,2,2,1,0,0,0,0,0,1,0
233,2014,1,1,0,0,0,0,0,0,0,0
246,2013,1,1,0,0,0,0,0,0,0,0
246,2014,1,1,0,0,0,0,0,0,0,0
246,2015,1,1,0,0,0,0,0,0,0,0
265,2017,1,0,0,0,0,0,1,0,0,0
298,2017,1,1,0,0,0,0,0,0,1,0
304,2013,1,0,0,0,0,0,1,0,0,0
304,2016,1,1,0,0,0,0,0,0,0,0
327,2013,2,2,0,0,0,0,0,0,0,0
327,2015,1,1,1,0,1,0,0,0,0,0
352,2013,1,1,0,0,0,0,0,0,0,0
352,2014,1,1,1,1,0,0,0,0,0,0
352,2015,1,1,1,0,1,0,0,0,0,0
352,2016,1,1,0,0,0,0,0,0,0,0
352,2017,3,2,0,0,0,0,1,0,0,0
357,2013,1,1,1,1,0,0,0,0,0,0
357,2014,1,1,0,0,0,0,0,0,0,0
357,2015,1,1,0,0,0,0,0,0,0,0
394,2015,1,1,0,0,0,0,0,0,0,0
415,2017,1,1,0,0,0,0,0,0,0,0
451,2015,1,0,0,0,0,0,1,0,0,0
460,2013,1,1,0,0,0,0,0,0,0,0
460,2016,1,1,1,0,0,0,0,0,0,0
460,2017,3,1,0,0,0,0,1,1,0,0
480,2018,1,1,0,0,0,0,0,0,0,0
486,2016,3,3,2,0,0,2,0,0,0,0
524,2014,1,1,1,0,0,0,0,0,0,0
582,2012,2,2,0,0,0,0,0,0,0,0
615,2012,2,2,0,0,0,0,0,0,0,0
615,2013,3,2,0,0,0,0,0,0,0,1
615,2014,2,2,0,0,0,0,0,0,0,0
618,2013,1,0,0,0,0,0,0,0,0,0
621,2012,2,1,0,0,0,0,1,0,0,0
621,2013,4,4,1,1,0,0,0,0,3,0
621,2014,1,1,0,0,0,0,0,0,1,0
726,2012,1,0,0,0,0,0,0,0,0,1
726,2015,1,1,0,0,0,0,0,0,1,0
817,2017,1,1,0,0,0,0,0,0,1,0
832,2013,1,1,0,0,0,0,0,0,0,0
833,2013,1,1,0,0,0,0,0,0,1,0
833,2015,1,1,0,0,0,0,0,0,0,0
834,2013,2,2,1,0,0,0,0,0,0,0
834,2014,1,1,1,0,0,0,0,0,0,0
834,2017,1,1,0,0,0,0,0,0,0,0
895,2012,2,1,0,0,0,0,1,0,0,0
921,2013,2,1,0,0,0,0,1,0,1,0
936,2013,1,0,0,0,0,0,1,0,0,0
982,2014,3,3,1,0,0,0,0,0,1,0
982,2017,1,1,1,0,0,1,0,0,0,0
1006,2013,2,1,0,0,0,0,1,0,0,0
1006,2014,1,1,0,0,0,0,0,0,0,0
1006,2015,1,1,0,0,0,0,0,0,1,0
1006,2016,1,1,0,0,0,0,0,0,0,0
1022,2017,1,1,0,0,0,0,0,0,1,0
1067,2014,1,1,0,0,0,0,0,0,1,0
1074,2012,1,1,0,0,0,0,0,0,0,0
1101,2014,2,2,0,0,0,0,0,0,1,0
1101,2015,1,1,0,0,0,0,0,0,1,0
1169,2017,1,1,1,1,0,0,0,0,0,0
1172,2013,2,2,1,0,1,0,0,0,0,0
1172,2014,2,2,1,0,0,0,0,0,0,0
1172,2015,1,1,0,0,0,0,0,0,1,0
1172,2016,1,1,0,0,0,0,0,0,0,0
1227,2014,2,1,0,0,0,0,1,0,1,0
1251,2012,1,0,0,0,0,0,0,0,0,1
1251,2013,1,1,0,0,0,0,0,0,0,0
1251,2015,3,3,1,1,0,0,0,0,0,0
1254,2013,1,1,0,0,0,0,0,0,0,0
1261,2014,2,2,1,0,0,1,0,0,0,0
1261,2015,3,3,1,0,0,1,0,0,0,0
1279,2017,1,1,0,0,0,0,0,0,1,0
1318,2014,1,1,0,0,0,0,0,0,1,0
1324,2017,1,0,0,0,0,0,1,0,0,0
1389,2012,1,1,0,0,0,0,0,0,0,0
1430,2016,1,1,0,0,0,0,0,0,0,0
1467,2015,5,2,1,0,0,1,3,0,1,0
1467,2016,4,2,2,1,0,0,2,0,0,0
1514,2014,1,1,0,0,0,0,0,0,1,0
1556,2012,1,1,0,0,0,0,0,0,1,0
1556,2013,1,1,0,0,0,0,0,0,1,0
1556,2015,1,1,0,0,0,0,0,0,0,0
1572,2012,1,0,0,0,0,0,1,0,0,0
1607,2014,1,1,0,0,0,0,0,0,1,0
1607,2017,1,1,0,0,0,0,0,0,0,0
1615,2014,1,1,0,0,0,0,0,0,0,0
1626,2017,1,1,1,0,1,0,0,0,0,0
1633,2013,1,1,1,0,0,0,0,0,0,0
1633,2015,1,0,0,0,0,0,1,0,0,0
1642,2012,2,1,1,1,0,0,1,0,0,0
1646,2013,1,1,0,0,0,0,0,0,0,0
1646,2014,1,1,0,0,0,0,0,0,1,0
1654,2015,1,1,0,0,0,0,0,0,0,0
1655,2017,1,1,0,0,0,0,0,0,0,0
1667,2017,1,1,0,0,0,0,0,0,0,0
1681,2015,1,1,0,0,0,0,0,0,0,0
1695,2017,1,1,0,0,0,0,0,0,0,0
1714,2015,1,1,0,0,0,0,0,0,1,0
1813,2012,1,1,0,0,0,0,0,0,0,0
1813,2013,3,3,1,0,0,0,0,0,2,0
1813,2014,3,2,1,0,0,0,1,0,0,0
1813,2015,3,3,3,2,0,1,0,0,0,0
1813,2018,1,1,1,0,0,1,0,0,0,0
1840,2013,1,1,0,0,0,0,0,0,0,0
1840,2016,1,1,1,0,0,1,0,0,0,0
1899,2016,1,1,0,0,0,0,0,0,0,0
1899,2017,1,1,0,0,0,0,0,0,1,0
1911,2017,1,1,1,0,0,0,0,0,0,0
1919,2012,1,1,1,0,0,0,0,0,0,0
1919,2013,5,5,1,1,0,0,0,0,2,0
1919,2014,2,2,1,0,0,0,0,0,1,0
1919,2015,4,4,0,0,0,0,0,0,0,0
1925,2012,1,0,0,0,0,0,1,0,0,0
1925,2013,2,2,1,1,0,0,0,0,0,0
1925,2014,4,3,1,1,0,0,1,0,0,0
1925,2015,4,3,0,0,0,0,1,0,0,0
1951,2013,1,1,0,0,0,0,0,0,1,0
1962,2015,2,1,0,0,0,0,0,0,0,0
1962,2016,1,1,0,0,0,0,0,0,0,0
1965,2013,1,1,0,0,0,0,0,0,0,0
1965,2015,1,1,0,0,0,0,0,0,0,0
1977,2013,1,1,0,0,0,0,0,0,1,0
2006,2017,1,1,0,0,0,0,0,0,1,0
2034,2016,1,1,0,0,0,0,0,0,1,0
2037,2012,1,1,0,0,0,0,0,0,0,0
2037,2015,2,2,0,0,0,0,0,0,1,0
2050,2012,2,2,0,0,0,0,0,0,2,0
2117,2014,1,1,0,0,0,0,0,0,1,0
2141,2012,1,1,1,0,0,0,0,0,0,0
2190,2013,1,1,0,0,0,0,0,0,0,0
2190,2014,2,2,1,0,0,0,0,0,1,0
2190,2015,7,7,3,2,0,0,0,0,1,0
2212,2017,1,1,0,0,0,0,0,0,1,0
2228,2014,1,1,0,0,0,0,0,0,0,0
2237,2014,1,1,0,0,0,0,0,0,0,0
2247,2014,1,1,0,0,0,0,0,0,1,0
2262,2015,1,1,1,0,0,0,0,0,0,0
2262,2017,1,1,0,0,0,0,0,0,1,0
2263,2013,1,0,0,0,0,0,0,1,0,0
2287,2018,1,0,0,0,0,0,1,0,0,0
2329,2017,2,2,1,0,0,0,0,0,0,0
2354,2013,1,0,0,0,0,0,0,1,0,0
2356,2016,1,0,0,0,0,0,1,0,0,0
2415,2017,1,1,1,0,0,0,0,0,0,0
2420,2013,4,3,1,0,0,1,1,0,1,0
2420,2014,3,3,0,0,0,0,0,0,0,0
2430,2012,1,1,0,0,0,0,0,0,0,0
2430,2013,1,1,0,0,0,0,0,0,0,0
2430,2014,1,1,0,0,0,0,0,0,0,0
2430,2016,1,1,1,0,0,0,0,0,0,0
2430,2017,2,2,2,0,0,0,0,0,0,0
2432,2015,1,1,0,0,0,0,0,0,1,0
2509,2013,1,1,1,0,0,0,0,0,0,0
2515,2012,2,2,0,0,0,0,0,0,1,0
2515,2013,1,1,0,0,0,0,0,0,1,0
2515,2014,1,1,0,0,0,0,0,0,1,0
2521,2012,1,0,0,0,0,0,1,0,0,0
2521,2015,1,1,0,0,0,0,0,0,0,0
2598,2012,1,1,0,0,0,0,0,0,0,0
2598,2016,1,1,0,0,0,0,0,0,0,0
2649,2014,4,3,1,0,0,1,1,0,0,0
2655,2017,1,1,0,0,0,0,0,0,0,0
2662,2015,1,1,0,0,0,0,0,0,1,0
2675,2015,1,1,0,0,0,0,0,0,0,0
2716,2014,1,1,0,0,0,0,0,0,1,0
2737,2013,4,4,1,0,0,0,0,0,0,0
2746,2018,1,1,1,0,0,0,0,0,0,0
2811,2014,1,1,0,0,0,0,0,0,0,0
2819,2013,1,1,0,0,0,0,0,0,0,0
2819,2014,1,1,0,0,0,0,0,0,1,0
2819,2015,2,1,0,0,0,0,0,0,0,0
2834,2012,2,2,0,0,0,0,0,0,1,0
2834,2013,3,3,1,1,0,0,0,0,0,0
2834,2014,1,1,1,0,0,0,0,0,0,0
2839,2012,2,2,0,0,0,0,0,0,1,0
2839,2013,3,3,2,1,0,1,0,0,1,0
2839,2014,2,2,0,0,0,0,0,0,0,0
2839,2015,1,1,0,0,0,0,0,0,1,0
2839,2016,1,1,1,0,0,1,0,0,0,0
2839,2017,3,3,0,0,0,0,0,0,3,0
2867,2016,1,1,0,0,0,0,0,0,0,0
2892,2013,1,1,1,0,0,0,0,0,0,0
2905,2014,1,1,1,0,0,1,0,0,0,0
2905,2015,1,1,1,0,0,0,0,0,0,0
2909,2017,1,0,0,0,0,0,1,0,0,0
2916,2015,1,1,0,0,0,0,0,0,0,0
2916,2017,1,0,0,0,0,0,1,0,0,0
2920,2017,1,1,1,0,0,0,0,0,0,0
2955,2012,1,1,0,0,0,0,0,0,0,0
2955,2013,1,1,0,0,0,0,0,0,0,0
2955,2014,1,1,0,0,0,0,0,0,0,0
2976,2013,1,0,0,0,0,0,1,0,0,0
2978,2013,2,2,0,0,0,0,0,0,0,0
3015,2012,1,1,0,0,0,0,0,0,0,0
3024,2015,1,1,0,0,0,0,0,0,1,0
3024,2017,1,1,0,0,0,0,0,0,0,0
3069,2015,1,1,0,0,0,0,0,0,0,0
3078,2015,1,1,0,0,0,0,0,0,1,0
3099,2012,1,1,0,0,0,0,0,0,0,0
3142,2017,2,2,0,0,0,0,0,0,2,0
3153,2015,1,1,1,0,0,0,0,0,0,0
3167,2013,1,1,0,0,0,0,0,0,0,0
3235,2012,1,1,1,1,0,0,0,0,0,0
3247,2012,1,1,0,0,0,0,0,0,0,0
3309,2015,1,1,0,0,0,0,0,0,0,0
3310,2017,2,2,0,0,0,0,0,0,0,0
3321,2012,1,1,0,0,0,0,0,0,0,0
3321,2013,2,2,0,0,0,0,0,0,0,0
3321,2014,1,1,0,0,0,0,0,0,1,0
3321,2015,2,2,0,0,0,0,0,0,0,0
3352,2013,1,1,0,0,0,0,0,0,0,0
3352,2014,2,2,0,0,0,0,0,0,1,0
3393,2014,1,1,0,0,0,0,0,0,0,0
3502,2014,1,1,1,1,0,0,0,0,0,0
3592,2014,1,1,1,0,0,1,0,0,0,0
3593,2015,1,0,0,0,0,0,1,0,0,0
3593,2016,1,1,1,0,0,0,0,0,0,0
3636,2017,1,1,0,0,0,0,0,0,1,0
3662,2015,6,5,1,0,0,0,1,0,0,0
3662,2016,2,2,2,1,0,0,0,0,0,0
3662,2018,1,1,0,0,0,0,0,0,0,0
3684,2015,2,2,2,1,0,0,0,0,0,0
3684,2016,2,2,0,0,0,0,0,0,1,0
3685,2013,2,2,1,0,0,1,0,0,1,0
3688,2012,1,0,0,0,0,0,0,0,0,0
3692,2015,2,2,1,0,0,0,0,0,0,0
3692,2017,2,0,0,0,0,0,2,0,0,0
3705,2017,1,1,0,0,0,0,0,0,0,0
3710,2017,1,1,0,0,0,0,0,0,1,0
3718,2012,1,1,0,0,0,0,0,0,0,0
3718,2013,4,4,2,1,0,0,0,0,1,0
3719,2013,1,1,0,0,0,0,0,0,0,0
3719,2015,2,1,0,0,0,0,1,0,0,0
3719,2016,1,0,0,0,0,0,0,1,0,0
3747,2012,1,1,0,0,0,0,0,0,1,0
3794,2012,1,1,0,0,0,0,0,0,1,0
3821,2017,1,1,0,0,0,0,0,0,0,0
3837,2015,1,1,0,0,0,0,0,0,0,0
3855,2017,1,1,0,0,0,0,0,0,1,0
3873,2014,1,1,0,0,0,0,0,0,0,0
3873,2015,2,2,0,0,0,0,0,0,1,0
3873,2018,1,1,1,0,0,0,0,0,0,0
3888,2017,1,1,1,0,0,0,0,0,0,0
3911,2014,1,0,0,0,0,0,0,0,0,1
3930,2017,2,2,0,0,0,0,0,0,1,0
3947,2017,1,1,0,0,0,0,0,0,1,0
3951,2015,1,0,0,0,0,0,0,0,0,0
3964,2013,1,1,0,0,0,0,0,0,0,0
3964,2014,1,1,0,0,0,0,0,0,1,0
3964,2016,1,0,0,0,0,0,1,0,0,0
3983,2014,1,1,1,1,0,0,0,0,0,0
3983,2015,3,3,0,0,0,0,0,0,2,0
3983,2017,1,1,0,0,0,0,0,0,0,0
4012,2013,1,1,0,0,0,0,0,0,0,0
4059,2017,1,1,0,0,0,0,0,0,0,0
4126,2012,1,1,0,0,0,0,0,0,1,0
4126,2013,3,2,1,0,0,1,1,0,1,0
4126,2014,3,0,0,0,0,0,3,0,0,0
4126,2015,1,1,0,0,0,0,0,0,0,0
4134,2013,4,4,1,0,0,0,0,0,3,0
4134,2014,1,1,0,0,0,0,0,0,0,0
4134,2016,1,1,0,0,0,0,0,0,1,0
4135,2015,1,1,1,0,0,0,0,0,0,0
4136,2014,1,0,0,0,0,0,1,0,0,0
4147,2015,1,1,0,0,0,0,0,0,0,0
4153,2013,1,1,0,0,0,0,0,0,0,0
4154,2013,3,3,1,0,0,0,0,0,0,0
4154,2014,1,1,0,0,0,0,0,0,1,0
4154,2015,1,1,0,0,0,0,0,0,1,0
4154,2017,1,1,1,0,0,0,0,0,0,0
4158,2012,2,2,0,0,0,0,0,0,1,0
4158,2014,1,1,0,0,0,0,0,0,0,0
4158,2015,1,1,1,0,0,1,0,0,0,0
4181,2016,1,1,0,0,0,0,0,0,0,0
4200,2017,1,1,1,0,0,0,0,0,0,0
4211,2015,1,1,0,0,0,0,0,0,0,0
4215,2014,1,1,1,0,0,0,0,0,0,0
4215,2015,1,1,1,0,0,0,0,0,0,0
4232,2015,1,1,0,0,0,0,0,0,0,0
4233,2014,1,1,0,0,0,0,0,0,0,0
4268,2014,1,1,1,0,0,1,0,0,0,0
4268,2015,2,1,1,0,0,1,1,0,0,0
4274,2017,2,2,0,0,0,0,0,0,1,0
4317,2013,2,0,0,0,0,0,1,0,0,0
4335,2013,1,1,1,0,0,0,0,0,0,0
4335,2014,1,1,0,0,0,0,0,0,0,0
4346,2015,2,2,0,0,0,0,0,0,1,0
4346,2016,1,1,0,0,0,0,0,0,1,0
4443,2017,1,1,0,0,0,0,0,0,0,0
4478,2014,1,1,0,0,0,0,0,0,0,0
4479,2016,1,0,0,0,0,0,1,0,0,0
4502,2012,2,2,0,0,0,0,0,0,1,0
4508,2013,2,1,1,0,0,0,1,0,0,0
4538,2013,1,1,0,0,0,0,0,0,1,0
4543,2014,1,1,0,0,0,0,0,0,1,0
4545,2017,1,1,0,0,0,0,0,0,0,0
4553,2013,1,0,0,0,0,0,1,0,0,0
4561,2016,1,1,0,0,0,0,0,0,0,0
4599,2017,1,1,0,0,0,0,0,0,0,0
4634,2012,1,1,0,0,0,0,0,0,0,0
4634,2013,1,1,0,0,0,0,0,0,0,0
4634,2017,1,0,0,0,0,0,1,0,0,0
4659,2014,2,2,0,0,0,0,0,0,0,0
4659,2015,1,1,0,0,0,0,0,0,0,0
4659,2016,1,1,0,0,0,0,0,0,0,0
4659,2017,1,1,0,0,0,0,0,0,0,0
4682,2012,1,1,0,0,0,0,0,0,0,0
4752,2013,1,1,0,0,0,0,0,0,0,0
4752,2014,1,1,0,0,0,0,0,0,0,0
4774,2014,1,1,0,0,0,0,0,0,0,0
4775,2017,1,1,0,0,0,0,0,0,0,0
4795,2017,1,0,0,0,0,0,1,0,0,0
4808,2012,1,1,0,0,0,0,0,0,0,0
4808,2013,1,1,0,0,0,0,0,0,0,0
4883,2014,1,1,1,0,0,0,0,0,0,0
4883,2015,1,1,0,0,0,0,0,0,1,0
4891,2015,1,1,0,0,0,0,0,0,1,0
4891,2017,1,1,0,0,0,0,0,0,0,0
4898,2017,2,2,0,0,0,0,0,0,2,0
4936,2014,2,2,0,0,0,0,0,0,1,0
4936,2015,1,1,0,0,0,0,0,0,0,0
4937,2012,1,1,0,0,0,0,0,0,1,0
4937,2015,1,1,1,0,0,1,0,0,0,0
4942,2013,1,1,1,0,0,0,0,0,0,0
4942,2015,2,2,0,0,0,0,0,0,0,0
4947,2017,1,1,0,0,0,0,0,0,0,0
4969,2012,1,1,0,0,0,0,0,0,0,0
4969,2014,1,1,1,0,0,0,0,0,0,0
4969,2015,4,4,0,0,0,0,0,0,0,0
4969,2016,3,3,3,2,0,0,0,0,0,0
4976,2014,1,0,0,0,0,0,1,0,0,0
4997,2012,1,1,0,0,0,0,0,0,0,0
4997,2013,3,3,0,0,0,0,0,0,0,0
4997,2014,4,4,0,0,0,0,0,0,0,0
4997,2015,1,1,0,0,0,0,0,0,0,0
4997,2016,1,1,0,0,0,0,0,0,0,0
4997,2017,2,2,0,0,0,0,0,0,1,0
5033,2012,1,1,0,0,0,0,0,0,0,0
5033,2013,1,0,0,0,0,0,1,0,0,0
5068,2013,1,1,0,0,0,0,0,0,0,0
5101,2013,4,2,1,1,0,0,2,0,1,0
5101,2014,4,3,0,0,0,0,1,0,1,0
5101,2015,1,0,0,0,0,0,1,0,0,0
5101,2016,1,1,1,1,0,0,0,0,0,0
5161,2015,1,1,0,0,0,0,0,0,0,0
5194,2012,2,2,1,0,0,0,0,0,0,0
5194,2015,1,1,0,0,0,0,0,0,0,0
5277,2015,1,1,0,0,0,0,0,0,1,0
5283,2016,1,1,0,0,0,0,0,0,0,0
5292,2015,1,1,1,1,0,0,0,0,0,0
5322,2013,3,2,1,0,0,0,1,0,1,0
5328,2017,1,1,1,0,0,0,0,0,0,0
5336,2014,1,1,0,0,0,0,0,0,1,0
5336,2016,1,1,0,0,0,0,0,0,0,0
5336,2017,1,1,1,0,0,0,0,0,0,0
5341,2013,1,1,0,0,0,0,0,0,0,0
5436,2016,1,0,0,0,0,0,1,0,0,0
5447,2016,2,2,0,0,0,0,0,0,0,0
5455,2013,5,4,0,0,0,0,1,0,1,0
5455,2014,1,0,0,0,0,0,0,1,0,0
5455,2015,1,1,0,0,0,0,0,0,0,0
5491,2014,1,1,0,0,0,0,0,0,0,0
5536,2012,1,1,1,0,0,0,0,0,0,0
5536,2013,2,2,1,0,0,0,0,0,1,0
5568,2014,1,1,1,0,0,0,0,0,0,0
5568,2015,2,2,1,0,0,0,0,0,1,0
5591,2012,1,1,0,0,0,0,0,0,1,0
5591,2013,1,0,0,0,0,0,1,0,0,0
5592,2013,1,0,0,0,0,0,1,0,0,0
5629,2013,3,3,2,1,0,0,0,0,0,0
5629,2014,1,1,1,0,0,1,0,0,0,0
5656,2017,1,1,0,0,0,0,0,0,0,0
5688,2017,2,2,1,0,0,0,0,0,1,0
5693,2016,1,1,1,0,0,1,0,0,0,0
5725,2014,1,1,0,0,0,0,0,0,0,0
5730,2015,3,3,1,0,0,0,0,0,1,0
5761,2013,1,1,0,0,0,0,0,0,0,0
5798,2017,1,1,1,1,0,0,0,0,0,0
5807,2014,3,2,0,0,0,0,1,0,2,0
5807,2016,1,1,0,0,0,0,0,0,1,0
5813,2013,1,0,0,0,0,0,1,0,0,0
5813,2017,2,2,1,0,0,0,0,0,0,0
5834,2017,1,1,0,0,0,0,0,0,1,0
5910,2013,1,1,0,0,0,0,0,0,0,0
5910,2015,1,1,0,0,0,0,0,0,0,0
5910,2017,1,1,0,0,0,0,0,0,0,0
5913,2012,1,1,0,0,0,0,0,0,1,0
5913,2015,1,0,0,0,0,0,1,0,0,0
6038,2013,1,1,0,0,0,0,0,0,1,0
6046,2012,1,1,1,0,0,0,0,0,0,0
6080,2012,1,1,0,0,0,0,0,0,1,0
6131,2014,3,2,0,0,0,0,1,0,0,0
6131,2017,1,1,0,0,0,0,0,0,0,0
6139,2013,1,1,0,0,0,0,0,0,0,0
6139,2014,1,1,0,0,0,0,0,0,0,0
6140,2013,1,1,0,0,0,0,0,0,0,0
6140,2014,3,3,0,0,0,0,0,0,3,0
6208,2012,2,2,1,0,0,0,0,0,1,0
6208,2013,1,1,0,0,0,0,0,0,0,0
6208,2014,1,1,1,0,0,0,0,0,0,0
6225,2015,1,1,0,0,0,0,0,0,0,0
6225,2016,2,2,1,0,0,0,0,0,0,0
6225,2018,1,1,0,0,0,0,0,0,0,0
6290,2012,1,1,0,0,0,0,0,0,0,0
6339,2014,1,1,0,0,0,0,0,0,0,0
6339,2017,4,3,2,1,0,0,1,0,0,0
6432,2015,2,1,0,0,0,0,1,0,0,0
6436,2015,2,2,0,0,0,0,0,0,0,0
6494,2015,1,1,0,0,0,0,0,0,0,0
6494,2017,1,1,1,0,0,0,0,0,0,0
6570,2012,1,1,1,0,0,0,0,0,0,0
6598,2014,1,1,0,0,0,0,0,0,0,0
6623,2012,2,1,0,0,0,0,1,0,0,0
6629,2014,1,1,0,0,0,0,0,0,1,0
6636,2013,4,3,0,0,0,0,0,0,1,1
6636,2014,3,3,0,0,0,0,0,0,1,0
6636,2015,2,2,1,0,1,0,0,0,0,0
6636,2017,1,1,0,0,0,0,0,0,0,0
6676,2014,2,2,0,0,0,0,0,0,2,0
6682,2013,1,0,0,0,0,0,0,0,0,0
6796,2015,3,1,0,0,0,0,2,0,1,0
6852,2017,1,1,1,0,0,0,0,0,0,0
6855,2017,2,2,0,0,0,0,0,0,1,0
6864,2014,1,1,0,0,0,0,0,0,0,0
6864,2015,2,2,0,0,0,0,0,0,0,0
6864,2016,1,1,0,0,0,0,0,0,0,0
6891,2012,1,0,0,0,0,0,1,0,0,0
6916,2015,1,0,0,0,0,0,0,0,0,0
6927,2012,1,1,0,0,0,0,0,0,1,0
6938,2012,2,1,1,0,0,0,1,0,0,0
6940,2018,1,1,1,0,0,0,0,0,0,0
6972,2013,4,4,1,0,0,0,0,0,0,0
6972,2014,2,1,0,0,0,0,1,0,1,0
6977,2012,1,1,0,0,0,0,0,0,1,0
6977,2013,7,7,0,0,0,0,0,0,6,0
6977,2014,4,4,0,0,0,0,0,0,1,0
6977,2015,2,2,1,0,0,0,0,0,0,0
6977,2016,1,1,1,0,0,1,0,0,0,0
7019,2013,1,1,0,0,0,0,0,0,1,0
7019,2014,2,2,0,0,0,0,0,0,2,0
7060,2015,1,1,1,0,0,0,0,0,0,0
7060,2017,1,1,1,0,0,0,0,0,0,0
7072,2015,1,1,0,0,0,0,0,0,0,0
7088,2014,1,1,1,0,0,0,0,0,0,0
7089,2012,2,2,0,0,0,0,0,0,1,0
7127,2012,1,1,0,0,0,0,0,0,0,0
7127,2013,1,1,0,0,0,0,0,0,0,0
7127,2014,1,1,1,0,0,0,0,0,0,0
7171,2012,2,2,0,0,0,0,0,0,0,0
7171,2013,5,5,1,0,0,1,0,0,2,0
7171,2014,2,1,1,0,0,1,1,0,0,0
7171,2015,4,3,0,0,0,0,1,0,2,0
7171,2017,2,1,0,0,0,0,1,0,1,0
7188,2013,1,1,0,0,0,0,0,0,0,0
7209,2012,1,1,1,0,0,1,0,0,0,0
7209,2014,1,0,0,0,0,0,1,0,0,0
7248,2012,2,1,0,0,0,0,1,0,0,0
7248,2013,2,2,0,0,0,0,0,0,2,0
7387,2013,2,2,0,0,0,0,0,0,1,0
7387,2014,5,5,0,0,0,0,0,0,3,0
7387,2015,2,2,0,0,0,0,0,0,1,0
7387,2016,2,2,1,0,0,0,0,0,0,0
7387,2017,2,2,1,0,0,1,0,0,1,0
7405,2017,1,1,1,0,0,0,0,0,0,0
7443,2014,1,1,1,0,0,0,0,0,0,0
7847,2012,1,1,0,0,0,0,0,0,0,0
7847,2013,4,4,1,0,0,0,0,0,0,0
7847,2014,2,1,1,1,0,0,1,0,0,0
7847,2015,3,3,0,0,0,0,0,0,2,0
7847,2016,1,1,0,0,0,0,0,0,0,0
7847,2018,1,1,0,0,0,0,0,0,0,0
7886,2014,1,1,0,0,0,0,0,0,0,0
7886,2015,5,4,0,0,0,0,1,0,2,0
7886,2016,3,3,1,0,0,0,0,0,0,0
7931,2013,2,2,0,0,0,0,0,0,1,0
7931,2014,1,0,0,0,0,0,1,0,0,0
7947,2015,2,1,0,0,0,0,1,0,0,0
7968,2016,1,1,0,0,0,0,0,0,1,0
7992,2014,2,2,0,0,0,0,0,0,0,0
8012,2014,1,1,0,0,0,0,0,0,0,0
8012,2015,1,1,0,0,0,0,0,0,1,0
8012,2016,1,1,0,0,0,0,0,0,1,0
8031,2013,2,2,0,0,0,0,0,0,0,0
8031,2015,3,2,0,0,0,0,1,0,1,0
8031,2016,1,1,1,0,0,1,0,0,0,0
8088,2018,1,0,0,0,0,0,1,0,0,0
8105,2013,1,1,0,0,0,0,0,0,0,0
8106,2015,2,2,0,0,0,0,0,0,0,0
8107,2013,1,1,0,0,0,0,0,0,0,0
8107,2017,1,1,0,0,0,0,0,0,1,0
8151,2016,1,1,1,1,0,0,0,0,0,0
8151,2017,1,1,0,0,0,0,0,0,0,0
8169,2014,1,1,0,0,0,0,0,0,0,0
8170,2017,1,1,0,0,0,0,0,0,0,0
8178,2017,1,1,0,0,0,0,0,0,1,0
8198,2012,1,1,0,0,0,0,0,0,1,0
8278,2012,1,0,0,0,0,0,0,0,0,0
8297,2012,1,1,0,0,0,0,0,0,1,0
8297,2016,1,1,1,1,0,0,0,0,0,0
8355,2013,1,1,1,0,0,0,0,0,0,0
8355,2015,1,1,0,0,0,0,0,0,0,0
8355,2016,1,1,0,0,0,0,0,0,1,0
8381,2017,2,2,1,0,0,0,0,0,0,0
8505,2014,2,2,0,0,0,0,0,0,2,0
8544,2014,1,1,0,0,0,0,0,0,0,0
8601,2014,1,1,0,0,0,0,0,0,0,0
8618,2014,2,2,0,0,0,0,0,0,0,0
8623,2014,2,1,0,0,0,0,1,0,0,0
8623,2015,1,1,0,0,0,0,0,0,0,0
8623,2017,2,2,1,0,0,0,0,0,1,0
8628,2012,1,1,0,0,0,0,0,0,1,0
8628,2014,1,1,0,0,0,0,0,0,0,0
8641,2014,2,2,1,0,0,0,0,0,0,0
8677,2015,1,1,0,0,0,0,0,0,0,0
8677,2017,1,1,0,0,0,0,0,0,0,0
8722,2013,1,1,0,0,0,0,0,0,1,0
8722,2014,3,2,0,0,0,0,1,0,1,0
8722,2016,1,1,1,0,0,0,0,0,0,0
8775,2015,1,0,0,0,0,0,0,0,0,1
8775,2016,1,1,0,0,0,0,0,0,0,0
8809,2015,1,0,0,0,0,0,1,0,0,0
8809,2017,2,2,0,0,0,0,0,0,2,0
8848,2013,1,1,0,0,0,0,0,0,1,0
8854,2013,1,1,0,0,0,0,0,0,0,0
8854,2014,2,2,0,0,0,0,0,0,1,0
8854,2017,3,3,1,0,0,0,0,0,1,0
8870,2014,2,2,1,0,1,0,0,0,1,0
8870,2015,1,1,0,0,0,0,0,0,0,0
8872,2014,5,3,0,0,0,0,2,0,1,0
8872,2015,5,3,1,0,0,0,1,0,1,1
8874,2017,1,1,0,0,0,0,0,0,0,0
8904,2017,1,1,0,0,0,0,0,0,0,0
8907,2013,1,1,0,0,0,0,0,0,1,0
8923,2017,1,1,0,0,0,0,0,0,0,0
8961,2013,1,1,1,0,0,0,0,0,0,0
8972,2016,1,1,0,0,0,0,0,0,0,0
8978,2015,1,1,0,0,0,0,0,0,0,0
9002,2014,1,1,0,0,0,0,0,0,1,0
9002,2015,1,1,1,0,1,0,0,0,0,0
9046,2014,2,2,2,1,0,0,0,0,0,0
9046,2015,1,1,0,0,0,0,0,0,0,0
9051,2012,2,1,0,0,0,0,1,0,0,0
9051,2013,1,1,0,0,0,0,0,0,0,0
9064,2017,1,1,0,0,0,0,0,0,1,0
9081,2017,3,3,1,0,0,0,0,0,2,0
9085,2015,1,1,1,1,0,0,0,0,0,0
9100,2017,1,0,0,0,0,0,1,0,0,0
9105,2015,1,1,0,0,0,0,0,0,0,0
9118,2014,2,2,1,1,0,0,0,0,0,0
9118,2015,3,3,1,0,0,0,0,0,0,0
9118,2016,1,1,0,0,0,0,0,0,0,0
9119,2017,1,1,0,0,0,0,0,0,1,0
9125,2014,1,1,1,0,1,0,0,0,0,0
9125,2015,1,0,0,0,0,0,1,0,0,0
9156,2014,1,1,0,0,0,0,0,0,0,0
9156,2015,1,0,0,0,0,0,1,0,0,0
9156,2017,2,1,1,0,0,0,1,0,0,0
9187,2013,3,2,1,0,0,0,0,0,1,1
9187,2014,4,3,1,0,0,0,1,0,2,0
9193,2012,3,3,1,0,0,1,0,0,1,0
9193,2013,2,2,0,0,0,0,0,0,2,0
9193,2017,1,1,1,0,0,0,0,0,0,0
9232,2013,2,2,0,0,0,0,0,0,1,0
9232,2014,1,1,0,0,0,0,0,0,1,0
9232,2017,2,1,0,0,0,0,1,0,0,0
9280,2013,1,1,0,0,0,0,0,0,1,0
9317,2012,1,1,1,0,1,0,0,0,0,0
9317,2013,2,2,0,0,0,0,0,0,0,0
9317,2014,2,2,0,0,0,0,0,0,1,0
9317,2015,4,4,2,0,0,0,0,0,0,0
9319,2015,1,1,0,0,0,0,0,0,0,0
9331,2013,2,2,0,0,0,0,0,0,1,0
9367,2013,1,1,1,0,0,1,0,0,0,0
9367,2014,2,2,0,0,0,0,0,0,0,0
9367,2015,1,1,0,0,0,0,0,0,0,0
9374,2014,1,1,0,0,0,0,0,0,1,0
9390,2016,1,1,0,0,0,0,0,0,1,0
9428,2015,1,1,0,0,0,0,0,0,0,0
9428,2017,2,1,0,0,0,0,1,0,1,0
9435,2014,2,1,0,0,0,0,0,0,1,0
9436,2013,2,2,0,0,0,0,0,0,1,0
9436,2017,1,1,0,0,0,0,0,0,0,0
9499,2013,1,1,0,0,0,0,0,0,0,0
9499,2014,2,0,0,0,0,0,2,0,0,0
9499,2017,2,2,1,0,0,0,0,0,0,0
9501,2017,3,2,0,0,0,0,1,0,2,0
9520,2014,1,1,0,0,0,0,0,0,0,0
9520,2015,1,1,1,0,0,0,0,0,0,0
9549,2013,2,2,1,0,0,0,0,0,1,0
9549,2014,2,2,1,0,0,1,0,0,1,0
9549,2015,3,3,0,0,0,0,0,0,1,0
9549,2016,2,2,1,0,0,1,0,0,1,0
9549,2017,2,2,1,1,0,0,0,0,0,0
9599,2017,1,1,0,0,0,0,0,0,0,0
9625,2015,1,1,0,0,0,0,0,0,1,0
9654,2012,1,1,0,0,0,0,0,0,0,0
9666,2017,1,1,0,0,0,0,0,0,0,0
9668,2012,1,1,0,0,0,0,0,0,0,0
9668,2013,5,4,0,0,0,0,1,0,1,0
9668,2014,2,2,1,1,0,0,0,0,1,0
9668,2015,3,3,1,0,0,0,0,0,2,0
9668,2016,3,1,0,0,0,0,2,0,0,0
9677,2014,1,1,0,0,0,0,0,0,1,0
9677,2017,1,1,0,0,0,0,0,0,1,0
9683,2014,1,1,1,0,0,0,0,0,0,0
9721,2015,2,2,0,0,0,0,0,0,0,0
9739,2013,1,0,0,0,0,0,1,0,0,0
9739,2014,2,1,0,0,0,0,1,0,1,0
9818,2015,1,1,1,0,0,0,0,0,0,0
9818,2017,1,0,0,0,0,0,1,0,0,0
9822,2012,1,1,0,0,0,0,0,0,1,0
9837,2015,3,3,1,0,0,0,0,0,0,0
9860,2015,1,1,0,0,0,0,0,0,0,0
9860,2017,1,1,0,0,0,0,0,0,0,0
9869,2012,1,1,1,1,0,0,0,0,0,0
9869,2014,2,2,1,0,0,1,0,0,0,0
9869,2015,1,0,0,0,0,0,1,0,0,0
9897,2013,1,1,0,0,0,0,0,0,1,0
9897,2015,1,1,0,0,0,0,0,0,0,0
9923,2016,1,0,0,0,0,0,1,0,0,0
9928,2017,2,1,0,0,0,0,1,0,0,0
9941,2012,1,0,0,0,0,0,1,0,0,0
9941,2014,1,0,0,0,0,0,0,0,0,1
9959,2014,2,1,0,0,0,0,1,0,0,0
9960,2016,1,1,0,0,0,0,0,0,1,0
10003,2015,1,1,0,0,0,0,0,0,1,0
10008,2013,1,1,1,0,0,0,0,0,0,0
10008,2014,1,1,0,0,0,0,0,0,1,0
10010,2014,1,0,0,0,0,0,1,0,0,0
10010,2016,1,1,0,0,0,0,0,0,0,0
10036,2015,4,2,0,0,0,0,2,0,2,0
10036,2016,3,3,1,0,0,0,0,0,0,0
10139,2017,1,1,0,0,0,0,0,0,0,0
10143,2017,1,1,0,0,0,0,0,0,1,0
10150,2012,2,2,0,0,0,0,0,0,0,0
10150,2013,2,1,0,0,0,0,1,0,1,0
10150,2014,4,2,1,0,0,1,2,0,1,0
10166,2015,1,1,0,0,0,0,0,0,0,0
10181,2013,1,1,0,0,0,0,0,0,0,0
10181,2014,1,1,0,0,0,0,0,0,1,0
10205,2012,1,1,0,0,0,0,0,0,1,0
10205,2013,2,2,0,0,0,0,0,0,1,0
10205,2015,3,3,0,0,0,0,0,0,0,0
10205,2017,1,1,0,0,0,0,0,0,0,0
10207,2016,1,1,0,0,0,0,0,0,1,0
10207,2017,1,1,1,1,0,0,0,0,0,0
10233,2017,1,1,0,0,0,0,0,0,1,0
10276,2012,1,1,0,0,0,0,0,0,0,0
10281,2013,1,1,1,1,0,0,0,0,0,0
10281,2015,4,2,0,0,0,0,1,1,2,0
10296,2013,2,2,0,0,0,0,0,0,1,0
10296,2014,4,3,0,0,0,0,0,0,1,1
10318,2012,1,1,0,0,0,0,0,0,0,0
10360,2012,1,1,0,0,0,0,0,0,0,0
10366,2015,1,1,1,0,0,1,0,0,0,0
10398,2014,1,1,1,1,0,0,0,0,0,0
10401,2012,1,1,0,0,0,0,0,0,0,0
10404,2017,1,1,0,0,0,0,0,0,1,0
10432,2013,3,3,2,0,1,0,0,0,0,0
10432,2014,1,1,0,0,0,0,0,0,1,0
10432,2015,4,2,0,0,0,0,2,0,1,0
10510,2017,1,1,1,1,0,0,0,0,0,0
10575,2013,1,1,1,0,0,0,0,0,0,0
10575,2015,2,2,0,0,0,0,0,0,0,0
10602,2013,1,1,0,0,0,0,0,0,0,0
10602,2014,1,1,0,0,0,0,0,0,0,0
10602,2015,3,3,0,0,0,0,0,0,1,0
10646,2014,1,1,1,0,0,0,0,0,0,0
10742,2017,1,1,0,0,0,0,0,0,1,0
10754,2016,2,2,0,0,0,0,0,0,0,0
10797,2013,2,2,0,0,0,0,0,0,0,0
10797,2014,2,2,1,0,0,0,0,0,0,0
10823,2013,1,1,1,0,0,0,0,0,0,0
10826,2012,1,1,0,0,0,0,0,0,1,0
10826,2013,1,0,0,0,0,0,1,0,0,0
10826,2014,2,2,1,0,0,0,0,0,0,0
10831,2015,1,1,0,0,0,0,0,0,0,0
10831,2016,1,1,0,0,0,0,0,0,0,0
10831,2017,4,4,0,0,0,0,0,0,1,0
10833,2015,1,1,0,0,0,0,0,0,1,0
10833,2016,1,0,0,0,0,0,1,0,0,0
10844,2012,1,1,0,0,0,0,0,0,1,0
10844,2013,4,4,0,0,0,0,0,0,2,0
10861,2012,1,1,0,0,0,0,0,0,0,0
10876,2017,1,1,1,0,0,0,0,0,0,0
10877,2013,1,1,0,0,0,0,0,0,0,0
10877,2014,2,2,1,0,0,0,0,0,0,0
10922,2016,1,1,1,0,0,0,0,0,0,0
10922,2017,1,1,0,0,0,0,0,0,0,0
10964,2012,1,1,0,0,0,0,0,0,0,0
10964,2014,2,2,0,0,0,0,0,0,2,0
10964,2015,1,1,0,0,0,0,0,0,1,0
10964,2017,2,1,0,0,0,0,1,0,1,0
10979,2017,2,1,1,0,0,1,1,0,0,0
11037,2014,1,1,0,0,0,0,0,0,1,0
11037,2015,2,2,0,0,0,0,0,0,1,0
11037,2017,1,1,1,0,1,0,0,0,0,0
11086,2017,2,1,0,0,0,0,1,0,0,0
11133,2014,2,2,1,0,0,1,0,0,0,0
11148,2017,1,1,1,0,0,1,0,0,0,0
11176,2015,1,1,0,0,0,0,0,0,1,0
11190,2014,1,1,0,0,0,0,0,0,1,0
11190,2015,1,1,0,0,0,0,0,0,0,0
11191,2013,2,2,0,0,0,0,0,0,0,0
11191,2017,1,1,1,0,0,1,0,0,0,0
11212,2013,1,1,0,0,0,0,0,0,0,0
11212,2014,1,1,0,0,0,0,0,0,0,0
11220,2013,1,1,0,0,0,0,0,0,0,0
11225,2015,1,1,1,0,0,0,0,0,0,0
11227,2015,1,0,0,0,0,0,0,0,0,0
11227,2016,3,2,0,0,0,0,1,0,1,0
11227,2017,1,0,0,0,0,0,1,0,0,0
11231,2012,3,3,1,0,0,0,0,0,1,0
11231,2013,1,1,1,1,0,0,0,0,0,0
11231,2014,4,3,1,0,0,0,0,0,1,1
11250,2013,1,1,0,0,0,0,0,0,0,0
11258,2017,1,1,0,0,0,0,0,0,1,0
11290,2014,1,1,0,0,0,0,0,0,0,0
11301,2017,2,1,0,0,0,0,1,0,0,0
11313,2015,2,2,1,0,0,0,0,0,0,0
11333,2013,1,1,0,0,0,0,0,0,0,0
11333,2014,1,0,0,0,0,0,1,0,0,0
11333,2015,2,1,0,0,0,0,1,0,0,0
11520,2015,1,1,0,0,0,0,0,0,1,0
11525,2016,1,1,0,0,0,0,0,0,0,0
11540,2012,1,1,0,0,0,0,0,0,0,0
11552,2017,2,2,0,0,0,0,0,0,0,0
11560,2013,1,1,0,0,0,0,0,0,0,0
11609,2013,2,2,0,0,0,0,0,0,2,0
11615,2013,1,1,0,0,0,0,0,0,0,0
11615,2014,2,1,0,0,0,0,0,0,1,1
11634,2012,1,1,0,0,0,0,0,0,0,0
11634,2014,1,1,1,0,0,1,0,0,0,0
11634,2015,1,1,0,0,0,0,0,0,1,0
11643,2013,1,1,1,0,0,0,0,0,0,0
11643,2014,1,1,0,0,0,0,0,0,0,0
11643,2015,1,1,0,0,0,0,0,0,0,0
11643,2017,2,2,1,1,0,0,0,0,1,0
11649,2017,1,1,0,0,0,0,0,0,0,0
11651,2017,1,1,0,0,0,0,0,0,0,0
11665,2013,2,2,0,0,0,0,0,0,0,0
11681,2014,1,1,1,0,0,0,0,0,0,0
11681,2016,1,1,1,0,0,1,0,0,0,0
11682,2013,2,0,0,0,0,0,2,0,0,0
11682,2015,1,1,0,0,0,0,0,0,0,0
11698,2012,2,2,0,0,0,0,0,0,0,0
11698,2015,1,0,0,0,0,0,0,1,0,0
11701,2013,2,2,0,0,0,0,0,0,1,0
11702,2017,1,1,1,0,0,1,0,0,0,0
11703,2012,1,0,0,0,0,0,1,0,0,0
11703,2013,1,0,0,0,0,0,1,0,0,0
11703,2014,2,2,1,0,1,0,0,0,1,0
11703,2016,1,1,0,0,0,0,0,0,1,0
11712,2014,2,2,0,0,0,0,0,0,1,0
11766,2014,1,0,0,0,0,0,1,0,0,0
11766,2015,1,1,0,0,0,0,0,0,0,0
11766,2017,1,1,0,0,0,0,0,0,1,0
11774,2015,1,1,0,0,0,0,0,0,1,0
11823,2015,1,1,0,0,0,0,0,0,0,0
11852,2014,1,1,0,0,0,0,0,0,0,0
11864,2017,2,2,1,0,0,1,0,0,0,0
11872,2013,1,0,0,0,0,0,1,0,0,0
11900,2013,1,1,0,0,0,0,0,0,0,0
11904,2017,1,1,0,0,0,0,0,0,1,0
11912,2017,2,2,0,0,0,0,0,0,0,0
11942,2014,1,1,0,0,0,0,0,0,1,0
11975,2012,1,1,0,0,0,0,0,0,1,0
11975,2013,3,3,1,1,0,0,0,0,0,0
11975,2014,3,3,2,0,0,1,0,0,0,0
11975,2015,1,1,0,0,0,0,0,0,0,0
11984,2015,1,0,0,0,0,0,1,0,0,0
11984,2016,1,1,1,0,0,0,0,0,0,0
12004,2016,1,1,0,0,0,0,0,0,0,0
12022,2014,1,1,0,0,0,0,0,0,1,0
12119,2013,1,1,0,0,0,0,0,0,0,0
12119,2014,1,1,0,0,0,0,0,0,0,0
12166,2013,1,1,0,0,0,0,0,0,0,0
12166,2014,2,2,0,0,0,0,0,0,0,0
12166,2017,1,1,0,0,0,0,0,0,1,0
12256,2017,1,1,0,0,0,0,0,0,1,0
12338,2017,1,0,0,0,0,0,1,0,0,0
12463,2016,1,1,0,0,0,0,0,0,1,0
12468,2013,2,2,0,0,0,0,0,0,0,0
12468,2014,3,3,0,0,0,0,0,0,0,0
12468,2015,3,3,1,1,0,0,0,0,0,0
12523,2013,2,2,0,0,0,0,0,0,0,0
12571,2014,2,2,0,0,0,0,0,0,1,0
12571,2015,2,2,0,0,0,0,0,0,0,0
12571,2017,2,2,1,0,0,0,0,0,0,0
12608,2012,1,1,0,0,0,0,0,0,0,0
12608,2013,2,2,0,0,0,0,0,0,2,0
12608,2015,1,1,1,0,0,0,0,0,0,0
12619,2013,1,1,0,0,0,0,0,0,0,0
12666,2012,2,2,1,0,0,0,0,0,0,0
12666,2017,1,1,1,0,0,0,0,0,0,0
12671,2012,1,1,0,0,0,0,0,0,0,0
12672,2016,1,0,0,0,0,0,1,0,0,0
