46,2021,3,2,0,0,0,0,1,0,1,0
71,2019,1,1,0,0,0,0,0,0,0,0
71,2021,3,3,1,1,0,0,0,0,2,0
95,2019,1,1,1,0,0,1,0,0,0,0
117,2021,1,1,0,0,0,0,0,0,0,0
127,2021,1,1,0,0,0,0,0,0,1,0
187,2021,1,1,0,0,0,0,0,0,0,0
199,2021,2,2,0,0,0,0,0,0,0,0
212,2020,1,0,0,0,0,0,1,0,0,0
221,2021,1,1,1,0,0,0,0,0,0,0
334,2019,2,2,0,0,0,0,0,0,0,0
352,2021,3,2,0,0,0,0,1,0,1,0
448,2021,1,1,0,0,0,0,0,0,1,0
480,2021,5,5,1,0,0,0,0,0,1,0
634,2019,2,2,0,0,0,0,0,0,1,0
634,2021,2,2,0,0,0,0,0,0,1,0
751,2021,1,1,0,0,0,0,0,0,1,0
803,2021,1,1,0,0,0,0,0,0,0,0
1020,2021,1,1,1,1,0,0,0,0,0,0
1157,2021,1,0,0,0,0,0,1,0,0,0
1227,2021,1,1,0,0,0,0,0,0,1,0
1251,2020,1,1,0,0,0,0,0,0,0,0
1279,2020,1,1,0,0,0,0,0,0,0,0
1667,2021,3,3,0,0,0,0,0,0,0,0
1793,2021,2,2,1,0,0,0,0,0,0,0
1813,2021,1,1,0,0,0,0,0,0,0,0
1852,2021,1,0,0,0,0,0,1,0,0,0
1911,2021,3,3,2,0,0,1,0,0,1,0
2287,2021,1,1,0,0,0,0,0,0,0,0
2288,2021,1,1,0,0,0,0,0,0,1,0
2356,2020,1,1,0,0,0,0,0,0,0,0
2557,2019,1,1,0,0,0,0,0,0,1,0
2602,2019,1,1,0,0,0,0,0,0,0,0
2655,2021,1,1,0,0,0,0,0,0,0,0
2746,2021,1,1,0,0,0,0,0,0,1,0
2836,2021,3,3,0,0,0,0,0,0,3,0
2902,2021,1,1,0,0,0,0,0,0,0,0
3064,2021,1,1,0,0,0,0,0,0,0,0
3078,2019,1,1,0,0,0,0,0,0,0,0
3078,2021,1,1,0,0,0,0,0,0,0,0
3167,2019,1,0,0,0,0,0,1,0,0,0
3190,2021,1,1,0,0,0,0,0,0,0,0
3240,2021,1,1,0,0,0,0,0,0,0,0
3299,2019,1,1,1,0,0,1,0,0,0,0
3310,2021,1,1,1,0,1,0,0,0,0,0
3407,2019,1,1,0,0,0,0,0,0,0,0
3407,2021,2,2,2,0,0,1,0,0,0,0
3592,2021,2,1,0,0,0,0,1,0,0,0
3640,2021,1,1,0,0,0,0,0,0,0,0
3692,2019,1,1,0,0,0,0,0,0,1,0
3719,2021,2,2,0,0,0,0,0,0,1,0
3750,2021,1,0,0,0,0,0,1,0,0,0
3837,2019,2,2,1,0,0,0,0,0,1,0
3855,2021,4,3,1,0,0,0,0,1,1,0
3890,2021,2,2,0,0,0,0,0,0,1,0
4126,2021,3,3,1,0,0,1,0,0,0,0
4147,2019,2,2,0,0,0,0,0,0,0,0
4238,2019,1,1,0,0,0,0,0,0,0,0
4391,2019,1,1,0,0,0,0,0,0,0,0
4427,2021,1,1,0,0,0,0,0,0,0,0
4443,2020,1,1,0,0,0,0,0,0,0,0
4609,2021,2,2,1,1,0,0,0,0,0,0
4706,2019,1,0,0,0,0,0,0,1,0,0
4864,2019,1,0,0,0,0,0,1,0,0,0
4864,2021,1,0,0,0,0,0,1,0,0,0
5046,2021,1,1,0,0,0,0,0,0,1,0
5082,2021,1,0,0,0,0,0,0,1,0,0
5159,2019,1,1,0,0,0,0,0,0,0,0
5328,2019,1,1,0,0,0,0,0,0,0,0
5336,2021,1,1,0,0,0,0,0,0,1,0
5337,2021,4,4,1,0,0,1,0,0,0,0
5386,2019,1,1,0,0,0,0,0,0,1,0
5436,2021,1,1,0,0,0,0,0,0,0,0
5779,2019,1,0,0,0,0,0,1,0,0,0
5959,2019,1,1,0,0,0,0,0,0,0,0
6233,2021,1,1,0,0,0,0,0,0,1,0
6393,2020,1,1,1,0,0,0,0,0,0,0
6436,2021,1,1,1,0,0,1,0,0,0,0
6482,2021,1,1,0,0,0,0,0,0,1,0
6542,2021,1,1,0,0,0,0,0,0,1,0
6590,2020,1,1,1,0,0,0,0,0,0,0
6636,2021,1,1,0,0,0,0,0,0,0,0
6671,2021,1,1,0,0,0,0,0,0,0,0
6796,2020,1,0,0,0,0,0,1,0,0,0
6962,2021,1,0,0,0,0,0,1,0,0,0
7253,2021,1,1,0,0,0,0,0,0,1,0
7284,2021,1,1,1,0,0,0,0,0,0,0
7405,2019,1,0,0,0,0,0,1,0,0,0
7456,2021,1,1,0,0,0,0,0,0,0,0
7847,2021,4,4,1,0,0,0,0,0,1,0
7860,2019,1,1,0,0,0,0,0,0,0,0
8072,2021,1,0,0,0,0,0,1,0,0,0
8178,2021,3,2,1,0,0,0,1,0,0,0
8305,2021,1,0,0,0,0,0,1,0,0,0
8343,2021,1,1,0,0,0,0,0,0,1,0
8515,2021,2,0,0,0,0,0,1,1,0,0
8543,2021,1,1,0,0,0,0,0,0,0,0
8623,2021,1,1,1,0,0,1,0,0,0,0
8677,2021,1,1,0,0,0,0,0,0,0,0
8722,2019,1,1,0,0,0,0,0,0,1,0
8870,2021,1,1,1,1,0,0,0,0,0,0
8972,2021,1,1,0,0,0,0,0,0,0,0
9002,2019,1,1,0,0,0,0,0,0,0,0
9013,2019,1,1,0,0,0,0,0,0,0,0
9064,2021,1,1,1,0,0,0,0,0,0,0
9125,2021,1,1,0,0,0,0,0,0,0,0
9499,2019,1,0,0,0,0,0,1,0,0,0
9690,2021,1,0,0,0,0,0,1,0,0,0
9746,2019,2,2,0,0,0,0,0,0,0,0
9860,2021,1,1,1,0,0,0,0,0,0,0
10003,2021,1,0,0,0,0,0,1,0,0,0
10015,2021,1,0,0,0,0,0,0,1,0,0
10195,2021,1,1,0,0,0,0,0,0,1,0
10339,2021,2,2,1,0,0,0,0,0,1,0
10364,2021,1,1,1,0,0,0,0,0,0,0
10404,2021,1,1,1,0,0,1,0,0,0,0
10406,2020,1,1,0,0,0,0,0,0,1,0
10432,2021,2,2,0,0,0,0,0,0,0,0
10457,2019,2,1,0,0,0,0,1,0,1,0
10667,2021,1,1,0,0,0,0,0,0,0,0
10722,2021,1,1,0,0,0,0,0,0,1,0
10760,2021,1,0,0,0,0,0,1,0,0,0
10777,2021,1,0,0,0,0,0,1,0,0,0
10852,2021,2,1,0,0,0,0,0,1,0,0
10922,2020,1,1,0,0,0,0,0,0,0,0
11027,2019,1,0,0,0,0,0,1,0,0,0
11027,2021,1,1,0,0,0,0,0,0,0,0
11107,2020,1,1,1,0,0,0,0,0,0,0
11111,2019,1,1,0,0,0,0,0,0,1,0
11148,2019,2,1,1,0,0,1,0,1,0,0
11148,2021,2,2,1,1,0,0,0,0,0,0
11283,2021,1,1,1,0,0,1,0,0,0,0
11321,2021,2,1,0,0,0,0,1,0,1,0
11344,2021,2,1,1,0,0,1,1,0,0,0
11432,2021,1,1,0,0,0,0,0,0,0,0
11624,2020,1,1,0,0,0,0,0,0,0,0
11651,2019,2,2,0,0,0,0,0,0,2,0
11689,2021,3,2,1,0,0,0,1,0,1,0
11762,2019,1,1,0,0,0,0,0,0,0,0
11762,2021,2,2,1,0,0,0,0,0,1,0
11772,2019,1,1,1,0,0,0,0,0,0,0
11780,2021,1,1,0,0,0,0,0,0,1,0
11859,2021,1,1,0,0,0,0,0,0,1,0
11876,2019,1,0,0,0,0,0,1,0,0,0
11909,2021,1,1,0,0,0,0,0,0,0,0
11912,2021,3,2,0,0,0,0,1,0,0,0
11942,2021,1,0,0,0,0,0,1,0,0,0
11962,2021,1,1,0,0,0,0,0,0,0,0
12210,2020,1,1,0,0,0,0,0,0,0,0
12227,2021,1,1,0,0,0,0,0,0,0,0
12324,2021,1,1,0,0,0,0,0,0,0,0
12418,2021,1,0,0,0,0,0,1,0,0,0
12429,2021,1,1,0,0,0,0,0,0,1,0
12468,2021,2,2,0,0,0,0,0,0,0,0
12593,2021,1,1,0,0,0,0,0,0,0,0
12681,2019,1,1,0,0,0,0,0,0,1,0
