102,1982,1,1,1,0,0,0,0,0,0,0
102,1983,1,1,1,0,0,1,0,0,0,0
102,1984,2,2,0,0,0,0,0,0,1,0
133,1988,1,1,0,0,0,0,0,0,0,0
153,1988,2,2,1,1,0,0,0,0,0,0
189,1983,3,2,2,0,0,0,1,0,0,0
189,1984,2,2,1,1,0,0,0,0,1,0
196,1991,3,2,0,0,0,0,1,0,1,0
196,1992,4,4,2,1,1,0,0,0,0,0
196,1993,2,1,0,0,0,0,1,0,0,0
196,1994,1,0,0,0,0,0,1,0,0,0
197,1990,3,3,1,0,0,0,0,0,0,0
197,1992,1,1,0,0,0,0,0,0,0,0
247,1993,2,2,1,0,0,0,0,0,1,0
260,1989,1,1,0,0,0,0,0,0,0,0
260,1991,1,1,0,0,0,0,0,0,1,0
260,1992,2,2,0,0,0,0,0,0,2,0
260,1993,1,1,0,0,0,0,0,0,1,0
260,1994,2,1,0,0,0,0,1,0,0,0
363,1984,1,1,1,0,0,0,0,0,0,0
363,1985,2,2,2,0,0,1,0,0,0,0
467,1990,1,1,1,0,0,0,0,0,0,0
483,1990,3,3,1,1,0,0,0,0,1,0
483,1992,1,1,0,0,0,0,0,0,1,0
483,1993,2,2,0,0,0,0,0,0,1,0
508,1982,3,3,2,0,0,1,0,0,0,0
508,1983,1,0,0,0,0,0,1,0,0,0
508,1984,3,3,2,0,0,1,0,0,1,0
508,1985,1,1,0,0,0,0,0,0,0,0
508,1987,2,2,1,1,0,0,0,0,0,0
508,1989,2,2,1,0,0,0,0,0,0,0
508,1990,1,1,1,1,0,0,0,0,0,0
508,1991,1,1,1,0,0,1,0,0,0,0
508,1992,2,1,0,0,0,0,1,0,1,0
508,1993,1,1,1,0,0,0,0,0,0,0
508,1994,1,1,1,0,0,0,0,0,0,0
516,1985,4,4,1,0,0,0,0,0,1,0
534,1984,4,4,0,0,0,0,0,0,3,0
534,1985,2,2,0,0,0,0,0,0,0,0
534,1989,5,5,0,0,0,0,0,0,3,0
534,1990,1,1,0,0,0,0,0,0,1,0
558,1984,1,1,1,0,0,0,0,0,0,0
558,1985,1,0,0,0,0,0,1,0,0,0
558,1986,2,2,1,0,0,0,0,0,1,0
573,1985,1,1,0,0,0,0,0,0,1,0
596,1982,4,3,0,0,0,0,1,0,1,0
596,1983,2,1,0,0,0,0,1,0,1,0
596,1984,5,5,3,0,0,2,0,0,0,0
596,1985,2,2,1,0,0,1,0,0,0,0
596,1987,2,1,0,0,0,0,1,0,0,0
596,1988,1,1,0,0,0,0,0,0,1,0
596,1989,5,5,1,0,0,0,0,0,3,0
596,1990,5,4,2,0,0,0,1,0,1,0
632,1992,1,1,0,0,0,0,0,0,0,0
632,1993,1,1,1,0,0,0,0,0,0,0
654,1985,2,2,1,0,0,0,0,0,0,0
654,1987,3,1,0,0,0,0,1,0,0,0
654,1989,1,0,0,0,0,0,0,0,0,0
661,1988,1,1,0,0,0,0,0,0,0,0
728,1982,2,2,1,0,0,0,0,0,1,0
728,1983,1,1,0,0,0,0,0,0,0,0
728,1984,3,3,1,0,1,0,0,0,0,0
728,1985,6,5,2,1,0,0,1,0,1,0
728,1986,1,1,0,0,0,0,0,0,0,0
728,1987,1,1,1,0,0,0,0,0,0,0
765,1994,2,2,2,0,0,0,0,0,0,0
800,1982,2,2,1,0,0,0,0,0,1,0
800,1984,2,2,1,0,0,0,0,0,1,0
800,1985,2,2,1,0,0,0,0,0,0,0
809,1984,3,3,0,0,0,0,0,0,2,0
809,1985,2,2,1,0,0,0,0,0,1,0
809,1987,2,2,1,1,0,0,0,0,0,0
809,1988,1,1,0,0,0,0,0,0,0,0
809,1989,2,2,1,0,0,0,0,0,0,0
809,1992,3,3,0,0,0,0,0,0,1,0
809,1993,1,1,0,0,0,0,0,0,0,0
813,1988,1,1,0,0,0,0,0,0,1,0
814,1992,2,1,0,0,0,0,1,0,0,0
814,1993,1,0,0,0,0,0,1,0,0,0
815,1991,2,2,0,0,0,0,0,0,1,0
815,1993,1,1,1,0,0,0,0,0,0,0
823,1988,1,1,0,0,0,0,0,0,0,0
835,1992,1,1,0,0,0,0,0,0,1,0
850,1982,3,2,0,0,0,0,0,0,2,0
850,1984,1,0,0,0,0,0,1,0,0,0
850,1985,3,2,0,0,0,0,1,0,1,0
850,1986,1,1,0,0,0,0,0,0,0,0
877,1985,3,3,0,0,0,0,0,0,1,0
877,1986,1,1,0,0,0,0,0,0,0,0
877,1987,3,3,2,0,0,0,0,0,1,0
877,1991,1,1,0,0,0,0,0,0,1,0
877,1992,1,1,0,0,0,0,0,0,0,0
896,1984,2,2,0,0,0,0,0,0,0,0
896,1985,4,2,0,0,0,0,2,0,0,0
896,1986,1,1,0,0,0,0,0,0,0,0
902,1988,1,1,0,0,0,0,0,0,0,0
902,1994,1,1,0,0,0,0,0,0,0,0
942,1990,2,2,0,0,0,0,0,0,2,0
942,1992,1,1,0,0,0,0,0,0,0,0
1013,1992,1,1,0,0,0,0,0,0,0,0
1045,1989,1,1,0,0,0,0,0,0,0,0
1045,1990,1,1,0,0,0,0,0,0,1,0
1045,1993,2,1,0,0,0,0,0,0,1,0
1055,1984,1,1,0,0,0,0,0,0,0,0
1055,1985,1,1,0,0,0,0,0,0,0,0
1072,1984,1,1,0,0,0,0,0,0,0,0
1072,1987,2,2,1,0,0,0,0,0,1,0
1072,1989,1,0,0,0,0,0,1,0,0,0
1072,1993,3,2,0,0,0,0,1,0,1,0
1072,1994,1,1,0,0,0,0,0,0,0,0
1093,1988,2,2,0,0,0,0,0,0,0,0
1100,1988,1,1,0,0,0,0,0,0,0,0
1115,1982,2,1,0,0,0,0,0,0,0,0
1115,1985,2,2,1,0,0,0,0,0,0,0
1115,1987,1,1,0,0,0,0,0,0,1,0
1115,1988,1,1,1,0,0,0,0,0,0,0
1115,1989,1,1,0,0,0,0,0,0,0,0
1116,1993,1,1,1,1,0,0,0,0,0,0
1128,1991,1,1,0,0,0,0,0,0,0,0
1128,1992,1,1,1,0,0,0,0,0,0,0
1129,1989,1,1,1,0,0,0,0,0,0,0
1129,1992,2,1,0,0,0,0,1,0,0,0
1129,1993,4,4,1,0,0,0,0,0,1,0
1129,1994,1,1,0,0,0,0,0,0,0,0
1152,1985,2,2,0,0,0,0,0,0,0,0
1152,1987,2,2,0,0,0,0,0,0,2,0
1152,1989,2,2,1,0,0,0,0,0,0,0
1234,1989,1,0,0,0,0,0,1,0,0,0
1234,1990,3,3,1,1,0,0,0,0,0,0
1236,1990,1,1,0,0,0,0,0,0,0,0
1242,1987,3,2,1,1,0,0,1,0,0,0
1242,1988,1,1,1,1,0,0,0,0,0,0
1242,1989,3,3,1,0,0,1,0,0,1,0
1242,1990,3,3,3,1,0,0,0,0,0,0
1273,1988,1,1,1,0,0,0,0,0,0,0
1281,1988,1,1,0,0,0,0,0,0,0,0
1291,1982,1,1,0,0,0,0,0,0,0,0
1291,1983,2,2,0,0,0,0,0,0,0,0
1291,1984,2,1,1,1,0,0,1,0,0,0
1291,1985,2,2,1,0,0,0,0,0,0,0
1291,1988,2,2,2,0,0,2,0,0,0,0
1291,1989,1,1,0,0,0,0,0,0,0,0
1291,1990,2,2,0,0,0,0,0,0,1,0
1291,1992,3,3,1,0,0,0,0,0,0,0
1291,1993,1,1,0,0,0,0,0,0,0,0
1319,1989,2,1,1,1,0,0,1,0,0,0
1319,1990,1,1,1,1,0,0,0,0,0,0
1319,1991,1,1,1,0,0,0,0,0,0,0
1319,1992,1,1,0,0,0,0,0,0,0,0
1344,1987,2,1,1,0,0,0,1,0,0,0
1344,1989,3,3,0,0,0,0,0,0,1,0
1344,1990,2,2,1,0,0,0,0,0,0,0
1350,1992,1,1,1,0,0,0,0,0,0,0
1358,1988,1,1,0,0,0,0,0,0,0,0
1358,1992,1,1,0,0,0,0,0,0,0,0
1361,1987,2,2,0,0,0,0,0,0,0,0
1361,1989,3,3,0,0,0,0,0,0,2,0
1361,1990,1,0,0,0,0,0,1,0,0,0
1370,1984,1,1,0,0,0,0,0,0,1,0
1375,1988,1,1,0,0,0,0,0,0,1,0
1386,1984,1,1,0,0,0,0,0,0,0,0
1397,1990,1,1,0,0,0,0,0,0,0,0
1397,1992,1,1,1,0,0,0,0,0,0,0
1413,1985,2,2,1,0,0,0,0,0,0,0
1440,1992,1,0,0,0,0,0,1,0,0,0
1447,1985,1,1,1,0,0,0,0,0,0,0
1458,1983,6,4,1,0,0,1,2,0,1,0
1458,1984,4,4,1,0,0,0,0,0,0,0
1458,1985,5,5,2,1,0,0,0,0,1,0
1458,1987,3,3,1,0,0,0,0,0,1,0
1483,1985,2,1,1,0,0,1,1,0,0,0
1483,1987,3,2,2,0,0,0,1,0,0,0
1483,1988,1,1,0,0,0,0,0,0,0,0
1494,1986,3,3,1,0,0,0,0,0,1,0
1494,1988,1,0,0,0,0,0,1,0,0,0
1494,1989,1,1,0,0,0,0,0,0,0,0
1494,1991,2,0,0,0,0,0,1,0,0,0
1502,1990,5,4,3,0,0,0,1,0,1,0
1502,1991,1,1,0,0,0,0,0,0,0,0
1502,1992,1,1,1,0,0,0,0,0,0,0
1502,1993,5,4,1,1,0,0,1,0,2,0
1513,1983,3,3,1,0,1,0,0,0,2,0
1513,1984,1,1,1,0,0,0,0,0,0,0
1543,1987,3,3,2,0,0,0,0,0,1,0
1543,1993,1,1,1,0,0,0,0,0,0,0
1555,1982,2,1,0,0,0,0,1,0,0,0
1573,1982,3,2,0,0,0,0,1,0,1,0
1573,1983,1,1,0,0,0,0,0,0,1,0
1573,1984,1,1,0,0,0,0,0,0,1,0
1573,1985,2,2,1,1,0,0,0,0,1,0
1600,1983,5,4,1,1,0,0,0,1,0,0
1600,1984,2,2,1,0,1,0,0,0,0,0
1600,1985,3,1,0,0,0,0,2,0,1,0
1600,1987,2,2,0,0,0,0,0,0,1,0
1600,1988,4,4,0,0,0,0,0,0,1,0
1600,1989,2,2,1,0,0,0,0,0,0,0
1600,1990,1,1,0,0,0,0,0,0,0,0
1600,1993,2,2,0,0,0,0,0,0,1,0
1608,1982,1,1,0,0,0,0,0,0,0,0
1610,1984,1,1,0,0,0,0,0,0,0,0
1610,1985,5,5,2,0,0,0,0,0,0,0
1610,1986,3,3,0,0,0,0,0,0,1,0
1640,1983,2,2,1,0,0,0,0,0,0,0
1673,1987,4,4,0,0,0,0,0,0,1,0
1673,1989,2,1,1,1,0,0,1,0,0,0
1673,1990,4,4,0,0,0,0,0,0,0,0
1673,1993,2,2,2,0,1,0,0,0,0,0
1757,1987,2,2,0,0,0,0,0,0,1,0
1757,1988,2,2,0,0,0,0,0,0,0,0
1757,1990,1,1,0,0,0,0,0,0,0,0
1757,1991,1,1,0,0,0,0,0,0,1,0
1757,1992,2,1,0,0,0,0,1,0,1,0
1757,1993,2,2,1,1,0,0,0,0,0,0
1757,1994,1,1,1,0,0,0,0,0,0,0
1786,1993,1,1,0,0,0,0,0,0,1,0
1787,1982,3,3,1,1,0,0,0,0,0,0
1787,1985,5,5,1,1,0,0,0,0,0,0
1832,1992,4,3,0,0,0,0,1,0,0,0
1843,1984,1,1,1,0,0,0,0,0,0,0
1843,1985,6,5,3,0,0,0,1,0,0,0
1843,1986,3,3,1,1,0,0,0,0,1,0
1843,1987,1,1,0,0,0,0,0,0,1,0
1843,1988,2,1,1,0,0,0,0,1,0,0
1843,1991,2,2,0,0,0,0,0,0,1,0
1843,1992,5,5,3,0,0,1,0,0,0,0
1843,1993,4,4,0,0,0,0,0,0,0,0
1843,1994,1,1,0,0,0,0,0,0,0,0
1880,1984,1,0,0,0,0,0,0,1,0,0
1880,1985,1,1,0,0,0,0,0,0,0,0
1880,1989,2,2,1,1,0,0,0,0,0,0
1894,1982,1,1,1,0,0,1,0,0,0,0
1894,1983,7,6,3,2,0,0,1,0,1,0
1907,1985,1,1,0,0,0,0,0,0,0,0
1949,1993,2,2,0,0,0,0,0,0,0,0
1958,1983,1,1,0,0,0,0,0,0,0,0
1958,1984,1,1,0,0,0,0,0,0,0,0
1958,1990,2,2,0,0,0,0,0,0,1,0
2068,1984,2,2,0,0,0,0,0,0,0,0
2100,1982,3,3,0,0,0,0,0,0,2,0
2100,1984,2,1,0,0,0,0,1,0,0,0
2103,1986,2,2,0,0,0,0,0,0,1,0
2125,1994,1,1,0,0,0,0,0,0,1,0
2171,1990,2,1,1,1,0,0,1,0,0,0
2177,1989,2,2,0,0,0,0,0,0,1,0
2203,1992,1,1,0,0,0,0,0,0,0,0
2203,1994,1,1,1,0,0,0,0,0,0,0
2208,1986,1,1,1,0,0,1,0,0,0,0
2208,1989,2,2,0,0,0,0,0,0,0,0
2208,1990,2,2,0,0,0,0,0,0,0,0
2208,1993,1,1,0,0,0,0,0,0,0,0
2225,1983,2,2,1,1,0,0,0,0,0,0
2225,1984,1,0,0,0,0,0,1,0,0,0
2225,1985,3,3,0,0,0,0,0,0,0,0
2258,1983,1,0,0,0,0,0,1,0,0,0
2258,1984,3,3,1,0,0,0,0,0,2,0
2258,1985,1,1,0,0,0,0,0,0,0,0
2266,1992,1,1,1,0,1,0,0,0,0,0
2273,1985,1,1,0,0,0,0,0,0,0,0
2308,1984,2,2,1,0,0,0,0,0,0,0
2308,1985,2,2,1,1,0,0,0,0,0,0
2314,1993,4,4,1,1,0,0,0,0,3,0
2314,1994,1,1,0,0,0,0,0,0,0,0
2319,1993,1,1,0,0,0,0,0,0,0,0
2360,1993,2,2,0,0,0,0,0,0,0,0
2382,1986,1,1,0,0,0,0,0,0,1,0
2382,1990,4,3,0,0,0,0,1,0,1,0
2382,1992,1,1,0,0,0,0,0,0,1,0
2502,1984,3,3,2,1,0,0,0,0,0,0
2548,1992,2,2,1,0,0,0,0,0,1,0
2548,1993,3,3,2,0,0,0,0,0,0,0
2548,1994,2,2,1,1,0,0,0,0,0,0
2558,1991,1,1,1,0,0,0,0,0,0,0
2558,1992,1,1,0,0,0,0,0,0,1,0
2558,1993,2,2,1,1,0,0,0,0,0,0
2558,1994,2,2,1,0,0,0,0,0,0,0
2610,1993,2,2,0,0,0,0,0,0,1,0
2613,1983,2,2,1,0,0,0,0,0,0,0
2613,1984,3,3,0,0,0,0,0,0,2,0
2614,1989,2,2,1,1,0,0,0,0,0,0
2614,1991,1,1,0,0,0,0,0,0,0,0
2624,1989,1,1,0,0,0,0,0,0,0,0
2624,1992,1,1,0,0,0,0,0,0,0,0
2626,1983,2,2,2,0,0,0,0,0,0,0
2626,1984,2,2,0,0,0,0,0,0,0,0
2626,1993,2,2,1,1,0,0,0,0,1,0
2636,1988,3,3,1,0,0,0,0,0,0,0
2636,1989,1,0,0,0,0,0,1,0,0,0
2636,1990,3,3,1,0,0,0,0,0,0,0
2636,1991,1,0,0,0,0,0,1,0,0,0
2636,1992,4,3,0,0,0,0,1,0,0,0
2636,1993,3,2,0,0,0,0,1,0,0,0
2636,1994,1,1,0,0,0,0,0,0,1,0
2644,1994,2,1,0,0,0,0,1,0,1,0
2646,1992,3,3,1,0,0,0,0,0,1,0
2650,1988,1,1,0,0,0,0,0,0,0,0
2666,1983,3,1,0,0,0,0,1,1,1,0
2666,1985,5,5,3,0,0,1,0,0,1,0
2667,1987,1,1,0,0,0,0,0,0,0,0
2696,1988,3,3,1,1,0,0,0,0,0,0
2696,1993,2,2,1,0,0,0,0,0,0,0
2714,1982,2,2,0,0,0,0,0,0,0,0
2714,1984,1,1,0,0,0,0,0,0,1,0
2714,1985,3,2,0,0,0,0,1,0,0,0
2714,1987,3,2,0,0,0,0,1,0,0,0
2723,1988,1,1,0,0,0,0,0,0,1,0
2723,1989,2,2,0,0,0,0,0,0,1,0
2723,1990,4,4,1,0,0,0,0,0,1,0
2723,1992,2,2,0,0,0,0,0,0,1,0
2723,1993,3,2,0,0,0,0,1,0,2,0
2809,1983,2,2,0,0,0,0,0,0,1,0
2809,1984,3,3,1,0,0,0,0,0,0,0
2809,1985,1,1,0,0,0,0,0,0,1,0
2809,1986,1,1,0,0,0,0,0,0,1,0
2821,1982,2,2,0,0,0,0,0,0,2,0
2831,1985,1,1,1,0,0,0,0,0,0,0
2852,1989,1,1,1,1,0,0,0,0,0,0
2852,1990,1,1,0,0,0,0,0,0,0,0
2852,1991,4,4,1,0,0,1,0,0,1,0
2852,1992,4,4,1,1,0,0,0,0,1,0
2852,1993,3,3,0,0,0,0,0,0,0,0
2852,1994,1,0,0,0,0,0,0,0,0,1
2865,1994,1,1,1,0,1,0,0,0,0,0
2873,1990,6,5,0,0,0,0,0,0,2,0
2891,1991,1,1,1,0,0,0,0,0,0,0
2891,1993,1,1,0,0,0,0,0,0,0,0
2927,1982,2,2,0,0,0,0,0,0,1,0
2944,1992,1,1,1,0,0,0,0,0,0,0
2944,1993,3,3,1,0,0,0,0,0,0,0
2944,1994,1,1,0,0,0,0,0,0,0,0
2992,1989,1,1,1,0,0,0,0,0,0,0
3010,1984,1,1,0,0,0,0,0,0,0,0
3010,1985,3,3,2,0,0,1,0,0,0,0
3010,1987,2,0,0,0,0,0,1,0,0,0
3010,1988,1,1,0,0,0,0,0,0,0,0
3010,1989,1,1,0,0,0,0,0,0,0,0
3065,1990,1,1,0,0,0,0,0,0,1,0
3065,1992,1,1,0,0,0,0,0,0,0,0
3093,1985,3,3,1,0,0,0,0,0,0,0
3116,1988,2,2,0,0,0,0,0,0,2,0
3145,1985,3,2,0,0,0,0,1,0,0,0
3145,1987,2,2,0,0,0,0,0,0,0,0
3145,1988,2,1,0,0,0,0,1,0,0,0
3145,1989,1,1,0,0,0,0,0,0,0,0
3146,1983,1,0,0,0,0,0,1,0,0,0
3146,1984,3,3,0,0,0,0,0,0,1,0
3160,1994,1,1,1,1,0,0,0,0,0,0
3163,1985,2,1,0,0,0,0,1,0,1,0
3163,1987,1,1,0,0,0,0,0,0,1,0
3192,1994,1,1,1,0,0,0,0,0,0,0
3221,1982,3,2,0,0,0,0,1,0,0,0
3221,1988,2,1,1,0,0,0,0,0,0,1
3221,1990,4,3,0,0,0,0,1,0,2,0
3274,1982,1,0,0,0,0,0,1,0,0,0
3274,1983,2,2,0,0,0,0,0,0,0,0
3274,1984,2,2,0,0,0,0,0,0,0,0
3274,1985,3,3,0,0,0,0,0,0,0,0
3300,1988,1,1,1,0,0,0,0,0,0,0
3300,1989,1,0,0,0,0,0,1,0,0,0
3319,1985,1,1,1,0,0,0,0,0,0,0
3319,1989,5,5,2,2,0,0,0,0,0,0
3319,1990,2,1,0,0,0,0,1,0,1,0
3319,1993,1,1,1,0,0,0,0,0,0,0
3331,1989,4,4,1,0,0,0,0,0,2,0
3334,1984,2,1,0,0,0,0,1,0,0,0
3358,1985,2,1,1,0,0,1,1,0,0,0
3358,1986,1,1,1,0,0,0,0,0,0,0
3358,1987,4,2,0,0,0,0,1,1,0,0
3359,1984,2,2,1,0,0,1,0,0,1,0
3359,1985,2,2,0,0,0,0,0,0,0,0
3359,1987,2,2,0,0,0,0,0,0,0,0
3359,1989,1,1,0,0,0,0,0,0,0,0
3359,1990,2,2,0,0,0,0,0,0,1,0
3359,1991,3,2,1,0,0,0,1,0,0,0
3377,1994,1,0,0,0,0,0,1,0,0,0
3380,1983,5,4,1,0,0,0,1,0,0,0
3433,1987,1,1,0,0,0,0,0,0,0,0
3433,1989,3,2,0,0,0,0,1,0,0,0
3433,1990,1,1,1,0,0,0,0,0,0,0
3433,1993,2,2,0,0,0,0,0,0,0,0
3436,1989,3,3,0,0,0,0,0,0,1,0
3436,1990,3,2,0,0,0,0,0,0,0,1
3436,1992,1,1,0,0,0,0,0,0,1,0
3450,1992,1,1,0,0,0,0,0,0,0,0
3450,1993,1,1,1,0,0,0,0,0,0,0
3469,1984,4,3,1,0,0,0,1,0,0,0
3469,1985,1,1,0,0,0,0,0,0,0,0
3469,1987,2,2,1,0,0,0,0,0,0,0
3469,1988,1,0,0,0,0,0,1,0,0,0
3469,1989,3,1,0,0,0,0,2,0,0,0
3469,1990,3,2,0,0,0,0,1,0,0,0
3469,1993,2,2,1,0,0,0,0,0,0,0
3489,1988,1,1,1,0,0,0,0,0,0,0
3489,1992,6,6,3,0,0,0,0,0,1,0
3489,1993,2,1,0,0,0,0,1,0,0,0
3489,1994,3,3,1,0,0,0,0,0,2,0
3520,1989,2,2,0,0,0,0,0,0,1,0
3520,1990,3,3,1,0,0,0,0,0,1,0
3532,1984,1,1,0,0,0,0,0,0,0,0
3532,1985,1,1,0,0,0,0,0,0,1,0
3545,1982,2,2,0,0,0,0,0,0,2,0
3545,1984,1,1,0,0,0,0,0,0,0,0
3545,1985,3,3,0,0,0,0,0,0,0,0
3545,1987,2,2,2,0,0,0,0,0,0,0
3545,1990,3,3,2,0,0,0,0,0,1,0
3572,1983,1,1,0,0,0,0,0,0,1,0
3572,1984,2,2,0,0,0,0,0,0,1,0
3572,1985,1,1,0,0,0,0,0,0,0,0
3572,1986,3,2,1,0,0,0,1,0,0,0
3572,1987,1,0,0,0,0,0,1,0,0,0
3572,1988,1,1,1,0,0,0,0,0,0,0
3572,1989,3,2,1,0,0,0,1,0,0,0
3572,1990,5,5,0,0,0,0,0,0,0,0
3572,1993,2,2,0,0,0,0,0,0,1,0
3605,1982,2,1,0,0,0,0,1,0,0,0
3621,1983,2,2,0,0,0,0,0,0,1,0
3666,1992,1,1,0,0,0,0,0,0,0,0
3682,1984,2,2,0,0,0,0,0,0,0,0
3682,1985,3,3,0,0,0,0,0,0,0,0
3682,1987,1,1,1,0,0,1,0,0,0,0
3682,1988,1,1,1,0,0,0,0,0,0,0
3682,1989,4,3,1,0,0,1,1,0,1,0
3682,1991,2,2,1,0,0,0,0,0,0,0
3682,1993,2,2,1,0,0,0,0,0,0,0
3696,1989,1,1,1,0,0,0,0,0,0,0
3763,1991,1,1,1,0,0,0,0,0,0,0
3763,1992,5,5,4,0,0,0,0,0,0,0
3763,1993,2,1,0,0,0,0,1,0,1,0
3763,1994,3,3,0,0,0,0,0,0,1,0
3804,1982,2,2,1,0,0,0,0,0,0,0
3804,1983,6,5,1,0,0,0,1,0,1,0
3804,1984,3,2,2,1,0,0,0,0,0,1
3804,1985,4,4,1,0,0,0,0,0,1,0
3804,1987,3,3,1,0,0,1,0,0,0,0
3804,1988,3,3,3,0,0,0,0,0,0,0
3804,1989,1,1,0,0,0,0,0,0,0,0
3804,1990,3,3,0,0,0,0,0,0,1,0
3804,1992,2,2,0,0,0,0,0,0,1,0
3810,1985,2,2,0,0,0,0,0,0,1,0
3810,1988,4,4,1,0,0,0,0,0,1,0
3810,1989,4,4,1,0,0,1,0,0,3,0
3810,1990,2,2,1,0,0,0,0,0,0,0
3810,1992,1,1,1,0,0,0,0,0,0,0
3810,1993,4,4,2,1,0,0,0,0,0,0
3817,1988,1,1,0,0,0,0,0,0,1,0
3831,1987,1,1,0,0,0,0,0,0,0,0
3831,1990,2,1,0,0,0,0,1,0,0,0
3831,1991,1,1,0,0,0,0,0,0,0,0
3831,1992,2,2,2,1,0,0,0,0,0,0
3831,1993,1,1,1,0,0,0,0,0,0,0
3844,1984,2,2,0,0,0,0,0,0,0,0
3844,1985,3,2,0,0,0,0,1,0,0,0
3844,1989,3,2,0,0,0,0,0,0,0,0
3844,1990,3,3,0,0,0,0,0,0,0,0
3846,1988,1,1,0,0,0,0,0,0,1,0
3863,1982,4,4,2,0,0,1,0,0,0,0
3863,1983,2,2,0,0,0,0,0,0,0,0
3863,1984,5,5,1,0,0,0,0,0,0,0
3863,1985,1,1,0,0,0,0,0,0,0,0
3974,1985,1,1,1,0,0,1,0,0,0,0
3974,1986,1,1,1,0,0,0,0,0,0,0
3974,1987,1,1,1,0,0,0,0,0,0,0
3991,1985,1,1,0,0,0,0,0,0,0,0
3995,1989,1,1,0,0,0,0,0,0,0,0
4028,1983,2,2,0,0,0,0,0,0,1,0
4028,1984,1,1,0,0,0,0,0,0,0,0
4028,1985,2,1,0,0,0,0,1,0,0,0
4028,1987,1,1,0,0,0,0,0,0,0,0
4028,1993,2,1,1,0,0,0,1,0,0,0
4028,1994,2,2,1,0,0,0,0,0,0,0
4052,1985,1,1,0,0,0,0,0,0,1,0
4052,1990,2,2,1,0,0,0,0,0,0,0
4088,1987,2,1,0,0,0,0,0,0,1,1
4088,1988,3,3,1,0,0,0,0,0,1,0
4088,1989,1,1,0,0,0,0,0,0,0,0
4088,1990,3,3,1,0,0,0,0,0,0,0
4088,1991,1,1,0,0,0,0,0,0,0,0
4088,1992,4,3,0,0,0,0,1,0,1,0
4088,1993,3,2,1,0,0,0,1,0,0,0
4133,1994,3,3,1,0,0,1,0,0,1,0
4138,1991,1,1,0,0,0,0,0,0,1,0
4138,1992,2,2,0,0,0,0,0,0,1,0
4138,1993,1,0,0,0,0,0,1,0,0,0
4171,1991,1,1,0,0,0,0,0,0,0,0
4172,1993,1,0,0,0,0,0,1,0,0,0
4172,1994,1,1,0,0,0,0,0,0,0,0
4191,1988,1,1,0,0,0,0,0,0,0,0
4191,1991,1,0,0,0,0,0,1,0,0,0
4191,1992,3,3,1,0,0,0,0,0,0,0
4191,1993,3,3,0,0,0,0,0,0,0,0
4252,1988,2,2,1,0,0,0,0,0,0,0
4295,1990,1,1,0,0,0,0,0,0,0,0
4295,1992,1,1,0,0,0,0,0,0,0,0
4295,1993,1,0,0,0,0,0,1,0,0,0
4316,1987,1,1,0,0,0,0,0,0,0,0
4316,1993,4,4,3,0,0,0,0,0,0,0
4320,1994,1,1,1,0,0,0,0,0,0,0
4345,1984,1,1,0,0,0,0,0,0,1,0
4345,1985,4,3,0,0,0,0,0,0,1,0
4349,1982,3,2,1,0,0,0,0,0,0,0
4349,1983,2,2,0,0,0,0,0,0,1,0
4349,1985,2,0,0,0,0,0,1,0,0,0
4349,1987,1,1,0,0,0,0,0,0,0,0
4349,1992,1,1,0,0,0,0,0,0,0,0
4356,1983,1,1,1,0,0,0,0,0,0,0
4356,1984,2,2,2,1,0,1,0,0,0,0
4356,1986,1,1,1,0,0,1,0,0,0,0
4357,1989,3,1,0,0,0,0,1,0,0,1
4357,1990,2,1,1,0,0,0,1,0,0,0
4357,1991,1,1,0,0,0,0,0,0,0,0
4357,1992,1,0,0,0,0,0,1,0,0,0
4357,1993,2,2,0,0,0,0,0,0,2,0
4380,1982,3,3,0,0,0,0,0,0,1,0
4380,1983,3,3,2,0,0,1,0,0,0,0
4380,1984,1,1,0,0,0,0,0,0,1,0
4380,1985,1,1,0,0,0,0,0,0,0,0
4387,1983,2,1,0,0,0,0,1,0,0,0
4387,1985,1,1,0,0,0,0,0,0,0,0
4387,1987,2,1,0,0,0,0,1,0,0,0
4389,1987,1,1,0,0,0,0,0,0,1,0
4389,1988,1,1,0,0,0,0,0,0,0,0
4389,1989,1,1,0,0,0,0,0,0,0,0
4389,1991,2,2,0,0,0,0,0,0,1,0
4389,1992,1,1,1,1,0,0,0,0,0,0
4428,1985,3,3,1,0,1,0,0,0,1,0
4428,1986,1,1,0,0,0,0,0,0,0,0
4428,1987,2,2,1,0,0,1,0,0,0,0
4428,1989,2,2,2,1,0,0,0,0,0,0
4428,1990,1,1,0,0,0,0,0,0,0,0
4453,1984,1,1,1,0,0,0,0,0,0,0
4453,1985,1,1,0,0,0,0,0,0,0,0
4475,1993,1,1,1,1,0,0,0,0,0,0
4505,1984,4,3,0,0,0,0,1,0,1,0
4505,1985,2,2,0,0,0,0,0,0,0,0
4512,1989,1,1,0,0,0,0,0,0,0,0
4512,1993,1,1,0,0,0,0,0,0,0,0
4512,1994,1,0,0,0,0,0,1,0,0,0
4528,1984,2,2,0,0,0,0,0,0,1,0
4528,1986,2,2,1,0,0,0,0,0,0,0
4528,1987,2,2,0,0,0,0,0,0,0,0
4528,1988,1,0,0,0,0,0,1,0,0,0
4528,1989,2,2,1,0,0,0,0,0,0,0
4528,1990,3,3,1,0,0,1,0,0,1,0
4528,1992,1,1,1,1,0,0,0,0,0,0
4547,1990,1,1,0,0,0,0,0,0,0,0
4547,1992,1,0,0,0,0,0,1,0,0,0
4547,1993,1,1,1,0,0,0,0,0,0,0
4547,1994,1,1,0,0,0,0,0,0,0,0
4574,1983,1,1,0,0,0,0,0,0,0,0
4574,1984,1,1,0,0,0,0,0,0,0,0
4623,1984,3,3,1,0,0,1,0,0,0,0
4623,1985,2,2,1,0,0,0,0,0,0,0
4632,1988,2,1,1,1,0,0,1,0,0,0
4632,1989,3,2,0,0,0,0,1,0,1,0
4632,1990,2,2,1,0,0,1,0,0,0,0
4632,1991,1,1,1,0,0,0,0,0,0,0
4632,1992,4,4,1,0,0,0,0,0,0,0
4632,1993,1,1,1,0,0,0,0,0,0,0
4673,1984,1,1,0,0,0,0,0,0,0,0
4673,1985,1,1,0,0,0,0,0,0,0,0
4673,1986,2,2,0,0,0,0,0,0,0,0
4695,1987,1,1,1,1,0,0,0,0,0,0
4707,1993,4,2,1,1,0,0,2,0,0,0
4711,1985,1,1,0,0,0,0,0,0,0,0
4711,1987,1,1,0,0,0,0,0,0,0,0
4711,1988,2,1,0,0,0,0,0,0,1,1
4711,1990,1,1,0,0,0,0,0,0,0,0
4713,1993,6,5,1,0,0,0,0,0,0,0
4716,1983,3,3,2,0,0,0,0,0,0,0
4716,1984,3,3,1,1,0,0,0,0,0,0
4716,1985,1,1,0,0,0,0,0,0,0,0
4738,1992,3,2,0,0,0,0,1,0,0,0
4741,1992,2,2,0,0,0,0,0,0,0,0
4766,1984,1,1,0,0,0,0,0,0,0,0
4766,1985,3,2,1,1,0,0,1,0,0,0
4777,1989,1,1,1,0,0,0,0,0,0,0
4815,1990,1,1,0,0,0,0,0,0,1,0
4815,1991,1,1,0,0,0,0,0,0,0,0
4826,1982,3,0,0,0,0,0,3,0,0,0
4826,1983,1,0,0,0,0,0,1,0,0,0
4826,1985,6,6,2,1,0,0,0,0,2,0
4826,1986,1,1,0,0,0,0,0,0,0,0
4826,1987,1,1,0,0,0,0,0,0,0,0
4826,1990,2,2,1,0,0,0,0,0,0,0
4826,1991,2,1,0,0,0,0,1,0,0,0
4826,1992,1,1,0,0,0,0,0,0,0,0
4826,1993,2,2,0,0,0,0,0,0,0,0
4829,1985,1,1,1,0,0,0,0,0,0,0
4908,1983,2,1,1,0,1,0,1,0,0,0
4908,1984,1,0,0,0,0,0,1,0,0,0
4908,1985,2,2,0,0,0,0,0,0,0,0
4908,1987,1,0,0,0,0,0,1,0,0,0
4909,1983,2,1,1,0,0,0,1,0,0,0
4971,1993,3,3,0,0,0,0,0,0,1,0
5001,1984,1,1,1,1,0,0,0,0,0,0
5001,1985,5,4,1,0,0,0,1,0,0,0
5001,1987,2,2,0,0,0,0,0,0,0,0
5001,1990,3,2,0,0,0,0,1,0,0,0
5005,1990,1,1,0,0,0,0,0,0,0,0
5005,1992,1,1,0,0,0,0,0,0,0,0
5005,1993,2,2,1,1,0,0,0,0,1,0
5014,1984,2,2,0,0,0,0,0,0,0,0
5071,1983,1,0,0,0,0,0,1,0,0,0
5071,1985,2,2,1,0,0,0,0,0,1,0
5081,1991,3,3,0,0,0,0,0,0,3,0
5081,1993,3,2,1,0,0,0,1,0,0,0
5148,1987,1,1,1,0,0,0,0,0,0,0
5148,1990,3,3,0,0,0,0,0,0,2,0
5148,1991,2,2,1,0,0,1,0,0,0,0
5162,1982,2,2,0,0,0,0,0,0,0,0
5174,1985,3,3,0,0,0,0,0,0,1,0
5185,1992,1,1,0,0,0,0,0,0,1,0
5195,1990,1,1,0,0,0,0,0,0,1,0
5198,1992,1,0,0,0,0,0,1,0,0,0
5202,1987,2,2,1,0,0,0,0,0,1,0
5202,1988,2,2,0,0,0,0,0,0,0,0
5202,1990,3,1,0,0,0,0,2,0,0,0
5208,1990,1,1,0,0,0,0,0,0,1,0
5208,1993,2,2,0,0,0,0,0,0,0,0
5216,1982,4,3,1,0,0,1,1,0,0,0
5216,1983,6,6,1,0,0,0,0,0,2,0
5216,1984,3,3,1,0,0,0,0,0,0,0
5216,1985,3,2,0,0,0,0,1,0,0,0
5216,1987,2,2,0,0,0,0,0,0,0,0
5216,1988,3,3,0,0,0,0,0,0,1,0
5216,1989,3,2,0,0,0,0,1,0,1,0
5216,1990,2,1,0,0,0,0,1,0,0,0
5216,1992,2,2,0,0,0,0,0,0,1,0
5216,1993,1,1,0,0,0,0,0,0,0,0
5230,1985,1,1,1,0,0,0,0,0,0,0
5230,1988,1,1,0,0,0,0,0,0,0,0
5265,1985,2,2,0,0,0,0,0,0,1,0
5265,1986,1,1,0,0,0,0,0,0,1,0
5265,1989,1,1,1,0,0,0,0,0,0,0
5268,1993,2,2,1,0,0,0,0,0,0,0
5268,1994,1,1,1,0,0,0,0,0,0,0
5310,1991,2,2,1,0,0,0,0,0,0,0
5310,1993,1,1,0,0,0,0,0,0,0,0
5335,1986,2,1,0,0,0,0,1,0,1,0
5335,1987,2,1,0,0,0,0,0,0,0,1
5335,1988,1,1,0,0,0,0,0,0,0,0
5335,1989,3,2,0,0,0,0,1,0,0,0
5348,1983,1,1,0,0,0,0,0,0,1,0
5348,1984,3,3,1,1,0,0,0,0,0,0
5348,1985,1,1,0,0,0,0,0,0,0,0
5348,1987,2,2,0,0,0,0,0,0,2,0
5375,1987,1,1,0,0,0,0,0,0,0,0
5375,1990,4,3,0,0,0,0,1,0,1,0
5375,1994,1,1,0,0,0,0,0,0,0,0
5380,1993,2,2,1,0,0,0,0,0,1,0
5394,1984,1,1,0,0,0,0,0,0,1,0
5394,1985,1,1,0,0,0,0,0,0,1,0
5394,1987,1,1,0,0,0,0,0,0,0,0
5405,1984,1,1,0,0,0,0,0,0,1,0
5405,1985,4,3,1,0,1,0,1,0,1,0
5405,1986,3,2,1,1,0,0,1,0,0,0
5405,1987,1,1,0,0,0,0,0,0,0,0
5405,1988,1,0,0,0,0,0,0,0,0,1
5405,1990,3,3,2,1,0,0,0,0,0,0
5405,1992,2,2,1,1,0,0,0,0,1,0
5414,1993,3,2,1,0,0,0,0,1,1,0
5419,1990,3,3,0,0,0,0,0,0,0,0
5423,1990,2,2,0,0,0,0,0,0,1,0
5423,1993,2,2,1,0,0,0,0,0,1,0
5453,1987,1,1,0,0,0,0,0,0,0,0
5453,1988,2,2,2,1,0,0,0,0,0,0
5453,1993,1,1,0,0,0,0,0,0,1,0
5461,1992,2,2,1,1,0,0,0,0,0,0
5464,1991,1,1,1,1,0,0,0,0,0,0
5465,1991,1,1,0,0,0,0,0,0,0,0
5467,1989,1,0,0,0,0,0,1,0,0,0
5470,1988,1,1,0,0,0,0,0,0,1,0
5477,1988,2,2,2,0,0,1,0,0,0,0
5477,1990,2,2,0,0,0,0,0,0,1,0
5504,1984,3,3,0,0,0,0,0,0,0,0
5534,1984,1,1,0,0,0,0,0,0,0,0
5553,1983,2,1,0,0,0,0,1,0,1,0
5553,1984,1,1,1,0,0,0,0,0,0,0
5571,1989,2,2,2,0,0,0,0,0,0,0
5571,1990,2,2,0,0,0,0,0,0,0,0
5571,1992,1,1,0,0,0,0,0,0,0,0
5571,1993,1,1,1,0,0,0,0,0,0,0
5594,1982,4,3,2,1,0,0,1,0,0,0
5611,1984,1,1,0,0,0,0,0,0,0,0
5611,1985,2,2,1,0,0,1,0,0,0,0
5644,1984,2,2,0,0,0,0,0,0,0,0
5653,1985,1,1,1,0,0,0,0,0,0,0
5653,1987,1,1,0,0,0,0,0,0,0,0
5663,1988,1,1,0,0,0,0,0,0,0,0
5673,1988,1,1,1,0,0,0,0,0,0,0
5685,1990,4,4,2,1,0,0,0,0,1,0
5685,1993,3,2,1,0,0,0,1,0,1,0
5695,1987,3,2,0,0,0,0,0,0,0,1
5695,1988,3,3,0,0,0,0,0,0,1,0
5695,1989,1,0,0,0,0,0,1,0,0,0
5695,1990,1,1,1,0,0,0,0,0,0,0
5695,1992,3,3,1,0,0,0,0,0,0,0
5695,1993,1,1,1,0,0,0,0,0,0,0
5710,1983,1,1,0,0,0,0,0,0,1,0
5736,1989,2,2,0,0,0,0,0,0,2,0
5736,1990,2,2,0,0,0,0,0,0,0,0
5736,1992,2,2,0,0,0,0,0,0,0,0
5736,1993,2,2,0,0,0,0,0,0,2,0
5762,1982,2,2,0,0,0,0,0,0,1,0
5762,1983,2,2,0,0,0,0,0,0,0,0
5776,1989,4,4,1,0,0,0,0,0,2,0
5776,1990,4,3,2,1,0,0,1,0,0,0
5776,1991,1,1,1,1,0,0,0,0,0,0
5776,1992,1,1,0,0,0,0,0,0,0,0
5792,1992,1,1,0,0,0,0,0,0,1,0
5792,1993,1,1,0,0,0,0,0,0,0,0
5809,1982,3,3,0,0,0,0,0,0,1,0
5827,1992,2,2,1,0,0,0,0,0,1,0
5861,1987,1,1,0,0,0,0,0,0,1,0
5891,1984,2,1,0,0,0,0,1,0,0,0
5891,1985,3,3,0,0,0,0,0,0,0,0
5930,1983,1,1,0,0,0,0,0,0,0,0
5930,1984,3,2,0,0,0,0,0,1,1,0
5930,1985,1,1,1,0,0,1,0,0,0,0
5930,1988,1,1,1,1,0,0,0,0,0,0
5930,1990,5,5,2,1,0,0,0,0,1,0
5969,1991,2,1,0,0,0,0,1,0,0,0
5969,1992,3,3,2,0,0,0,0,0,0,0
5969,1993,3,3,0,0,0,0,0,0,0,0
5969,1994,1,1,0,0,0,0,0,0,0,0
6027,1992,2,2,1,0,0,1,0,0,0,0
6059,1992,2,1,0,0,0,0,0,0,1,1
6059,1993,3,3,2,1,0,0,0,0,0,0
6059,1994,2,0,0,0,0,0,1,0,0,0
6095,1988,2,2,2,1,1,0,0,0,0,0
6095,1989,2,2,1,1,0,0,0,0,0,0
6105,1990,1,0,0,0,0,0,1,0,0,0
6123,1985,4,4,1,0,0,0,0,0,1,0
6123,1986,2,2,1,0,0,0,0,0,0,0
6191,1984,1,1,0,0,0,0,0,0,1,0
6191,1985,2,2,0,0,0,0,0,0,0,0
6191,1987,1,1,0,0,0,0,0,0,0,0
6191,1988,2,2,1,1,0,0,0,0,0,0
6191,1990,3,3,0,0,0,0,0,0,0,0
6191,1992,2,2,0,0,0,0,0,0,0,0
6202,1988,1,1,0,0,0,0,0,0,0,0
6203,1988,4,3,0,0,0,0,1,0,0,0
6203,1989,2,2,1,0,0,1,0,0,0,0
6203,1990,2,2,0,0,0,0,0,0,0,0
6203,1991,1,0,0,0,0,0,0,0,0,0
6232,1984,3,3,0,0,0,0,0,0,0,0
6232,1985,1,1,1,0,0,0,0,0,0,0
6237,1988,1,1,0,0,0,0,0,0,1,0
6241,1982,3,3,3,1,0,0,0,0,0,0
6241,1983,1,1,0,0,0,0,0,0,0,0
6241,1984,3,2,0,0,0,0,0,0,0,0
6241,1985,2,2,0,0,0,0,0,0,0,0
6241,1986,1,1,0,0,0,0,0,0,0,0
6243,1982,2,1,1,1,0,0,1,0,0,0
6243,1983,1,0,0,0,0,0,1,0,0,0
6243,1984,2,1,0,0,0,0,1,0,1,0
6243,1988,2,2,1,1,0,0,0,0,0,0
6247,1989,1,1,0,0,0,0,0,0,0,0
6256,1989,1,1,0,0,0,0,0,0,1,0
6269,1984,2,2,0,0,0,0,0,0,0,0
6269,1987,2,2,0,0,0,0,0,0,0,0
6269,1988,1,1,1,1,0,0,0,0,0,0
6269,1989,1,1,0,0,0,0,0,0,1,0
6306,1989,3,3,1,0,0,0,0,0,1,0
6306,1990,1,0,0,0,0,0,1,0,0,0
6306,1991,1,1,0,0,0,0,0,0,0,0
6306,1992,1,1,0,0,0,0,0,0,1,0
6306,1993,2,2,0,0,0,0,0,0,0,0
6306,1994,1,0,0,0,0,0,1,0,0,0
6336,1992,1,1,0,0,0,0,0,0,0,0
6336,1994,1,1,0,0,0,0,0,0,0,0
6345,1984,1,1,0,0,0,0,0,0,0,0
6345,1985,3,3,0,0,0,0,0,0,1,0
6359,1988,1,1,0,0,0,0,0,0,0,0
6359,1989,3,2,0,0,0,0,1,0,0,0
6359,1990,3,2,1,0,0,0,1,0,0,0
6381,1992,1,1,0,0,0,0,0,0,0,0
6394,1992,2,1,0,0,0,0,1,0,0,0
6403,1990,1,1,0,0,0,0,0,0,0,0
6438,1988,1,1,1,0,0,0,0,0,0,0
6438,1993,3,3,0,0,0,0,0,0,1,0
6462,1987,1,1,0,0,0,0,0,0,1,0
6462,1989,1,0,0,0,0,0,0,0,0,0
6462,1990,2,2,0,0,0,0,0,0,0,0
6467,1993,3,2,0,0,0,0,0,0,0,0
6472,1993,2,2,0,0,0,0,0,0,1,0
6485,1992,2,2,0,0,0,0,0,0,1,0
6485,1993,2,2,1,0,0,0,0,0,0,0
6534,1987,3,1,0,0,0,0,2,0,1,0
6564,1983,4,4,1,0,0,0,0,0,2,0
6609,1993,4,4,2,1,0,0,0,0,0,0
6614,1983,2,2,1,0,0,0,0,0,0,0
6673,1983,1,1,0,0,0,0,0,0,1,0
6673,1984,1,1,0,0,0,0,0,0,0,0
6681,1982,3,3,0,0,0,0,0,0,0,0
6681,1984,1,1,0,0,0,0,0,0,1,0
6681,1985,2,2,1,0,0,0,0,0,1,0
6681,1986,1,1,0,0,0,0,0,0,0,0
6681,1988,2,2,0,0,0,0,0,0,0,0
6687,1985,2,1,0,0,0,0,1,0,0,0
6687,1989,2,1,0,0,0,0,1,0,0,0
6687,1990,2,2,1,0,0,0,0,0,1,0
6692,1990,4,2,0,0,0,0,2,0,1,0
6692,1992,1,1,0,0,0,0,0,0,1,0
6692,1993,2,2,1,0,0,0,0,0,0,0
6699,1990,2,2,0,0,0,0,0,0,0,0
6699,1992,3,2,0,0,0,0,0,1,2,0
6699,1993,2,1,1,0,0,0,0,1,0,0
6723,1990,1,1,0,0,0,0,0,0,0,0
6723,1991,1,0,0,0,0,0,0,0,0,1
6723,1992,3,3,0,0,0,0,0,0,0,0
6723,1993,2,2,1,0,0,1,0,0,0,0
6753,1993,1,1,1,0,0,0,0,0,0,0
6793,1990,3,3,0,0,0,0,0,0,1,0
6793,1991,1,1,0,0,0,0,0,0,0,0
6793,1992,3,2,1,1,0,0,0,1,1,0
6825,1985,1,1,0,0,0,0,0,0,0,0
6825,1987,1,1,0,0,0,0,0,0,1,0
6829,1987,1,1,1,0,0,0,0,0,0,0
6829,1989,5,4,1,0,0,1,0,0,1,0
6829,1990,1,1,0,0,0,0,0,0,0,0
6906,1984,4,3,0,0,0,0,1,0,2,0
6910,1989,2,1,0,0,0,0,0,0,0,1
6910,1990,3,3,0,0,0,0,0,0,1,0
6911,1991,1,1,0,0,0,0,0,0,1,0
6924,1989,1,1,0,0,0,0,0,0,0,0
6924,1990,2,2,2,1,0,0,0,0,0,0
6924,1991,1,1,1,0,0,1,0,0,0,0
6924,1992,3,3,1,1,0,0,0,0,1,0
6924,1993,1,1,1,0,0,0,0,0,0,0
6981,1990,1,1,1,0,0,0,0,0,0,0
6981,1992,1,1,0,0,0,0,0,0,0,0
6981,1993,3,3,0,0,0,0,0,0,1,0
6990,1989,1,0,0,0,0,0,0,0,0,1
7046,1983,1,1,0,0,0,0,0,0,0,0
7046,1985,6,5,2,0,0,1,1,0,2,0
7046,1986,1,1,1,0,0,1,0,0,0,0
7046,1987,2,2,2,0,0,1,0,0,0,0
7046,1989,5,3,0,0,0,0,2,0,1,0
7046,1990,3,3,1,0,0,0,0,0,0,0
7046,1991,1,1,0,0,0,0,0,0,0,0
7046,1992,2,2,0,0,0,0,0,0,0,0
7046,1993,1,1,0,0,0,0,0,0,0,0
7046,1994,2,2,0,0,0,0,0,0,2,0
7056,1985,1,1,0,0,0,0,0,0,0,0
7129,1993,4,4,0,0,0,0,0,0,0,0
7198,1985,1,1,0,0,0,0,0,0,0,0
7198,1986,3,2,0,0,0,0,1,0,0,0
7198,1987,1,1,0,0,0,0,0,0,0,0
7224,1987,2,2,0,0,0,0,0,0,1,0
7224,1988,1,1,1,0,0,0,0,0,0,0
7224,1989,1,1,0,0,0,0,0,0,0,0
7224,1990,1,1,1,0,0,1,0,0,0,0
7237,1987,1,1,0,0,0,0,0,0,1,0
7237,1988,2,2,1,1,0,0,0,0,0,0
7237,1990,4,3,0,0,0,0,1,0,1,0
7237,1992,2,2,0,0,0,0,0,0,1,0
7245,1982,2,1,0,0,0,0,1,0,1,0
7264,1987,2,2,2,0,1,0,0,0,0,0
7264,1988,3,3,0,0,0,0,0,0,1,0
7264,1993,1,1,1,0,0,0,0,0,0,0
7264,1994,1,1,1,0,0,0,0,0,0,0
7293,1992,4,4,1,0,0,0,0,0,0,0
7293,1993,3,3,0,0,0,0,0,0,1,0
7294,1982,1,1,1,0,0,0,0,0,0,0
7294,1983,3,2,0,0,0,0,0,1,1,0
7294,1984,3,2,0,0,0,0,1,0,1,0
7294,1985,1,1,0,0,0,0,0,0,0,0
7296,1992,1,0,0,0,0,0,1,0,0,0
7296,1993,1,1,0,0,0,0,0,0,0,0
7298,1984,3,3,0,0,0,0,0,0,1,0
7298,1985,3,2,0,0,0,0,0,0,0,0
7298,1986,1,1,0,0,0,0,0,0,0,0
7298,1987,1,1,0,0,0,0,0,0,1,0
7309,1993,2,2,1,0,0,0,0,0,0,0
7359,1985,1,1,0,0,0,0,0,0,1,0
7359,1989,2,1,0,0,0,0,0,0,0,0
7359,1990,1,1,1,1,0,0,0,0,0,0
7359,1992,1,1,1,0,0,0,0,0,0,0
7359,1993,2,1,1,0,0,0,0,1,0,0
7406,1993,1,1,0,0,0,0,0,0,0,0
7420,1990,4,3,0,0,0,0,0,1,2,0
7427,1982,3,3,2,0,0,1,0,0,1,0
7427,1983,1,1,1,0,0,0,0,0,0,0
7427,1985,2,2,0,0,0,0,0,0,0,0
7430,1989,1,1,1,0,0,1,0,0,0,0
7471,1985,1,1,1,0,0,0,0,0,0,0
7488,1992,3,3,1,0,0,0,0,0,0,0
7488,1993,1,1,0,0,0,0,0,0,0,0
7504,1983,1,1,0,0,0,0,0,0,0,0
7504,1985,1,1,1,0,0,0,0,0,0,0
7505,1989,2,1,0,0,0,0,1,0,0,0
7505,1990,2,1,0,0,0,0,1,0,0,0
7505,1991,2,2,1,0,0,0,0,0,0,0
7505,1992,3,3,0,0,0,0,0,0,1,0
7518,1988,1,1,0,0,0,0,0,0,0,0
7552,1982,1,1,1,1,0,0,0,0,0,0
7552,1983,4,4,2,0,0,0,0,0,1,0
7560,1988,1,0,0,0,0,0,1,0,0,0
7560,1992,1,1,1,0,0,0,0,0,0,0
7846,1985,5,3,1,0,0,1,1,0,1,1
7846,1989,3,1,0,0,0,0,2,0,0,0
7846,1990,4,3,0,0,0,0,1,0,0,0
7846,1992,1,1,0,0,0,0,0,0,0,0
7846,1993,4,4,3,0,0,0,0,0,0,0
7846,1994,1,1,1,0,0,0,0,0,0,0
7914,1985,3,2,0,0,0,0,0,0,0,0
7914,1987,1,0,0,0,0,0,0,0,0,0
7923,1983,1,1,0,0,0,0,0,0,1,0
7969,1984,2,2,1,0,0,0,0,0,0,0
8005,1988,1,1,1,0,0,0,0,0,0,0
8024,1989,3,3,2,0,0,0,0,0,0,0
8024,1990,1,1,0,0,0,0,0,0,0,0
8026,1982,4,4,0,0,0,0,0,0,1,0
8026,1983,1,1,1,0,0,0,0,0,0,0
8026,1984,5,5,2,1,0,0,0,0,2,0
8026,1985,1,1,0,0,0,0,0,0,0,0
8026,1987,1,1,1,0,0,0,0,0,0,0
8026,1989,2,2,0,0,0,0,0,0,1,0
8026,1991,1,0,0,0,0,0,1,0,0,0
8039,1983,1,1,0,0,0,0,0,0,0,0
8039,1984,4,3,1,0,0,0,0,0,0,1
8039,1985,1,1,0,0,0,0,0,0,1,0
8064,1986,1,1,0,0,0,0,0,0,0,0
8067,1982,3,3,2,0,0,0,0,0,0,0
8067,1983,1,1,0,0,0,0,0,0,0,0
8067,1984,1,1,1,0,0,0,0,0,0,0
8067,1985,1,1,1,0,0,0,0,0,0,0
8067,1988,1,1,1,0,0,0,0,0,0,0
8067,1989,3,2,0,0,0,0,1,0,0,0
8067,1990,1,1,0,0,0,0,0,0,1,0
8067,1991,1,1,0,0,0,0,0,0,0,0
8085,1992,1,1,0,0,0,0,0,0,1,0
8085,1993,2,1,1,0,0,0,1,0,0,0
8102,1988,2,2,1,0,0,0,0,0,0,0
8103,1982,3,2,0,0,0,0,1,0,1,0
8103,1983,1,1,0,0,0,0,0,0,1,0
8103,1984,1,1,0,0,0,0,0,0,1,0
8103,1985,3,3,0,0,0,0,0,0,1,0
8103,1987,2,1,0,0,0,0,1,0,1,0
8121,1983,2,2,1,0,0,0,0,0,0,0
8121,1984,1,1,0,0,0,0,0,0,1,0
8121,1985,2,2,0,0,0,0,0,0,0,0
8121,1986,1,1,0,0,0,0,0,0,0,0
8121,1988,2,2,1,0,0,0,0,0,0,0
8144,1990,1,1,0,0,0,0,0,0,1,0
8144,1991,1,1,1,0,0,0,0,0,0,0
8144,1992,2,2,1,0,0,0,0,0,0,0
8144,1993,1,1,0,0,0,0,0,0,1,0
8173,1984,1,1,0,0,0,0,0,0,1,0
8173,1985,1,1,0,0,0,0,0,0,0,0
8240,1983,1,1,1,0,0,0,0,0,0,0
8257,1987,1,1,1,0,0,0,0,0,0,0
8257,1988,2,1,0,0,0,0,0,0,0,0
8257,1989,3,1,0,0,0,0,2,0,0,0
8257,1991,2,1,0,0,0,0,1,0,0,0
8275,1985,2,2,1,0,0,0,0,0,0,0
8275,1986,1,1,1,0,0,0,0,0,0,0
8296,1987,1,1,0,0,0,0,0,0,1,0
8304,1993,2,1,0,0,0,0,1,0,0,0
8317,1988,1,1,0,0,0,0,0,0,0,0
8318,1994,1,1,0,0,0,0,0,0,0,0
8329,1987,5,5,0,0,0,0,0,0,2,0
8329,1990,3,3,1,0,0,0,0,0,0,0
8329,1992,1,1,0,0,0,0,0,0,1,0
8329,1993,2,2,0,0,0,0,0,0,0,0
8333,1984,1,1,0,0,0,0,0,0,0,0
8333,1985,2,1,0,0,0,0,1,0,0,0
8406,1988,1,1,1,0,0,0,0,0,0,0
8412,1990,2,2,1,0,0,0,0,0,0,0
8414,1982,2,2,0,0,0,0,0,0,1,0
8414,1985,3,3,0,0,0,0,0,0,1,0
8414,1986,3,3,0,0,0,0,0,0,0,0
8414,1987,1,1,0,0,0,0,0,0,0,0
8414,1988,1,0,0,0,0,0,1,0,0,0
8414,1993,1,1,1,1,0,0,0,0,0,0
8434,1988,1,1,1,0,0,0,0,0,0,0
8443,1984,1,1,0,0,0,0,0,0,0,0
8443,1985,4,3,2,0,0,0,1,0,0,0
8468,1990,1,1,0,0,0,0,0,0,1,0
8468,1991,1,1,0,0,0,0,0,0,0,0
8468,1992,3,3,1,1,0,0,0,0,1,0
8468,1993,3,2,0,0,0,0,1,0,0,0
8509,1984,1,1,0,0,0,0,0,0,0,0
8514,1988,1,1,0,0,0,0,0,0,0,0
8514,1993,3,2,0,0,0,0,1,0,1,0
8514,1994,2,2,2,1,0,0,0,0,0,0
8534,1988,2,2,2,0,0,0,0,0,0,0
8534,1989,2,1,0,0,0,0,1,0,0,0
8534,1990,2,2,0,0,0,0,0,0,0,0
8534,1991,2,2,0,0,0,0,0,0,0,0
8534,1992,2,2,0,0,0,0,0,0,0,0
8536,1983,1,1,0,0,0,0,0,0,0,0
8536,1984,2,2,1,0,0,0,0,0,1,0
8536,1985,4,4,0,0,0,0,0,0,1,0
8536,1986,1,1,0,0,0,0,0,0,0,0
8547,1992,1,1,0,0,0,0,0,0,0,0
8547,1993,1,1,1,0,0,0,0,0,0,0
8559,1990,2,2,1,0,0,0,0,0,0,0
8616,1987,1,1,0,0,0,0,0,0,0,0
8616,1993,2,2,0,0,0,0,0,0,0,0
8632,1983,1,1,1,1,0,0,0,0,0,0
8632,1984,3,2,0,0,0,0,0,0,0,1
8632,1985,2,2,0,0,0,0,0,0,0,0
8632,1986,1,1,0,0,0,0,0,0,1,0
8632,1987,1,1,1,0,0,0,0,0,0,0
8647,1983,1,1,1,0,0,0,0,0,0,0
8651,1984,2,2,0,0,0,0,0,0,1,0
8651,1985,4,4,0,0,0,0,0,0,1,0
8651,1986,1,1,0,0,0,0,0,0,0,0
8651,1991,1,1,0,0,0,0,0,0,1,0
8651,1993,4,3,0,0,0,0,0,0,1,1
8668,1991,1,1,0,0,0,0,0,0,1,0
8668,1993,3,3,0,0,0,0,0,0,1,0
8674,1988,2,2,1,0,0,0,0,0,0,0
8674,1989,1,1,0,0,0,0,0,0,0,0
8674,1991,5,4,4,1,0,1,1,0,0,0
8674,1993,1,0,0,0,0,0,0,0,0,1
8674,1994,1,0,0,0,0,0,1,0,0,0
8689,1985,1,1,0,0,0,0,0,0,0,0
8694,1991,1,1,0,0,0,0,0,0,0,0
8706,1988,2,2,0,0,0,0,0,0,2,0
8706,1990,4,4,1,1,0,0,0,0,1,0
8727,1983,2,1,1,0,0,0,1,0,0,0
8727,1985,1,1,0,0,0,0,0,0,0,0
8727,1986,1,1,0,0,0,0,0,0,0,0
8727,1989,1,1,0,0,0,0,0,0,0,0
8727,1990,2,2,0,0,0,0,0,0,0,0
8727,1992,4,3,2,0,0,1,0,0,0,1
8728,1982,2,2,0,0,0,0,0,0,1,0
8728,1984,3,2,1,0,0,0,0,1,0,0
8728,1985,3,3,0,0,0,0,0,0,0,0
8728,1986,3,3,1,0,0,0,0,0,0,0
8728,1987,1,1,0,0,0,0,0,0,0,0
8728,1988,1,0,0,0,0,0,1,0,0,0
8743,1985,3,3,0,0,0,0,0,0,2,0
8743,1987,1,1,0,0,0,0,0,0,0,0
8743,1992,2,1,0,0,0,0,1,0,0,0
8743,1993,1,0,0,0,0,0,1,0,0,0
8808,1990,1,1,0,0,0,0,0,0,1,0
8826,1993,1,1,0,0,0,0,0,0,0,0
8850,1990,2,2,2,0,0,0,0,0,0,0
8882,1986,1,1,0,0,0,0,0,0,0,0
8897,1993,1,1,1,0,0,0,0,0,0,0
8920,1988,1,0,0,0,0,0,1,0,0,0
8946,1988,2,2,1,0,0,0,0,0,0,0
8946,1990,1,1,0,0,0,0,0,0,1,0
8987,1988,1,0,0,0,0,0,0,0,0,1
8987,1991,3,2,0,0,0,0,1,0,1,0
8987,1993,1,1,0,0,0,0,0,0,1,0
8994,1985,3,3,2,1,0,0,0,0,0,0
8994,1991,5,5,0,0,0,0,0,0,3,0
8994,1992,1,0,0,0,0,0,1,0,0,0
9027,1983,2,2,0,0,0,0,0,0,1,0
9027,1984,2,2,0,0,0,0,0,0,1,0
9027,1987,1,1,0,0,0,0,0,0,0,0
9027,1988,2,2,1,0,0,0,0,0,1,0
9027,1991,1,1,1,0,1,0,0,0,0,0
9027,1992,3,2,1,1,0,0,1,0,0,0
9027,1993,3,2,1,0,0,0,1,0,0,0
9027,1994,2,1,0,0,0,0,1,0,1,0
9037,1982,2,1,0,0,0,0,1,0,0,0
9043,1988,1,1,1,0,0,0,0,0,0,0
9124,1989,3,3,1,0,0,0,0,0,0,0
9128,1987,2,2,0,0,0,0,0,0,1,0
9128,1989,3,3,0,0,0,0,0,0,1,0
9128,1990,1,1,0,0,0,0,0,0,0,0
9128,1992,1,1,1,0,0,0,0,0,0,0
9128,1993,4,4,0,0,0,0,0,0,1,0
9128,1994,1,1,1,1,0,0,0,0,0,0
9150,1986,3,3,2,1,0,0,0,0,1,0
9150,1987,1,0,0,0,0,0,1,0,0,0
9175,1982,3,3,0,0,0,0,0,0,0,0
9195,1989,3,2,0,0,0,0,1,0,0,0
9223,1984,1,1,0,0,0,0,0,0,1,0
9223,1985,2,2,0,0,0,0,0,0,1,0
9225,1984,4,4,1,0,0,0,0,0,0,0
9225,1985,3,3,0,0,0,0,0,0,1,0
9225,1987,1,1,0,0,0,0,0,0,0,0
9225,1988,3,3,1,1,0,0,0,0,1,0
9225,1989,2,1,0,0,0,0,1,0,1,0
9225,1990,1,1,0,0,0,0,0,0,0,0
9225,1991,1,0,0,0,0,0,0,0,0,0
9225,1992,4,4,3,1,0,1,0,0,0,0
9225,1993,2,2,1,0,0,0,0,0,0,0
9239,1993,1,1,0,0,0,0,0,0,0,0
9267,1993,4,4,0,0,0,0,0,0,2,0
9281,1986,1,1,0,0,0,0,0,0,0,0
9281,1987,1,1,0,0,0,0,0,0,0,0
9281,1988,2,1,0,0,0,0,1,0,1,0
9281,1992,1,0,0,0,0,0,1,0,0,0
9306,1988,1,1,0,0,0,0,0,0,0,0
9306,1992,2,2,1,0,0,1,0,0,0,0
9306,1993,1,1,1,1,0,0,0,0,0,0
9381,1983,1,1,0,0,0,0,0,0,0,0
9381,1984,1,1,1,0,0,0,0,0,0,0
9381,1985,4,3,1,0,1,0,1,0,0,0
9381,1986,2,2,1,0,0,0,0,0,0,0
9381,1987,1,0,0,0,0,0,1,0,0,0
9381,1990,6,5,1,0,0,0,1,0,2,0
9415,1988,3,2,1,1,0,0,1,0,0,0
9415,1989,1,1,0,0,0,0,0,0,0,0
9426,1992,1,1,0,0,0,0,0,0,0,0
9434,1993,1,1,1,1,0,0,0,0,0,0
9434,1994,1,1,0,0,0,0,0,0,0,0
9447,1993,1,1,0,0,0,0,0,0,1,0
9458,1988,1,0,0,0,0,0,1,0,0,0
9460,1989,1,0,0,0,0,0,1,0,0,0
9460,1990,2,2,1,0,0,0,0,0,0,0
9460,1992,1,1,0,0,0,0,0,0,0,0
9460,1994,1,1,1,1,0,0,0,0,0,0
9483,1991,3,2,0,0,0,0,0,0,2,1
9483,1993,2,2,0,0,0,0,0,0,0,0
9498,1983,1,1,0,0,0,0,0,0,0,0
9547,1989,2,1,1,0,0,0,1,0,0,0
9547,1990,4,3,0,0,0,0,1,0,0,0
9547,1991,1,1,0,0,0,0,0,0,0,0
9547,1992,1,1,0,0,0,0,0,0,1,0
9547,1993,2,2,0,0,0,0,0,0,0,0
9547,1994,1,1,1,0,0,0,0,0,0,0
9552,1988,1,1,1,0,0,0,0,0,0,0
9570,1984,1,1,0,0,0,0,0,0,1,0
9570,1985,4,4,2,0,0,0,0,0,2,0
9570,1986,1,1,1,0,0,0,0,0,0,0
9570,1987,1,1,0,0,0,0,0,0,1,0
9589,1982,2,2,0,0,0,0,0,0,1,0
9616,1985,1,1,0,0,0,0,0,0,0,0
9616,1988,1,1,1,0,0,0,0,0,0,0
9630,1989,2,2,0,0,0,0,0,0,0,0
9630,1990,2,1,0,0,0,0,0,0,0,0
9630,1991,1,1,0,0,0,0,0,0,0,0
9630,1992,2,2,0,0,0,0,0,0,1,0
9631,1983,2,2,0,0,0,0,0,0,0,0
9631,1984,1,1,0,0,0,0,0,0,0,0
9631,1985,3,3,0,0,0,0,0,0,0,0
9631,1986,2,2,1,0,0,0,0,0,0,0
9631,1987,1,1,0,0,0,0,0,0,0,0
9631,1988,2,1,0,0,0,0,1,0,0,0
9631,1989,2,2,1,1,0,0,0,0,1,0
9631,1990,3,3,2,0,0,0,0,0,0,0
9631,1991,2,2,1,0,0,1,0,0,0,0
9631,1992,3,3,0,0,0,0,0,0,0,0
9631,1993,2,2,0,0,0,0,0,0,0,0
9631,1994,1,1,0,0,0,0,0,0,1,0
9656,1988,1,1,0,0,0,0,0,0,0,0
9656,1993,3,2,0,0,0,0,1,0,1,0
9658,1984,2,2,1,0,0,0,0,0,0,0
9680,1985,2,2,0,0,0,0,0,0,2,0
9717,1988,1,1,0,0,0,0,0,0,0,0
9717,1990,2,2,1,1,0,0,0,0,0,0
9734,1988,1,1,0,0,0,0,0,0,0,0
9738,1988,1,1,0,0,0,0,0,0,1,0
9765,1982,2,2,0,0,0,0,0,0,1,0
9790,1991,1,1,0,0,0,0,0,0,0,0
9790,1993,3,2,1,0,0,0,0,1,0,0
9820,1989,1,1,0,0,0,0,0,0,0,0
9829,1984,3,3,1,1,0,0,0,0,0,0
9829,1988,1,1,1,0,0,0,0,0,0,0
9884,1984,2,2,1,0,0,0,0,0,0,0
9884,1985,1,1,0,0,0,0,0,0,0,0
9884,1987,1,1,1,0,0,0,0,0,0,0
9899,1990,1,0,0,0,0,0,1,0,0,0
9942,1992,1,1,0,0,0,0,0,0,0,0
9965,1992,1,1,0,0,0,0,0,0,1,0
9977,1988,1,1,0,0,0,0,0,0,0,0
9987,1987,1,1,0,0,0,0,0,0,0,0
10048,1987,1,1,0,0,0,0,0,0,1,0
10073,1988,2,2,0,0,0,0,0,0,0,0
10098,1985,1,1,0,0,0,0,0,0,0,0
10099,1987,1,1,0,0,0,0,0,0,0,0
10107,1985,2,2,0,0,0,0,0,0,1,0
10107,1987,1,1,1,0,0,0,0,0,0,0
10115,1993,3,2,0,0,0,0,1,0,0,0
10115,1994,1,1,0,0,0,0,0,0,0,0
10123,1982,2,2,0,0,0,0,0,0,0,0
10123,1984,3,3,0,0,0,0,0,0,0,0
10123,1985,1,0,0,0,0,0,1,0,0,0
10129,1992,1,1,0,0,0,0,0,0,1,0
10133,1985,2,2,0,0,0,0,0,0,2,0
10184,1988,1,1,1,0,0,0,0,0,0,0
10238,1993,2,2,1,0,0,0,0,0,0,0
10261,1985,2,2,0,0,0,0,0,0,0,0
10262,1989,4,2,2,0,1,0,1,0,0,0
10262,1990,5,5,0,0,0,0,0,0,0,0
10262,1991,1,1,1,0,0,0,0,0,0,0
10262,1992,2,1,0,0,0,0,1,0,0,0
10324,1984,1,1,0,0,0,0,0,0,0,0
10324,1985,2,1,0,0,0,0,1,0,0,0
10324,1988,4,4,1,0,0,0,0,0,0,0
10324,1990,4,2,0,0,0,0,1,0,1,0
10334,1987,1,1,0,0,0,0,0,0,0,0
10372,1984,1,0,0,0,0,0,1,0,0,0
10375,1984,1,1,0,0,0,0,0,0,0,0
10428,1992,1,1,0,0,0,0,0,0,0,0
10428,1993,4,4,0,0,0,0,0,0,0,0
10437,1986,1,1,1,1,0,0,0,0,0,0
10437,1988,2,2,1,1,0,0,0,0,1,0
10437,1989,2,2,0,0,0,0,0,0,0,0
10437,1990,2,2,0,0,0,0,0,0,0,0
10437,1992,1,0,0,0,0,0,0,0,0,1
10437,1993,1,1,1,0,0,1,0,0,0,0
10511,1987,1,1,0,0,0,0,0,0,0,0
10519,1985,1,1,1,0,0,0,0,0,0,0
10519,1986,2,2,0,0,0,0,0,0,1,0
10519,1988,2,2,2,2,0,0,0,0,0,0
10519,1989,1,1,0,0,0,0,0,0,0,0
10520,1990,5,4,1,0,0,0,1,0,1,0
10526,1984,3,3,0,0,0,0,0,0,1,0
10541,1983,1,1,0,0,0,0,0,0,0,0
10541,1984,2,1,0,0,0,0,1,0,0,0
10541,1985,2,1,0,0,0,0,1,0,0,0
10541,1986,1,1,0,0,0,0,0,0,0,0
10541,1987,3,3,0,0,0,0,0,0,1,0
10579,1992,1,1,0,0,0,0,0,0,0,0
10591,1986,3,2,0,0,0,0,1,0,1,0
10591,1987,1,1,0,0,0,0,0,0,0,0
10591,1988,2,2,0,0,0,0,0,0,0,0
10591,1989,3,3,1,0,0,0,0,0,1,0
10591,1991,3,3,2,1,0,0,0,0,0,0
10606,1985,2,2,1,0,0,0,0,0,0,0
10608,1984,1,1,0,0,0,0,0,0,0,0
10608,1985,2,2,0,0,0,0,0,0,0,0
10624,1990,2,1,1,0,0,0,0,0,0,0
10631,1983,2,1,1,0,0,0,1,0,0,0
10631,1984,2,2,0,0,0,0,0,0,0,0
10655,1983,1,1,0,0,0,0,0,0,0,0
10655,1984,1,1,1,0,0,0,0,0,0,0
10671,1983,2,2,1,0,0,0,0,0,1,0
10671,1984,2,1,0,0,0,0,1,0,0,0
10671,1985,1,1,0,0,0,0,0,0,0,0
10671,1989,2,2,0,0,0,0,0,0,1,0
10686,1982,2,2,0,0,0,0,0,0,0,0
10686,1983,1,1,0,0,0,0,0,0,1,0
10686,1985,3,2,0,0,0,0,1,0,0,0
10686,1987,4,4,2,0,0,0,0,0,0,0
10747,1985,4,3,0,0,0,0,1,0,1,0
10747,1986,1,1,1,0,0,0,0,0,0,0
10768,1983,3,3,0,0,0,0,0,0,1,0
10802,1993,3,3,0,0,0,0,0,0,1,0
10806,1986,3,3,2,0,0,1,0,0,1,0
10806,1987,2,2,1,0,0,0,0,0,1,0
10806,1988,2,1,1,0,0,0,1,0,0,0
10806,1990,1,1,0,0,0,0,0,0,0,0
10806,1991,1,1,0,0,0,0,0,0,0,0
10825,1993,1,1,0,0,0,0,0,0,0,0
10851,1990,1,1,0,0,0,0,0,0,1,0
10851,1992,1,1,0,0,0,0,0,0,0,0
10851,1993,1,1,0,0,0,0,0,0,1,0
10859,1989,2,2,0,0,0,0,0,0,1,0
10859,1990,4,4,0,0,0,0,0,0,2,0
10859,1991,1,1,1,0,0,0,0,0,0,0
10897,1982,3,3,1,0,0,0,0,0,0,0
10904,1989,1,1,1,0,0,0,0,0,0,0
10904,1990,1,1,0,0,0,0,0,0,1,0
10904,1994,1,1,1,0,0,0,0,0,0,0
10918,1992,1,1,0,0,0,0,0,0,1,0
10918,1993,4,3,1,0,0,0,0,1,2,0
10934,1982,3,3,2,1,0,0,0,0,0,0
10934,1983,1,1,0,0,0,0,0,0,0,0
10934,1984,1,1,0,0,0,0,0,0,0,0
10948,1992,3,3,0,0,0,0,0,0,0,0
10962,1988,1,0,0,0,0,0,0,0,0,0
10962,1989,1,1,1,0,0,0,0,0,0,0
10962,1991,2,2,0,0,0,0,0,0,1,0
10962,1992,1,1,0,0,0,0,0,0,0,0
10962,1993,2,2,0,0,0,0,0,0,1,0
10962,1994,1,1,1,0,0,0,0,0,0,0
10970,1985,1,1,0,0,0,0,0,0,0,0
10998,1985,1,1,0,0,0,0,0,0,0,0
11002,1987,2,2,1,0,0,0,0,0,0,0
11002,1990,4,4,0,0,0,0,0,0,0,0
11002,1991,1,1,0,0,0,0,0,0,0,0
11002,1992,1,1,0,0,0,0,0,0,0,0
11008,1985,2,2,1,0,0,0,0,0,0,0
11032,1990,1,1,0,0,0,0,0,0,1,0
11054,1988,2,2,1,1,0,0,0,0,0,0
11054,1989,1,1,0,0,0,0,0,0,0,0
11078,1989,1,0,0,0,0,0,1,0,0,0
11101,1993,2,2,1,0,0,0,0,0,1,0
11171,1982,2,2,0,0,0,0,0,0,0,0
11171,1984,2,2,0,0,0,0,0,0,0,0
11171,1985,1,1,0,0,0,0,0,0,0,0
11171,1986,1,1,0,0,0,0,0,0,1,0
11171,1989,1,0,0,0,0,0,1,0,0,0
11173,1987,1,1,0,0,0,0,0,0,0,0
11173,1989,2,2,1,0,0,0,0,0,0,0
11173,1990,5,4,1,0,0,0,1,0,1,0
11173,1993,4,4,1,0,0,0,0,0,1,0
11195,1987,2,2,0,0,0,0,0,0,1,0
11195,1988,1,1,0,0,0,0,0,0,0,0
11195,1990,1,0,0,0,0,0,1,0,0,0
11233,1984,1,1,1,0,0,1,0,0,0,0
11233,1985,4,3,1,1,0,0,1,0,0,0
11233,1986,4,4,1,0,0,1,0,0,1,0
11233,1987,2,1,0,0,0,0,0,0,0,1
11233,1988,3,3,0,0,0,0,0,0,0,0
11233,1990,1,1,0,0,0,0,0,0,0,0
11233,1992,1,1,1,0,0,0,0,0,0,0
11235,1992,2,2,0,0,0,0,0,0,1,0
11263,1987,1,1,0,0,0,0,0,0,0,0
11263,1988,2,2,0,0,0,0,0,0,1,0
11263,1990,4,4,1,0,0,1,0,0,0,0
11263,1992,3,3,1,0,0,0,0,0,0,0
11263,1993,3,2,1,0,0,0,1,0,0,0
11263,1994,2,2,0,0,0,0,0,0,1,0
11368,1984,1,1,0,0,0,0,0,0,0,0
11368,1987,1,1,1,0,0,1,0,0,0,0
11368,1988,2,1,1,0,0,0,0,1,0,0
11368,1989,3,2,1,0,0,0,1,0,1,0
11368,1990,2,1,1,0,0,0,1,0,0,0
11368,1991,1,1,0,0,0,0,0,0,0,0
11368,1992,5,5,1,0,0,1,0,0,2,0
11368,1993,3,3,2,0,0,0,0,0,1,0
11368,1994,2,1,0,0,0,0,1,0,0,0
11369,1984,4,4,2,0,0,1,0,0,0,0
11369,1985,2,2,1,0,0,0,0,0,1,0
11416,1991,1,1,1,1,0,0,0,0,0,0
11416,1992,3,2,1,0,0,0,1,0,0,0
11416,1993,2,2,1,0,0,0,0,0,0,0
11423,1991,1,1,0,0,0,0,0,0,0,0
11456,1984,4,2,0,0,0,0,2,0,2,0
11456,1985,2,2,1,0,0,0,0,0,1,0
11458,1987,1,0,0,0,0,0,1,0,0,0
11471,1992,1,1,1,0,0,0,0,0,0,0
11471,1993,1,1,0,0,0,0,0,0,1,0
11493,1993,1,1,0,0,0,0,0,0,0,0
11517,1984,1,1,0,0,0,0,0,0,1,0
11517,1985,1,0,0,0,0,0,0,0,0,1
11517,1989,1,1,0,0,0,0,0,0,1,0
11517,1990,1,1,0,0,0,0,0,0,0,0
11571,1989,1,1,1,0,0,0,0,0,0,0
11580,1983,2,0,0,0,0,0,1,0,0,0
11580,1984,1,0,0,0,0,0,1,0,0,0
11580,1985,2,2,1,1,0,0,0,0,0,0
11580,1987,4,4,1,0,0,0,0,0,0,0
11580,1993,2,1,1,0,0,0,0,0,0,0
11588,1993,2,2,0,0,0,0,0,0,0,0
11637,1993,1,1,0,0,0,0,0,0,0,0
11680,1982,4,4,1,0,0,1,0,0,1,0
11680,1983,1,1,0,0,0,0,0,0,0,0
11680,1984,3,2,0,0,0,0,1,0,1,0
11680,1985,1,1,0,0,0,0,0,0,0,0
11680,1987,4,4,2,0,0,0,0,0,0,0
11680,1988,2,2,1,0,0,0,0,0,0,0
11692,1988,1,1,0,0,0,0,0,0,0,0
11730,1985,1,1,1,0,0,1,0,0,0,0
11736,1993,4,3,0,0,0,0,0,0,0,0
11736,1994,1,1,0,0,0,0,0,0,1,0
11743,1989,2,2,0,0,0,0,0,0,0,0
11743,1990,1,0,0,0,0,0,0,0,0,0
11743,1991,1,1,0,0,0,0,0,0,0,0
11743,1993,2,2,1,0,0,0,0,0,0,0
11743,1994,1,1,0,0,0,0,0,0,1,0
11765,1988,1,1,1,0,0,1,0,0,0,0
11796,1990,4,3,0,0,0,0,1,0,2,0
11796,1992,1,0,0,0,0,0,1,0,0,0
11796,1993,3,2,1,0,0,0,1,0,0,0
11798,1993,4,4,3,1,1,0,0,0,1,0
11817,1990,1,1,0,0,0,0,0,0,0,0
11821,1990,1,1,0,0,0,0,0,0,0,0
11828,1990,3,2,1,0,0,0,1,0,0,0
11828,1991,1,1,0,0,0,0,0,0,0,0
11828,1992,2,2,1,1,0,0,0,0,0,0
11828,1993,2,1,0,0,0,0,1,0,0,0
11896,1990,1,1,0,0,0,0,0,0,0,0
11896,1991,1,1,0,0,0,0,0,0,0,0
11896,1993,3,3,1,0,0,0,0,0,1,0
11901,1994,1,1,0,0,0,0,0,0,0,0
11915,1985,6,6,2,1,0,1,0,0,0,0
11933,1984,2,2,0,0,0,0,0,0,1,0
11950,1994,2,2,0,0,0,0,0,0,0,0
11964,1982,3,3,1,0,1,0,0,0,0,0
11964,1983,1,1,0,0,0,0,0,0,1,0
11964,1984,2,2,0,0,0,0,0,0,1,0
11964,1985,2,2,0,0,0,0,0,0,2,0
11964,1987,1,1,0,0,0,0,0,0,0,0
11986,1991,1,1,0,0,0,0,0,0,1,0
12035,1982,4,3,2,0,0,0,1,0,0,0
12035,1983,6,6,1,0,0,0,0,0,3,0
12035,1984,3,3,0,0,0,0,0,0,1,0
12035,1985,3,3,1,0,0,0,0,0,1,0
12040,1993,1,1,0,0,0,0,0,0,0,0
12054,1987,1,1,0,0,0,0,0,0,0,0
12054,1989,1,1,0,0,0,0,0,0,0,0
12059,1982,1,1,1,0,0,0,0,0,0,0
12059,1984,1,1,0,0,0,0,0,0,1,0
12059,1985,2,2,0,0,0,0,0,0,0,0
12059,1988,1,1,0,0,0,0,0,0,0,0
12062,1982,1,1,0,0,0,0,0,0,0,0
12062,1983,1,1,0,0,0,0,0,0,0,0
12071,1983,1,1,0,0,0,0,0,0,1,0
12071,1984,1,1,0,0,0,0,0,0,0,0
12112,1993,1,1,0,0,0,0,0,0,0,0
12113,1988,1,1,0,0,0,0,0,0,0,0
12113,1990,3,3,0,0,0,0,0,0,2,0
12131,1988,1,1,0,0,0,0,0,0,0,0
12131,1990,1,1,0,0,0,0,0,0,1,0
12131,1992,2,2,1,0,0,0,0,0,0,0
12202,1987,4,4,2,0,0,2,0,0,0,0
12202,1988,2,1,0,0,0,0,1,0,0,0
12202,1989,1,1,1,0,0,0,0,0,0,0
12202,1990,3,2,0,0,0,0,1,0,2,0
12202,1991,2,1,1,0,0,0,1,0,0,0
12202,1992,4,4,1,0,0,0,0,0,2,0
12202,1993,2,2,1,1,0,0,0,0,1,0
12202,1994,1,1,1,0,0,0,0,0,0,0
12207,1982,3,3,0,0,0,0,0,0,1,0
12207,1983,1,1,0,0,0,0,0,0,0,0
12207,1985,1,1,0,0,0,0,0,0,0,0
12207,1987,1,0,0,0,0,0,1,0,0,0
12207,1988,1,0,0,0,0,0,1,0,0,0
12207,1989,2,2,0,0,0,0,0,0,0,0
12207,1991,1,1,0,0,0,0,0,0,0,0
12213,1982,1,1,0,0,0,0,0,0,0,0
12213,1983,2,1,0,0,0,0,1,0,0,0
12213,1984,4,4,1,0,0,0,0,0,2,0
12213,1985,2,2,0,0,0,0,0,0,0,0
12213,1986,1,1,0,0,0,0,0,0,0,0
12213,1988,2,2,1,0,0,0,0,0,0,0
12213,1990,2,2,1,1,0,0,0,0,0,0
12221,1983,2,2,0,0,0,0,0,0,0,0
12221,1984,1,1,0,0,0,0,0,0,1,0
12221,1985,2,2,0,0,0,0,0,0,0,0
12221,1987,1,1,1,1,0,0,0,0,0,0
12221,1992,2,1,0,0,0,0,0,0,0,1
12221,1993,1,1,0,0,0,0,0,0,0,0
12221,1994,1,1,1,0,0,1,0,0,0,0
12224,1990,1,1,0,0,0,0,0,0,0,0
12224,1991,1,0,0,0,0,0,1,0,0,0
12224,1992,1,1,0,0,0,0,0,0,0,0
12257,1985,1,1,0,0,0,0,0,0,0,0
12257,1986,2,2,1,0,0,0,0,0,0,0
12257,1987,1,1,0,0,0,0,0,0,0,0
12268,1982,3,3,1,0,0,0,0,0,1,0
12268,1984,2,2,1,0,0,0,0,0,0,0
12268,1985,1,0,0,0,0,0,1,0,0,0
12277,1984,1,1,0,0,0,0,0,0,1,0
12277,1985,1,1,0,0,0,0,0,0,0,0
12277,1992,1,1,1,0,1,0,0,0,0,0
12289,1991,1,1,0,0,0,0,0,0,0,0
12289,1993,2,1,0,0,0,0,1,0,0,0
12289,1994,2,2,0,0,0,0,0,0,1,0
12319,1984,2,2,0,0,0,0,0,0,0,0
12319,1985,4,4,0,0,0,0,0,0,2,0
12328,1987,1,1,0,0,0,0,0,0,0,0
12328,1988,1,1,0,0,0,0,0,0,0,0
12333,1988,2,2,0,0,0,0,0,0,0,0
12376,1983,2,2,1,0,0,0,0,0,0,0
12376,1988,1,1,1,0,0,0,0,0,0,0
12386,1989,1,1,0,0,0,0,0,0,1,0
12402,1982,1,1,0,0,0,0,0,0,0,0
12402,1983,2,2,1,0,0,0,0,0,1,0
12402,1984,3,3,2,1,0,0,0,0,0,0
12402,1985,2,2,0,0,0,0,0,0,0,0
12402,1986,1,1,0,0,0,0,0,0,0,0
12402,1987,1,1,0,0,0,0,0,0,0,0
12402,1988,2,2,0,0,0,0,0,0,1,0
12402,1989,1,1,0,0,0,0,0,0,0,0
12402,1990,1,0,0,0,0,0,1,0,0,0
12402,1992,1,1,0,0,0,0,0,0,0,0
12414,1983,1,1,0,0,0,0,0,0,0,0
12414,1984,2,2,0,0,0,0,0,0,0,0
12414,1985,4,3,2,0,0,0,0,0,1,1
12414,1986,1,1,0,0,0,0,0,0,0,0
12414,1987,1,1,0,0,0,0,0,0,0,0
12414,1990,5,3,1,0,0,0,1,1,2,0
12414,1992,4,3,1,0,0,0,1,0,2,0
12414,1993,2,2,1,0,0,0,0,0,0,0
12421,1988,1,1,0,0,0,0,0,0,1,0
12421,1992,1,1,0,0,0,0,0,0,1,0
12471,1982,4,4,1,0,0,0,0,0,0,0
12515,1989,3,3,2,0,0,0,0,0,0,0
12515,1990,2,2,0,0,0,0,0,0,1,0
12515,1991,1,1,0,0,0,0,0,0,1,0
12525,1982,2,2,2,1,0,1,0,0,0,0
12543,1982,1,1,0,0,0,0,0,0,0,0
12543,1984,1,1,0,0,0,0,0,0,0,0
12543,1985,2,1,0,0,0,0,1,0,0,0
12543,1986,1,1,0,0,0,0,0,0,0,0
12543,1988,1,1,1,0,0,1,0,0,0,0
12610,1988,1,1,0,0,0,0,0,0,0,0
12618,1984,4,2,0,0,0,0,2,0,0,0
12618,1986,1,1,0,0,0,0,0,0,1,0
12618,1988,1,1,1,0,0,0,0,0,0,0
12623,1984,2,2,1,0,0,0,0,0,1,0
12623,1985,4,4,1,0,0,0,0,0,1,0
12623,1987,2,2,1,0,0,0,0,0,0,0
12623,1989,2,1,0,0,0,0,1,0,0,0
12623,1990,6,6,0,0,0,0,0,0,1,0
12623,1992,1,1,1,0,0,0,0,0,0,0
12623,1993,5,4,2,0,1,0,0,1,2,0
12682,1992,1,1,0,0,0,0,0,0,0,0
