285,1989,1,1,0,0,0,0,0,0,0,0
596,1989,3,2,0,0,0,0,1,0,1,0
654,1989,3,3,0,0,0,0,0,0,0,0
809,1989,6,4,1,0,0,0,2,0,0,0
1072,1989,3,3,2,1,0,0,0,0,0,0
1129,1989,2,2,0,0,0,0,0,0,0,0
1319,1989,2,2,0,0,0,0,0,0,2,0
1502,1989,1,1,0,0,0,0,0,0,1,0
1543,1989,3,3,0,0,0,0,0,0,0,0
1757,1989,1,1,0,0,0,0,0,0,0,0
2208,1989,2,1,0,0,0,0,1,0,0,0
2624,1989,2,2,1,1,0,0,0,0,0,0
2636,1989,2,1,1,0,0,0,1,0,0,0
3010,1989,2,2,2,0,0,0,0,0,0,0
3300,1989,3,3,1,0,0,1,0,0,0,0
3319,1989,3,3,0,0,0,0,0,0,0,0
3359,1989,3,1,1,0,0,0,2,0,0,0
3436,1989,2,2,0,0,0,0,0,0,1,0
3469,1989,4,4,1,0,0,0,0,0,0,0
3974,1989,2,2,1,0,0,0,0,0,0,0
4316,1989,3,3,1,1,0,0,0,0,0,0
4357,1989,2,2,2,0,0,1,0,0,0,0
4389,1989,5,5,0,0,0,0,0,0,0,0
4777,1989,3,3,0,0,0,0,0,0,1,0
4815,1989,1,1,0,0,0,0,0,0,0,0
4826,1989,1,1,1,1,0,0,0,0,0,0
5005,1989,2,2,2,0,0,0,0,0,0,0
5202,1989,1,1,0,0,0,0,0,0,0,0
5695,1989,2,1,0,0,0,0,1,0,0,0
5776,1989,3,2,0,0,0,0,1,0,1,0
6191,1989,1,1,1,0,0,0,0,0,0,0
6306,1989,2,2,0,0,0,0,0,0,1,0
6359,1989,2,2,0,0,0,0,0,0,1,0
6462,1989,2,2,0,0,0,0,0,0,2,0
7046,1989,3,3,1,1,0,0,0,0,0,0
7224,1989,5,3,1,0,0,0,2,0,0,0
7237,1989,1,1,0,0,0,0,0,0,0,0
8026,1989,5,4,0,0,0,0,1,0,0,0
8706,1989,1,1,0,0,0,0,0,0,0,0
8727,1989,2,2,0,0,0,0,0,0,0,0
9007,1989,3,2,0,0,0,0,1,0,2,0
9027,1989,1,1,1,0,0,0,0,0,0,0
9128,1989,3,3,0,0,0,0,0,0,0,0
9415,1989,2,2,0,0,0,0,0,0,0,0
9547,1989,2,2,2,1,0,0,0,0,0,0
9656,1989,3,3,1,0,0,0,0,0,0,0
10262,1989,3,3,1,0,0,0,0,0,0,0
10671,1989,3,3,0,0,0,0,0,0,0,0
11002,1989,1,1,0,0,0,0,0,0,0,0
11517,1989,3,3,0,0,0,0,0,0,0,0
11743,1989,1,1,0,0,0,0,0,0,0,0
11821,1989,2,2,0,0,0,0,0,0,2,0
11896,1989,1,1,1,0,0,0,0,0,0,0
12131,1989,2,2,0,0,0,0,0,0,0,0
12202,1989,2,2,0,0,0,0,0,0,1,0
12207,1989,2,1,1,0,0,1,1,0,0,0
12386,1989,6,6,4,1,0,0,0,0,0,0
