1,1967,1,1,1,0,0,0,0,0,0,0
1,1969,1,1,1,0,0,1,0,0,0,0
47,1962,3,3,1,0,0,0,0,0,0,0
47,1963,5,4,0,0,0,0,0,0,3,0
47,1964,8,8,4,0,1,0,0,0,2,0
47,1965,7,7,0,0,0,0,0,0,1,0
47,1966,1,1,0,0,0,0,0,0,0,0
72,1963,4,4,0,0,0,0,0,0,4,0
72,1964,10,10,5,0,0,1,0,0,1,0
72,1965,4,3,1,0,0,0,1,0,0,0
72,1966,3,3,2,0,1,0,0,0,0,0
81,1967,1,1,0,0,0,0,0,0,0,0
88,1966,2,2,0,0,0,0,0,0,2,0
88,1969,3,2,1,0,0,1,1,0,1,0
94,1962,1,1,0,0,0,0,0,0,0,0
106,1966,2,2,1,1,0,0,0,0,1,0
159,1966,1,0,0,0,0,0,1,0,0,0
160,1962,7,7,1,0,0,0,0,0,1,0
160,1963,4,3,0,0,0,0,0,0,1,0
160,1964,5,4,2,0,0,0,1,0,0,0
160,1966,4,4,1,0,0,0,0,0,2,0
160,1969,1,0,0,0,0,0,1,0,0,0
164,1967,2,1,0,0,0,0,1,0,0,0
167,1967,2,1,0,0,0,0,1,0,0,0
168,1969,1,1,0,0,0,0,0,0,0,0
182,1962,8,7,0,0,0,0,1,0,6,0
182,1963,7,7,1,1,0,0,0,0,3,0
182,1964,7,5,0,0,0,0,1,1,3,0
182,1965,5,4,1,0,1,0,1,0,2,0
182,1966,3,2,0,0,0,0,1,0,1,0
201,1967,2,2,0,0,0,0,0,0,0,0
201,1969,1,1,0,0,0,0,0,0,0,0
202,1967,1,0,0,0,0,0,1,0,0,0
202,1969,2,1,1,0,0,0,1,0,0,0
204,1969,1,1,0,0,0,0,0,0,0,0
214,1962,5,5,2,0,0,1,0,0,2,0
214,1963,5,4,0,0,0,0,1,0,4,0
214,1964,4,4,1,0,0,0,0,0,1,0
241,1963,7,7,1,0,0,1,0,0,1,0
241,1964,3,3,0,0,0,0,0,0,3,0
241,1965,7,7,2,1,0,0,0,0,0,0
241,1966,3,1,1,0,0,0,2,0,0,0
310,1969,4,3,1,1,0,0,1,0,0,0
328,1962,6,6,1,0,0,0,0,0,2,0
328,1963,4,4,1,0,0,0,0,0,0,0
328,1964,8,8,2,1,0,0,0,0,0,0
328,1965,7,7,0,0,0,0,0,0,1,0
328,1966,4,4,2,0,0,0,0,0,0,0
328,1969,1,1,1,0,0,0,0,0,0,0
406,1967,3,0,0,0,0,0,2,1,0,0
406,1969,1,1,0,0,0,0,0,0,0,0
407,1962,2,2,0,0,0,0,0,0,0,0
445,1962,2,1,0,0,0,0,1,0,1,0
465,1962,4,4,1,0,0,0,0,0,1,0
465,1963,4,4,2,1,0,0,0,0,0,0
465,1964,5,4,1,0,0,0,1,0,1,0
465,1965,4,4,0,0,0,0,0,0,1,0
465,1966,1,1,0,0,0,0,0,0,1,0
560,1966,1,1,0,0,0,0,0,0,0,0
560,1969,1,1,1,0,0,0,0,0,0,0
566,1969,1,1,0,0,0,0,0,0,0,0
567,1962,4,1,0,0,0,0,2,0,1,1
567,1964,1,1,0,0,0,0,0,0,0,0
610,1965,5,5,1,1,0,0,0,0,3,0
658,1969,1,0,0,0,0,0,1,0,0,0
694,1967,2,2,1,1,0,0,0,0,1,0
703,1962,8,6,2,0,0,0,2,0,1,0
703,1963,8,5,1,0,0,0,1,2,2,0
703,1964,5,5,1,0,0,1,0,0,1,0
703,1965,2,2,1,0,0,0,0,0,0,0
703,1966,3,3,1,0,0,0,0,0,0,0
714,1962,1,1,1,0,0,0,0,0,0,0
843,1969,2,2,1,0,0,0,0,0,0,0
905,1965,3,3,2,1,0,0,0,0,1,0
905,1966,1,1,0,0,0,0,0,0,1,0
905,1969,1,1,1,0,0,0,0,0,0,0
910,1962,4,4,0,0,0,0,0,0,0,0
910,1963,2,2,1,0,0,0,0,0,0,0
959,1962,1,1,0,0,0,0,0,0,1,0
964,1969,1,1,0,0,0,0,0,0,1,0
997,1965,6,5,0,0,0,0,1,0,0,0
997,1966,3,2,0,0,0,0,1,0,1,0
1010,1962,4,3,0,0,0,0,0,1,0,0
1010,1963,2,1,0,0,0,0,1,0,1,0
1010,1964,8,6,0,0,0,0,1,0,4,1
1010,1965,3,3,0,0,0,0,0,0,2,0
1021,1963,3,3,2,0,0,0,0,0,0,0
1021,1964,11,9,1,0,0,0,1,0,1,1
1021,1965,5,3,1,0,1,0,2,0,0,0
1021,1966,1,1,1,1,0,0,0,0,0,0
1030,1965,8,4,2,1,0,1,4,0,0,0
1030,1966,2,2,1,0,0,1,0,0,0,0
1030,1969,2,2,0,0,0,0,0,0,0,0
1139,1962,2,2,0,0,0,0,0,0,0,0
1154,1966,1,1,0,0,0,0,0,0,1,0
1155,1969,1,1,0,0,0,0,0,0,0,0
1177,1964,1,1,0,0,0,0,0,0,1,0
1188,1964,4,3,1,0,0,0,1,0,0,0
1188,1965,1,0,0,0,0,0,0,0,0,1
1188,1966,3,3,0,0,0,0,0,0,3,0
1198,1963,1,1,0,0,0,0,0,0,1,0
1207,1962,7,7,2,1,0,0,0,0,4,0
1207,1963,6,5,0,0,0,0,0,0,2,0
1207,1964,5,5,0,0,0,0,0,0,2,0
1207,1965,10,9,1,0,0,0,0,0,1,0
1207,1966,6,5,2,0,0,1,1,0,0,0
1207,1967,1,1,0,0,0,0,0,0,0,0
1207,1969,1,0,0,0,0,0,1,0,0,0
1208,1967,1,0,0,0,0,0,1,0,0,0
1220,1969,1,1,0,0,0,0,0,0,0,0
1248,1962,6,5,1,0,0,0,1,0,1,0
1248,1963,5,5,1,0,0,0,0,0,2,0
1248,1964,9,8,2,1,0,0,1,0,3,0
1248,1965,3,3,2,0,0,2,0,0,0,0
1278,1962,2,2,0,0,0,0,0,0,1,0
1308,1962,3,3,0,0,0,0,0,0,2,0
1313,1962,2,2,0,0,0,0,0,0,2,0
1313,1963,2,1,0,0,0,0,1,0,0,0
1317,1969,3,3,0,0,0,0,0,0,1,0
1320,1969,1,1,0,0,0,0,0,0,1,0
1323,1962,1,1,0,0,0,0,0,0,1,0
1323,1963,7,5,0,0,0,0,1,1,1,0
1323,1964,5,4,1,0,0,0,0,0,2,1
1323,1965,4,3,2,1,0,0,1,0,1,0
1323,1969,2,2,0,0,0,0,0,0,0,0
1345,1969,4,3,1,0,0,1,1,0,1,0
1390,1962,3,2,1,0,0,0,0,0,0,0
1390,1963,3,1,0,0,0,0,2,0,1,0
1390,1964,2,1,0,0,0,0,1,0,0,0
1390,1965,3,3,1,0,0,0,0,0,0,0
1393,1963,2,2,0,0,0,0,0,0,0,0
1393,1964,6,6,0,0,0,0,0,0,1,0
1393,1965,2,1,0,0,0,0,0,0,1,0
1393,1966,2,2,0,0,0,0,0,0,0,0
1411,1963,1,1,0,0,0,0,0,0,0,0
1411,1964,6,4,0,0,0,0,1,0,1,1
1411,1965,6,6,2,0,0,1,0,0,0,0
1411,1966,2,2,1,0,0,0,0,0,0,0
1420,1967,1,1,0,0,0,0,0,0,1,0
1451,1964,10,7,5,0,0,0,2,0,1,0
1451,1965,6,6,0,0,0,0,0,0,1,0
1463,1962,4,4,0,0,0,0,0,0,0,0
1463,1963,11,9,4,0,0,0,1,0,1,0
1463,1964,3,3,2,0,0,0,0,0,1,0
1464,1963,1,1,0,0,0,0,0,0,1,0
1464,1964,5,4,0,0,0,0,1,0,2,0
1464,1965,4,4,1,0,0,0,0,0,0,0
1464,1966,1,1,0,0,0,0,0,0,0,0
1480,1967,3,3,0,0,0,0,0,0,2,0
1500,1964,3,2,0,0,0,0,1,0,0,0
1500,1965,4,3,0,0,0,0,0,1,3,0
1500,1966,1,1,1,0,0,1,0,0,0,0
1519,1969,1,1,0,0,0,0,0,0,1,0
1520,1962,2,2,0,0,0,0,0,0,1,0
1520,1963,2,2,0,0,0,0,0,0,0,0
1538,1965,2,2,0,0,0,0,0,0,2,0
1540,1962,4,4,1,1,0,0,0,0,1,0
1566,1962,1,1,0,0,0,0,0,0,0,0
1685,1967,2,1,0,0,0,0,1,0,0,0
1703,1965,1,1,0,0,0,0,0,0,1,0
1703,1966,1,1,0,0,0,0,0,0,1,0
1710,1964,4,3,0,0,0,0,1,0,2,0
1710,1965,7,6,0,0,0,0,1,0,4,0
1710,1966,6,6,3,1,0,0,0,0,0,0
1710,1969,2,2,0,0,0,0,0,0,0,0
1722,1967,1,0,0,0,0,0,1,0,0,0
1782,1965,3,3,1,0,0,0,0,0,2,0
1782,1966,4,4,1,0,0,0,0,0,1,0
1782,1967,1,1,1,0,0,0,0,0,0,0
1824,1962,8,8,1,1,0,0,0,0,2,0
1824,1963,1,1,0,0,0,0,0,0,0,0
1847,1967,1,1,1,1,0,0,0,0,0,0
1847,1969,1,0,0,0,0,0,1,0,0,0
1854,1966,2,1,0,0,0,0,1,0,1,0
1854,1969,1,1,0,0,0,0,0,0,0,0
1861,1962,6,5,0,0,0,0,1,0,2,0
1861,1963,7,7,1,0,0,0,0,0,2,0
1861,1964,7,5,2,1,0,1,2,0,0,0
1861,1965,6,5,2,1,0,0,1,0,1,0
1861,1966,4,4,1,0,0,0,0,0,2,0
1928,1965,3,3,1,0,0,0,0,0,1,0
1928,1966,4,4,1,0,0,0,0,0,2,0
1933,1962,6,5,1,1,0,0,1,0,0,0
1933,1963,6,5,1,0,0,0,1,0,0,0
1933,1964,9,8,2,0,0,0,1,0,2,0
1933,1965,5,2,0,0,0,0,3,0,0,0
1933,1966,2,1,0,0,0,0,0,0,1,0
1955,1969,1,1,1,0,0,1,0,0,0,0
1978,1969,1,1,1,0,0,0,0,0,0,0
1986,1964,6,5,2,1,0,0,0,1,0,0
1986,1965,3,2,0,0,0,0,1,0,0,0
1988,1969,1,1,0,0,0,0,0,0,0,0
1989,1962,1,0,0,0,0,0,0,0,0,0
2000,1962,7,7,3,1,2,0,0,0,1,0
2000,1963,5,4,0,0,0,0,0,0,0,1
2000,1964,8,7,1,0,0,0,0,1,1,0
2000,1965,6,6,1,1,0,0,0,0,2,0
2000,1966,1,0,0,0,0,0,1,0,0,0
2000,1967,2,2,0,0,0,0,0,0,0,0
2080,1966,1,0,0,0,0,0,1,0,0,0
2082,1962,6,5,0,0,0,0,1,0,3,0
2082,1963,5,5,0,0,0,0,0,0,3,0
2082,1964,1,1,1,1,0,0,0,0,0,0
2110,1965,2,1,1,0,0,0,1,0,0,0
2110,1966,1,1,1,0,0,0,0,0,0,0
2110,1969,1,1,1,0,0,0,0,0,0,0
2148,1969,2,2,1,0,0,0,0,0,0,0
2149,1967,2,1,0,0,0,0,1,0,0,0
2159,1964,5,4,2,0,0,1,1,0,0,0
2159,1965,3,3,0,0,0,0,0,0,0,0
2159,1966,2,2,0,0,0,0,0,0,1,0
2160,1962,3,3,0,0,0,0,0,0,2,0
2196,1962,7,7,1,0,0,1,0,0,3,0
2196,1963,9,9,1,0,0,0,0,0,3,0
2196,1964,9,8,0,0,0,0,1,0,2,0
2196,1965,8,8,2,0,0,1,0,0,4,0
2196,1966,2,2,1,0,0,0,0,0,1,0
2214,1969,2,1,0,0,0,0,0,0,1,0
2229,1962,1,1,0,0,0,0,0,0,1,0
2260,1962,1,1,0,0,0,0,0,0,0,0
2267,1966,4,2,1,0,1,0,2,0,1,0
2267,1969,4,3,0,0,0,0,1,0,3,0
2277,1962,1,1,0,0,0,0,0,0,1,0
2381,1962,3,3,0,0,0,0,0,0,3,0
2381,1963,6,5,2,1,0,0,1,0,3,0
2381,1964,2,1,0,0,0,0,1,0,1,0
2440,1969,1,1,0,0,0,0,0,0,1,0
2532,1969,1,1,0,0,0,0,0,0,1,0
2541,1962,5,3,1,0,0,0,1,1,1,0
2541,1963,3,2,2,0,0,0,1,0,0,0
2541,1964,2,1,0,0,0,0,0,1,0,0
2541,1965,4,1,0,0,0,0,3,0,0,0
2568,1963,3,3,0,0,0,0,0,0,2,0
2586,1963,2,2,0,0,0,0,0,0,2,0
2618,1963,1,1,0,0,0,0,0,0,0,0
2618,1964,5,5,0,0,0,0,0,0,2,0
2618,1965,6,6,2,0,0,0,0,0,1,0
2618,1966,2,1,1,0,1,0,0,0,0,0
2620,1967,2,2,1,0,0,1,0,0,0,0
2635,1966,1,1,0,0,0,0,0,0,0,0
2678,1967,1,1,1,0,0,1,0,0,0,0
2678,1969,1,1,0,0,0,0,0,0,0,0
2689,1967,3,3,1,1,0,0,0,0,2,0
2691,1967,3,3,1,0,0,0,0,0,0,0
2691,1969,1,1,1,0,0,1,0,0,0,0
2724,1963,4,3,1,0,0,0,0,1,1,0
2759,1963,5,5,2,0,0,0,0,0,3,0
2772,1962,6,6,1,0,0,0,0,0,2,0
2772,1963,5,4,2,0,0,0,1,0,1,0
2801,1964,7,6,2,1,0,0,0,0,3,0
2801,1965,5,5,2,1,0,0,0,0,0,0
2801,1966,4,4,1,0,0,0,0,0,1,0
2912,1969,1,1,0,0,0,0,0,0,0,0
2924,1962,5,5,0,0,0,0,0,0,3,0
2958,1969,1,1,0,0,0,0,0,0,0,0
3087,1964,1,1,0,0,0,0,0,0,0,0
3196,1964,3,3,0,0,0,0,0,0,2,0
3198,1969,2,2,0,0,0,0,0,0,1,0
3289,1969,1,1,1,1,0,0,0,0,0,0
3330,1962,1,1,0,0,0,0,0,0,1,0
3332,1962,5,4,0,0,0,0,1,0,1,0
3332,1963,4,4,1,0,0,0,0,0,0,0
3349,1966,2,2,0,0,0,0,0,0,1,0
3385,1967,2,1,0,0,0,0,1,0,0,0
3403,1962,1,1,0,0,0,0,0,0,1,0
3418,1967,1,1,0,0,0,0,0,0,1,0
3457,1962,6,6,0,0,0,0,0,0,1,0
3457,1963,2,2,0,0,0,0,0,0,0,0
3472,1967,1,0,0,0,0,0,1,0,0,0
3518,1969,1,0,0,0,0,0,0,0,0,0
3538,1965,1,1,0,0,0,0,0,0,0,0
3576,1969,2,2,0,0,0,0,0,0,0,0
3630,1962,1,1,0,0,0,0,0,0,0,0
3630,1964,1,1,0,0,0,0,0,0,0,0
3661,1962,1,1,0,0,0,0,0,0,1,0
3661,1963,1,0,0,0,0,0,0,0,0,0
3670,1962,5,5,0,0,0,0,0,0,0,0
3670,1963,5,4,1,0,0,0,0,0,0,0
3671,1963,2,2,0,0,0,0,0,0,0,0
3671,1964,1,1,0,0,0,0,0,0,1,0
3671,1965,1,1,0,0,0,0,0,0,0,0
3672,1966,4,4,2,1,0,0,0,0,0,0
3698,1962,5,5,2,0,0,1,0,0,0,0
3698,1963,8,6,1,0,0,0,2,0,1,0
3698,1964,6,3,0,0,0,0,2,0,1,0
3714,1963,2,2,1,0,0,0,0,0,0,0
3714,1964,6,5,1,0,0,0,1,0,1,0
3714,1965,6,5,1,0,0,0,0,0,2,0
3714,1966,5,4,0,0,0,0,0,1,0,0
3733,1963,6,4,2,0,0,0,1,0,2,1
3733,1964,10,7,1,0,1,0,3,0,4,0
3733,1965,5,5,1,0,0,0,0,0,1,0
3733,1966,6,3,2,2,0,0,2,0,0,0
3733,1967,3,3,0,0,0,0,0,0,0,0
3739,1966,1,1,0,0,0,0,0,0,1,0
3790,1962,1,1,1,0,0,0,0,0,0,0
3802,1967,1,1,0,0,0,0,0,0,0,0
3807,1969,2,2,1,1,0,0,0,0,0,0
3813,1963,3,2,0,0,0,0,1,0,1,0
3936,1969,1,1,0,0,0,0,0,0,0,0
3944,1969,1,1,0,0,0,0,0,0,1,0
3954,1969,2,2,0,0,0,0,0,0,0,0
3977,1969,1,1,0,0,0,0,0,0,1,0
3986,1962,5,4,1,0,0,1,1,0,3,0
3986,1963,6,6,0,0,0,0,0,0,2,0
3986,1964,7,7,0,0,0,0,0,0,5,0
3986,1965,2,2,0,0,0,0,0,0,2,0
4021,1965,2,2,1,1,0,0,0,0,1,0
4021,1966,1,0,0,0,0,0,1,0,0,0
4022,1969,1,1,0,0,0,0,0,0,1,0
4031,1969,2,2,1,1,0,0,0,0,1,0
4085,1967,1,0,0,0,0,0,1,0,0,0
4089,1963,1,1,0,0,0,0,0,0,0,0
4127,1962,1,1,1,0,0,0,0,0,0,0
4190,1964,2,2,0,0,0,0,0,0,1,0
4190,1965,8,7,0,0,0,0,1,0,2,0
4190,1966,2,2,0,0,0,0,0,0,0,0
4195,1967,1,1,0,0,0,0,0,0,0,0
4195,1969,1,1,0,0,0,0,0,0,0,0
4230,1963,3,2,0,0,0,0,1,0,1,0
4230,1964,2,1,0,0,0,0,0,0,1,0
4234,1966,1,1,0,0,0,0,0,0,0,0
4240,1965,1,0,0,0,0,0,1,0,0,0
4270,1969,2,1,0,0,0,0,1,0,1,0
4273,1969,1,0,0,0,0,0,0,0,0,0
4306,1963,2,2,0,0,0,0,0,0,1,0
4306,1964,5,5,1,1,0,0,0,0,1,0
4306,1965,9,9,2,0,0,0,0,0,2,0
4306,1966,6,5,0,0,0,0,1,0,2,0
4306,1969,2,2,0,0,0,0,0,0,0,0
4310,1962,2,2,0,0,0,0,0,0,1,0
4315,1962,7,7,0,0,0,0,0,0,2,0
4315,1963,3,3,2,0,0,0,0,0,0,0
4315,1964,3,3,0,0,0,0,0,0,2,0
4315,1966,2,2,0,0,0,0,0,0,0,0
4382,1969,1,1,0,0,0,0,0,0,1,0
4490,1964,1,1,0,0,0,0,0,0,1,0
4524,1963,1,1,0,0,0,0,0,0,1,0
4524,1964,2,2,0,0,0,0,0,0,2,0
4527,1963,9,6,2,1,0,1,2,0,2,0
4527,1964,7,4,1,1,0,0,3,0,1,0
4527,1965,4,4,1,0,0,0,0,0,1,0
4527,1966,4,4,2,0,0,2,0,0,0,0
4527,1967,1,1,0,0,0,0,0,0,1,0
4533,1967,1,0,0,0,0,0,1,0,0,0
4533,1969,1,1,0,0,0,0,0,0,0,0
4556,1965,1,1,0,0,0,0,0,0,0,0
4557,1962,3,3,0,0,0,0,0,0,1,0
4557,1965,3,3,0,0,0,0,0,0,0,0
4557,1966,1,1,0,0,0,0,0,0,1,0
4586,1966,1,0,0,0,0,0,0,1,0,0
4596,1962,1,1,0,0,0,0,0,0,1,0
4607,1963,4,4,0,0,0,0,0,0,3,0
4607,1964,4,4,1,0,0,0,0,0,1,0
4607,1965,3,3,2,1,0,0,0,0,1,0
4630,1969,2,2,0,0,0,0,0,0,0,0
4638,1969,1,1,0,0,0,0,0,0,0,0
4663,1963,2,2,0,0,0,0,0,0,1,0
4663,1964,1,1,0,0,0,0,0,0,0,0
4663,1965,7,7,3,0,0,0,0,0,2,0
4663,1966,2,2,1,0,0,0,0,0,1,0
4692,1967,3,3,0,0,0,0,0,0,2,0
4762,1967,1,0,0,0,0,0,1,0,0,0
4772,1969,1,1,1,0,1,0,0,0,0,0
4798,1962,5,4,1,0,0,0,1,0,2,0
4798,1963,6,4,1,0,0,0,1,0,1,0
4798,1964,5,5,2,0,0,1,0,0,1,0
4798,1965,5,4,0,0,0,0,0,0,2,0
4798,1966,1,1,1,0,0,0,0,0,0,0
4860,1962,1,1,0,0,0,0,0,0,0,0
4906,1965,1,1,0,0,0,0,0,0,1,0
4955,1962,5,5,2,0,0,1,0,0,0,0
4955,1963,3,3,1,0,0,0,0,0,1,0
4955,1964,2,2,0,0,0,0,0,0,0,0
4955,1965,6,6,1,0,0,0,0,0,2,0
4955,1966,4,4,1,0,0,0,0,0,0,0
4955,1969,1,1,0,0,0,0,0,0,0,0
4959,1962,3,3,1,0,0,0,0,0,1,0
4959,1963,3,2,0,0,0,0,1,0,2,0
4970,1964,1,1,1,0,0,0,0,0,0,0
4970,1967,2,1,1,0,0,1,0,1,0,0
4980,1962,2,2,0,0,0,0,0,0,1,0
4981,1967,1,1,0,0,0,0,0,0,1,0
4981,1969,1,1,0,0,0,0,0,0,1,0
5036,1962,1,1,0,0,0,0,0,0,0,0
5036,1963,7,6,2,0,0,0,0,0,2,1
5036,1964,12,10,5,1,0,0,2,0,3,0
5036,1965,6,5,2,2,0,0,1,0,1,0
5044,1969,3,2,1,0,0,0,1,0,1,0
5145,1966,1,0,0,0,0,0,1,0,0,0
5154,1964,2,2,0,0,0,0,0,0,1,0
5154,1965,4,4,2,0,0,1,0,0,1,0
5154,1966,4,3,0,0,0,0,0,0,2,1
5187,1962,7,6,2,0,0,0,1,0,2,0
5187,1963,5,4,2,0,0,1,1,0,0,0
5187,1964,11,11,2,0,0,0,0,0,2,0
5187,1965,4,2,0,0,0,0,1,0,1,1
5187,1966,7,6,1,0,0,0,1,0,2,0
5189,1965,4,3,1,0,0,0,1,0,0,0
5189,1966,4,4,1,0,0,0,0,0,1,0
5189,1969,1,1,0,0,0,0,0,0,1,0
5210,1962,1,1,0,0,0,0,0,0,0,0
5210,1963,1,1,1,0,0,0,0,0,0,0
5210,1964,6,4,1,0,0,0,2,0,1,0
5210,1965,3,2,1,0,0,0,1,0,0,0
5278,1969,2,2,0,0,0,0,0,0,1,0
5287,1963,2,2,1,0,0,0,0,0,1,0
5287,1964,2,1,0,0,0,0,1,0,1,0
5290,1967,4,2,0,0,0,0,0,1,1,0
5291,1969,1,0,0,0,0,0,1,0,0,0
5401,1967,2,1,0,0,0,0,1,0,0,0
5452,1969,2,2,2,1,0,0,0,0,0,0
5514,1962,2,2,0,0,0,0,0,0,0,0
5514,1963,3,3,0,0,0,0,0,0,1,0
5514,1964,4,4,0,0,0,0,0,0,1,0
5523,1969,1,0,0,0,0,0,1,0,0,0
5531,1962,6,6,1,0,0,0,0,0,0,0
5531,1963,1,1,0,0,0,0,0,0,1,0
5531,1964,6,6,2,2,0,0,0,0,1,0
5531,1965,2,2,0,0,0,0,0,0,0,0
5531,1966,3,2,2,0,0,0,1,0,0,0
5531,1967,1,1,1,0,0,1,0,0,0,0
5545,1966,3,3,0,0,0,0,0,0,0,0
5546,1962,1,1,0,0,0,0,0,0,0,0
5555,1966,2,2,1,0,0,0,0,0,0,0
5555,1967,2,2,0,0,0,0,0,0,0,0
5564,1969,1,1,0,0,0,0,0,0,1,0
5600,1966,1,1,0,0,0,0,0,0,1,0
5625,1962,1,1,1,1,0,0,0,0,0,0
5625,1963,1,0,0,0,0,0,1,0,0,0
5626,1966,1,1,0,0,0,0,0,0,0,0
5626,1969,1,1,0,0,0,0,0,0,0,0
5648,1967,1,1,0,0,0,0,0,0,0,0
5687,1964,1,1,0,0,0,0,0,0,1,0
5687,1969,2,2,2,1,0,0,0,0,0,0
5717,1964,1,1,0,0,0,0,0,0,0,0
5724,1962,2,2,0,0,0,0,0,0,0,0
5724,1963,9,8,2,0,0,1,1,0,3,0
5724,1964,7,6,1,1,0,0,1,0,1,0
5724,1965,4,3,1,0,0,0,1,0,0,0
5724,1966,5,2,1,0,0,0,3,0,0,0
5822,1969,1,0,0,0,0,0,0,0,0,0
5823,1963,1,1,0,0,0,0,0,0,1,0
5823,1964,10,10,0,0,0,0,0,0,6,0
5875,1962,11,11,4,2,0,1,0,0,4,0
5875,1963,6,5,1,0,0,0,1,0,3,0
5875,1964,7,6,0,0,0,0,1,0,4,0
5875,1965,3,2,1,0,0,0,1,0,1,0
5875,1966,4,1,0,0,0,0,2,0,0,1
5886,1962,4,4,3,0,0,1,0,0,0,0
5886,1963,4,3,0,0,0,0,0,0,3,0
5886,1965,1,0,0,0,0,0,1,0,0,0
5897,1962,3,3,0,0,0,0,0,0,1,0
5897,1963,5,5,0,0,0,0,0,0,2,0
5897,1964,7,5,0,0,0,0,2,0,2,0
5897,1965,5,5,1,0,0,0,0,0,3,0
5897,1966,3,3,2,1,0,1,0,0,1,0
5923,1963,1,1,0,0,0,0,0,0,0,0
5923,1964,2,1,0,0,0,0,0,0,1,1
5923,1965,3,2,1,0,0,0,1,0,0,0
5923,1966,2,1,0,0,0,0,1,0,0,0
5925,1962,3,3,0,0,0,0,0,0,1,0
5925,1963,7,5,0,0,0,0,2,0,2,0
5925,1964,5,4,0,0,0,0,1,0,2,0
5925,1965,6,5,3,1,0,0,1,0,0,0
5925,1966,1,1,0,0,0,0,0,0,1,0
5946,1964,1,0,0,0,0,0,0,0,0,0
5971,1964,5,5,0,0,0,0,0,0,4,0
5971,1965,4,3,0,0,0,0,1,0,1,0
5971,1966,6,6,2,0,0,1,0,0,1,0
5971,1967,2,2,1,0,0,0,0,0,0,0
6015,1969,1,1,0,0,0,0,0,0,1,0
6020,1962,4,1,0,0,0,0,2,0,0,0
6020,1964,2,2,1,0,0,0,0,0,0,0
6024,1969,1,0,0,0,0,0,1,0,0,0
6029,1963,2,1,0,0,0,0,1,0,1,0
6029,1965,1,1,1,1,0,0,0,0,0,0
6040,1962,1,1,0,0,0,0,0,0,1,0
6044,1967,2,2,0,0,0,0,0,0,0,0
6044,1969,1,1,0,0,0,0,0,0,0,0
6047,1966,1,0,0,0,0,0,1,0,0,0
6081,1962,5,5,2,1,0,0,0,0,0,0
6081,1963,3,3,0,0,0,0,0,0,0,0
6081,1964,7,7,2,1,0,0,0,0,0,0
6081,1965,3,3,1,0,0,1,0,0,1,0
6094,1963,1,1,0,0,0,0,0,0,0,0
6117,1965,5,5,0,0,0,0,0,0,3,0
6135,1969,1,1,0,0,0,0,0,0,0,0
6169,1962,2,2,1,0,0,1,0,0,1,0
6169,1963,2,0,0,0,0,0,2,0,0,0
6170,1962,7,7,0,0,0,0,0,0,3,0
6170,1963,4,4,2,0,1,0,0,0,0,0
6170,1964,3,3,0,0,0,0,0,0,1,0
6170,1965,10,8,3,0,0,0,1,1,2,0
6170,1966,2,1,1,0,0,0,1,0,0,0
6170,1967,2,2,0,0,0,0,0,0,1,0
6228,1962,2,2,0,0,0,0,0,0,2,0
6231,1962,2,2,2,1,0,0,0,0,0,0
6231,1963,3,3,0,0,0,0,0,0,1,0
6231,1964,5,4,0,0,0,0,1,0,0,0
6231,1965,3,3,1,0,0,1,0,0,0,0
6318,1967,2,2,0,0,0,0,0,0,1,0
6367,1963,2,1,0,0,0,0,1,0,0,0
6367,1964,2,2,0,0,0,0,0,0,2,0
6421,1967,1,0,0,0,0,0,0,0,0,0
6456,1964,8,6,3,0,0,1,1,0,0,0
6456,1965,5,4,1,1,0,0,1,0,1,0
6500,1962,5,5,2,0,1,0,0,0,3,0
6500,1963,8,7,2,0,0,1,1,0,4,0
6500,1964,9,8,4,1,0,1,1,0,2,0
6500,1965,4,4,1,0,0,0,0,0,0,0
6500,1966,3,3,1,1,0,0,0,0,2,0
6500,1967,2,2,0,0,0,0,0,0,0,0
6528,1962,1,1,1,0,0,0,0,0,0,0
6541,1962,2,2,1,0,0,0,0,0,1,0
6544,1964,2,2,0,0,0,0,0,0,2,0
6561,1965,2,2,1,0,0,0,0,0,0,0
6566,1962,6,6,0,0,0,0,0,0,0,0
6566,1963,4,4,1,1,0,0,0,0,1,0
6566,1964,2,2,0,0,0,0,0,0,1,0
6566,1965,4,4,1,0,0,0,0,0,1,0
6566,1966,1,1,0,0,0,0,0,0,0,0
6581,1966,1,1,0,0,0,0,0,0,0,0
6600,1964,1,1,0,0,0,0,0,0,1,0
6657,1969,1,1,0,0,0,0,0,0,0,0
6658,1962,8,7,2,0,1,0,1,0,1,0
6658,1963,6,6,4,0,0,0,0,0,0,0
6658,1964,5,4,1,1,0,0,1,0,1,0
6658,1965,2,1,1,0,1,0,1,0,0,0
6658,1966,4,4,1,0,0,0,0,0,1,0
6665,1962,4,2,0,0,0,0,2,0,1,0
6665,1963,5,5,2,0,0,0,0,0,1,0
6665,1967,1,0,0,0,0,0,0,0,0,1
6809,1966,1,1,1,0,0,0,0,0,0,0
6835,1962,6,5,0,0,0,0,1,0,5,0
6835,1963,1,0,0,0,0,0,1,0,0,0
6835,1964,6,6,1,0,0,1,0,0,4,0
6835,1965,2,2,0,0,0,0,0,0,2,0
6835,1966,4,3,2,1,0,0,1,0,1,0
6859,1962,10,8,1,0,0,0,2,0,3,0
6859,1963,3,1,1,0,0,0,2,0,0,0
6859,1964,7,6,2,0,0,1,1,0,2,0
6859,1966,3,2,1,0,0,0,1,0,0,0
6946,1969,1,1,1,0,0,0,0,0,0,0
6947,1962,1,1,0,0,0,0,0,0,0,0
6947,1963,4,4,0,0,0,0,0,0,2,0
6947,1964,3,3,0,0,0,0,0,0,0,0
6947,1965,5,3,0,0,0,0,0,1,1,0
7017,1967,3,1,0,0,0,0,1,1,0,0
7023,1964,7,7,1,0,0,0,0,0,1,0
7023,1965,3,3,0,0,0,0,0,0,3,0
7068,1969,3,3,0,0,0,0,0,0,3,0
7070,1962,5,5,2,1,0,0,0,0,1,0
7074,1969,1,1,0,0,0,0,0,0,1,0
7082,1969,3,2,0,0,0,0,1,0,1,0
7100,1967,3,3,0,0,0,0,0,0,0,0
7118,1962,6,5,2,0,0,0,1,0,1,0
7118,1963,7,7,2,0,0,0,0,0,3,0
7118,1964,4,3,1,0,0,1,1,0,0,0
7118,1965,3,1,0,0,0,0,2,0,0,0
7118,1966,3,3,1,0,0,0,0,0,0,0
7144,1969,4,4,2,0,0,0,0,0,0,0
7164,1967,2,2,0,0,0,0,0,0,2,0
7170,1963,1,1,0,0,0,0,0,0,0,0
7170,1964,2,2,0,0,0,0,0,0,1,0
7170,1965,1,0,0,0,0,0,1,0,0,0
7170,1966,1,1,0,0,0,0,0,0,0,0
7200,1965,2,2,0,0,0,0,0,0,1,0
7261,1965,1,1,0,0,0,0,0,0,1,0
7261,1966,1,1,0,0,0,0,0,0,1,0
7280,1965,6,6,0,0,0,0,0,0,4,0
7280,1966,2,1,0,0,0,0,1,0,0,0
7280,1969,1,1,0,0,0,0,0,0,1,0
7281,1966,3,3,1,0,0,0,0,0,1,0
7355,1969,1,1,0,0,0,0,0,0,0,0
7381,1967,1,1,0,0,0,0,0,0,0,0
7381,1969,3,3,0,0,0,0,0,0,0,0
7412,1969,1,1,0,0,0,0,0,0,1,0
7478,1969,2,2,1,0,0,0,0,0,0,0
7500,1969,2,2,0,0,0,0,0,0,1,0
7511,1965,2,2,0,0,0,0,0,0,1,0
7511,1966,1,1,0,0,0,0,0,0,0,0
7525,1962,1,1,0,0,0,0,0,0,1,0
7525,1963,5,4,0,0,0,0,1,0,1,0
7525,1964,2,2,0,0,0,0,0,0,2,0
7525,1965,2,1,0,0,0,0,0,0,1,1
7525,1966,1,1,0,0,0,0,0,0,0,0
7525,1967,2,1,0,0,0,0,1,0,0,0
7533,1963,2,0,0,0,0,0,1,0,0,0
7858,1966,1,1,0,0,0,0,0,0,1,0
7858,1969,1,1,0,0,0,0,0,0,0,0
7861,1969,1,1,1,1,0,0,0,0,0,0
7937,1962,2,2,0,0,0,0,0,0,1,0
7937,1963,4,4,1,0,0,0,0,0,1,0
7937,1964,7,7,0,0,0,0,0,0,3,0
7952,1969,1,1,0,0,0,0,0,0,0,0
7977,1967,3,3,0,0,0,0,0,0,1,0
7977,1969,4,3,1,0,0,1,1,0,0,0
8013,1962,1,1,0,0,0,0,0,0,0,0
8022,1965,1,1,0,0,0,0,0,0,0,0
8033,1965,1,1,0,0,0,0,0,0,0,0
8096,1969,1,1,1,0,0,0,0,0,0,0
8171,1962,1,1,1,1,0,0,0,0,0,0
8234,1965,3,3,1,0,0,0,0,0,0,0
8234,1966,2,2,0,0,0,0,0,0,2,0
8259,1964,2,2,0,0,0,0,0,0,2,0
8259,1965,1,0,0,0,0,0,0,0,0,0
8273,1963,3,3,0,0,0,0,0,0,2,0
8273,1964,2,2,0,0,0,0,0,0,2,0
8273,1965,1,1,0,0,0,0,0,0,0,0
8287,1967,2,1,0,0,0,0,0,1,0,0
8319,1966,2,1,1,0,0,0,0,1,0,0
8362,1966,2,2,0,0,0,0,0,0,0,0
8369,1966,3,2,0,0,0,0,1,0,0,0
8480,1967,2,2,1,0,0,0,0,0,0,0
8489,1964,5,5,3,1,1,0,0,0,0,0
8489,1965,4,3,1,1,0,0,1,0,0,0
8489,1966,4,3,1,1,0,0,1,0,1,0
8533,1963,5,5,1,0,0,0,0,0,0,0
8533,1964,8,6,0,0,0,0,1,0,1,1
8533,1965,5,5,1,0,0,0,0,0,2,0
8542,1966,1,1,0,0,0,0,0,0,0,0
8562,1962,3,1,0,0,0,0,2,0,1,0
8562,1963,7,6,3,0,1,0,1,0,3,0
8622,1966,2,2,1,1,0,0,0,0,0,0
8622,1969,1,1,0,0,0,0,0,0,1,0
8687,1965,1,1,0,0,0,0,0,0,0,0
8715,1967,3,2,0,0,0,0,1,0,0,0
8715,1969,1,1,0,0,0,0,0,0,0,0
8749,1969,1,1,0,0,0,0,0,0,0,0
8768,1969,1,1,0,0,0,0,0,0,0,0
8801,1962,4,4,0,0,0,0,0,0,0,0
8801,1963,5,5,0,0,0,0,0,0,1,0
8801,1964,5,4,1,0,0,0,1,0,0,0
8801,1965,5,4,1,0,0,0,1,0,0,0
8867,1962,1,1,0,0,0,0,0,0,1,0
8867,1963,5,5,1,0,0,0,0,0,3,0
8867,1964,8,7,0,0,0,0,1,0,2,0
8867,1965,7,7,1,0,0,0,0,0,1,0
8867,1966,6,4,1,0,0,1,2,0,0,0
8867,1969,1,1,1,0,0,1,0,0,0,0
8926,1969,3,2,1,0,0,0,1,0,1,0
8944,1963,1,1,0,0,0,0,0,0,1,0
8944,1964,1,1,0,0,0,0,0,0,1,0
8950,1965,1,1,0,0,0,0,0,0,0,0
8969,1966,1,0,0,0,0,0,0,0,0,0
8970,1969,1,1,0,0,0,0,0,0,1,0
8989,1966,1,1,0,0,0,0,0,0,0,0
8989,1969,3,3,0,0,0,0,0,0,1,0
9000,1969,2,2,0,0,0,0,0,0,0,0
9014,1962,5,5,1,0,0,0,0,0,2,0
9014,1963,6,5,1,0,0,0,1,0,0,0
9014,1964,1,1,0,0,0,0,0,0,1,0
9017,1963,4,4,1,0,0,0,0,0,0,0
9017,1964,7,7,1,0,0,0,0,0,1,0
9053,1962,5,4,0,0,0,0,1,0,2,0
9053,1963,1,1,1,0,0,0,0,0,0,0
9053,1964,3,2,1,1,0,0,1,0,0,0
9053,1965,2,2,0,0,0,0,0,0,0,0
9074,1969,2,2,0,0,0,0,0,0,1,0
9093,1964,1,1,0,0,0,0,0,0,0,0
9101,1963,2,0,0,0,0,0,1,0,0,0
9101,1965,1,1,0,0,0,0,0,0,1,0
9155,1962,1,1,0,0,0,0,0,0,1,0
9158,1963,2,2,0,0,0,0,0,0,2,0
9171,1962,4,4,1,0,0,0,0,0,2,0
9171,1963,6,6,1,0,0,0,0,0,2,0
9171,1964,5,4,1,0,0,1,1,0,0,0
9171,1965,6,4,0,0,0,0,1,1,0,0
9171,1966,3,2,0,0,0,0,1,0,1,0
9183,1962,9,8,3,1,0,0,1,0,1,0
9183,1963,6,4,0,0,0,0,2,0,1,0
9183,1964,1,1,0,0,0,0,0,0,1,0
9183,1965,2,2,0,0,0,0,0,0,0,0
9256,1969,1,1,0,0,0,0,0,0,0,0
9266,1965,3,3,0,0,0,0,0,0,2,0
9292,1969,2,2,0,0,0,0,0,0,1,0
9313,1962,2,1,0,0,0,0,0,1,0,0
9365,1963,2,2,0,0,0,0,0,0,2,0
9365,1965,2,2,0,0,0,0,0,0,2,0
9382,1965,2,1,1,0,0,0,1,0,0,0
9463,1963,1,1,0,0,0,0,0,0,0,0
9478,1964,2,2,0,0,0,0,0,0,1,0
9478,1965,2,2,1,0,0,0,0,0,1,0
9478,1966,4,4,1,0,0,0,0,0,0,0
9478,1967,2,2,2,0,0,1,0,0,0,0
9504,1963,3,3,0,0,0,0,0,0,3,0
9504,1964,1,1,0,0,0,0,0,0,1,0
9511,1965,6,4,0,0,0,0,2,0,2,0
9511,1966,4,4,0,0,0,0,0,0,1,0
9516,1962,1,0,0,0,0,0,1,0,0,0
9516,1963,5,5,0,0,0,0,0,0,1,0
9556,1963,1,0,0,0,0,0,0,1,0,0
9556,1965,3,2,0,0,0,0,1,0,2,0
9556,1967,1,1,1,0,0,0,0,0,0,0
9556,1969,1,0,0,0,0,0,1,0,0,0
9574,1962,8,7,4,1,0,0,1,0,0,0
9574,1963,3,3,1,0,0,0,0,0,1,0
9574,1964,10,10,1,0,0,0,0,0,1,0
9574,1965,9,9,3,1,0,0,0,0,1,0
9574,1966,4,4,0,0,0,0,0,0,1,0
9602,1964,1,1,0,0,0,0,0,0,0,0
9720,1962,5,5,1,0,0,0,0,0,2,0
9720,1963,7,7,3,1,0,0,0,0,3,0
9720,1964,6,6,2,0,0,1,0,0,2,0
9720,1965,8,8,3,1,0,0,0,0,2,0
9720,1966,4,4,0,0,0,0,0,0,0,0
9730,1964,2,2,0,0,0,0,0,0,1,0
9731,1962,6,6,3,0,0,0,0,0,3,0
9731,1963,4,3,1,0,0,0,1,0,0,0
9731,1964,3,3,1,0,0,0,0,0,1,0
9731,1965,5,4,2,0,1,0,1,0,0,0
9731,1966,1,1,0,0,0,0,0,0,0,0
9732,1966,4,3,1,0,0,1,1,0,2,0
9760,1962,2,2,1,0,1,0,0,0,1,0
9760,1963,1,1,0,0,0,0,0,0,0,0
9760,1964,9,9,2,0,0,1,0,0,2,0
9760,1965,4,3,1,0,1,0,1,0,1,0
9760,1966,1,1,0,0,0,0,0,0,1,0
9855,1967,1,1,0,0,0,0,0,0,0,0
9855,1969,4,4,1,1,0,0,0,0,0,0
9870,1962,10,7,3,0,1,0,2,0,1,1
9870,1963,7,5,3,0,0,0,1,0,1,0
9870,1964,3,3,1,0,1,0,0,0,1,0
9870,1965,1,1,1,0,0,0,0,0,0,0
9870,1966,2,2,0,0,0,0,0,0,0,0
9870,1969,1,1,0,0,0,0,0,0,0,0
9877,1962,5,4,0,0,0,0,1,0,3,0
9877,1963,5,4,1,0,0,0,1,0,3,0
9877,1964,3,3,1,1,0,0,0,0,2,0
9877,1965,1,1,0,0,0,0,0,0,0,0
9877,1966,2,2,0,0,0,0,0,0,2,0
9913,1965,3,3,0,0,0,0,0,0,1,0
9913,1966,4,4,0,0,0,0,0,0,1,0
9913,1969,1,1,1,0,0,0,0,0,0,0
9939,1965,1,1,0,0,0,0,0,0,1,0
9948,1967,1,1,0,0,0,0,0,0,0,0
9951,1969,1,1,1,1,0,0,0,0,0,0
10012,1969,1,1,0,0,0,0,0,0,0,0
10058,1966,1,1,0,0,0,0,0,0,0,0
10058,1969,4,3,0,0,0,0,1,0,0,0
10084,1962,1,1,0,0,0,0,0,0,1,0
10084,1963,6,6,1,0,0,0,0,0,2,0
10086,1963,1,1,0,0,0,0,0,0,1,0
10114,1964,3,3,0,0,0,0,0,0,1,0
10114,1965,4,4,1,0,0,0,0,0,1,0
10114,1966,1,0,0,0,0,0,0,0,0,0
10191,1966,3,3,0,0,0,0,0,0,2,0
10193,1969,1,1,0,0,0,0,0,0,0,0
10226,1969,1,1,1,0,0,0,0,0,0,0
10241,1963,2,1,0,0,0,0,1,0,0,0
10241,1964,4,4,0,0,0,0,0,0,2,0
10241,1965,3,3,0,0,0,0,0,0,1,0
10241,1966,2,2,1,0,0,0,0,0,0,0
10241,1967,1,0,0,0,0,0,1,0,0,0
10255,1969,1,1,0,0,0,0,0,0,1,0
10256,1963,2,2,0,0,0,0,0,0,2,0
10256,1964,1,1,0,0,0,0,0,0,1,0
10278,1962,2,2,0,0,0,0,0,0,1,0
10284,1965,3,2,1,1,0,0,1,0,1,0
10284,1966,3,3,2,1,0,0,0,0,0,0
10284,1967,2,2,1,0,0,0,0,0,0,0
10307,1962,3,3,2,1,0,0,0,0,1,0
10307,1963,1,1,0,0,0,0,0,0,1,0
10307,1965,2,2,1,0,0,0,0,0,1,0
10325,1967,1,1,0,0,0,0,0,0,0,0
10335,1967,1,0,0,0,0,0,1,0,0,0
10369,1966,1,1,0,0,0,0,0,0,0,0
10380,1966,4,4,1,0,0,0,0,0,0,0
10380,1969,3,3,0,0,0,0,0,0,0,0
10429,1963,1,1,0,0,0,0,0,0,1,0
10429,1964,1,1,0,0,0,0,0,0,1,0
10448,1967,1,1,0,0,0,0,0,0,0,0
10490,1969,1,1,0,0,0,0,0,0,0,0
10494,1969,1,1,0,0,0,0,0,0,0,0
10563,1965,1,1,0,0,0,0,0,0,0,0
10584,1962,6,4,1,0,0,0,1,1,2,0
10584,1963,4,4,1,0,0,0,0,0,0,0
10584,1964,6,5,0,0,0,0,1,0,1,0
10584,1965,7,6,1,0,0,0,1,0,1,0
10584,1966,4,3,0,0,0,0,1,0,1,0
10584,1967,2,0,0,0,0,0,2,0,0,0
10586,1969,2,2,0,0,0,0,0,0,0,0
10616,1964,1,1,0,0,0,0,0,0,1,0
10616,1965,1,1,0,0,0,0,0,0,1,0
10648,1969,1,1,1,0,0,0,0,0,0,0
10660,1962,8,7,1,0,0,0,0,0,4,1
10660,1964,5,5,2,0,0,0,0,0,3,0
10660,1965,3,2,1,0,0,0,0,0,0,1
10691,1962,5,4,1,0,0,0,1,0,0,0
10691,1963,3,3,1,0,0,1,0,0,0,0
10691,1964,2,2,0,0,0,0,0,0,2,0
10729,1963,2,2,0,0,0,0,0,0,2,0
10729,1966,3,3,1,0,0,0,0,0,0,0
10767,1969,2,2,0,0,0,0,0,0,0,0
10778,1964,9,9,5,0,1,0,0,0,1,0
10778,1965,4,3,1,0,1,0,1,0,0,0
10778,1966,3,3,0,0,0,0,0,0,1,0
10778,1969,1,1,1,1,0,0,0,0,0,0
10813,1962,4,4,2,1,0,1,0,0,1,0
10813,1963,5,4,1,0,0,0,1,0,1,0
10813,1964,2,1,0,0,0,0,1,0,0,0
10813,1965,4,4,1,0,0,0,0,0,0,0
10813,1966,1,1,0,0,0,0,0,0,0,0
10850,1967,1,1,0,0,0,0,0,0,0,0
10874,1969,1,1,0,0,0,0,0,0,0,0
10923,1967,1,1,0,0,0,0,0,0,0,0
10939,1966,5,4,0,0,0,0,1,0,1,0
10959,1965,1,1,1,0,0,0,0,0,0,0
10965,1964,2,2,1,0,0,0,0,0,0,0
10965,1966,4,3,1,0,0,0,1,0,0,0
10976,1969,1,0,0,0,0,0,1,0,0,0
10983,1967,1,0,0,0,0,0,1,0,0,0
11007,1963,1,1,0,0,0,0,0,0,1,0
11013,1963,1,1,0,0,0,0,0,0,0,0
11013,1964,3,2,1,0,0,0,0,1,0,0
11043,1969,1,0,0,0,0,0,1,0,0,0
11053,1962,1,1,0,0,0,0,0,0,1,0
11068,1964,1,0,0,0,0,0,0,0,0,0
11080,1966,1,1,1,1,0,0,0,0,0,0
11080,1969,1,1,0,0,0,0,0,0,0,0
11089,1965,2,2,0,0,0,0,0,0,1,0
11143,1963,1,0,0,0,0,0,0,0,0,0
11155,1969,1,1,0,0,0,0,0,0,0,0
11164,1962,4,4,1,0,0,0,0,0,1,0
11164,1963,2,2,0,0,0,0,0,0,1,0
11165,1967,1,0,0,0,0,0,1,0,0,0
11185,1969,1,1,0,0,0,0,0,0,1,0
11223,1967,2,2,0,0,0,0,0,0,0,0
11223,1969,2,2,1,0,0,0,0,0,0,0
11243,1965,1,1,0,0,0,0,0,0,1,0
11246,1966,1,1,0,0,0,0,0,0,0,0
11264,1962,6,6,1,0,0,0,0,0,0,0
11264,1965,2,2,1,0,0,0,0,0,0,0
11264,1966,1,1,0,0,0,0,0,0,0,0
11267,1962,1,1,0,0,0,0,0,0,1,0
11267,1963,4,2,0,0,0,0,1,0,1,0
11303,1969,2,2,1,0,0,0,0,0,1,0
11309,1969,1,1,1,0,0,1,0,0,0,0
11323,1967,1,0,0,0,0,0,1,0,0,0
11323,1969,4,3,1,0,0,0,0,0,0,0
11347,1962,2,0,0,0,0,0,0,0,0,0
11348,1969,1,1,0,0,0,0,0,0,1,0
11362,1964,1,1,0,0,0,0,0,0,0,0
11420,1962,2,2,1,1,0,0,0,0,0,0
11420,1963,2,2,0,0,0,0,0,0,1,0
11420,1964,2,2,0,0,0,0,0,0,2,0
11420,1966,1,0,0,0,0,0,1,0,0,0
11420,1969,3,3,0,0,0,0,0,0,1,0
11433,1962,3,2,1,0,0,0,1,0,0,0
11433,1963,4,4,1,0,0,0,0,0,1,0
11433,1964,3,3,0,0,0,0,0,0,1,0
11480,1965,1,1,0,0,0,0,0,0,1,0
11546,1962,5,4,2,0,0,0,0,0,0,1
11546,1964,4,4,0,0,0,0,0,0,2,0
11551,1969,3,3,1,0,0,0,0,0,0,0
11574,1966,3,3,0,0,0,0,0,0,1,0
11593,1962,7,5,3,0,0,0,1,0,0,1
11593,1963,3,3,1,0,0,0,0,0,1,0
11593,1964,9,6,2,0,0,0,2,1,2,0
11593,1965,8,8,1,0,1,0,0,0,0,0
11593,1966,4,2,1,0,0,0,2,0,0,0
11597,1963,6,6,2,1,0,0,0,0,2,0
11652,1962,2,2,0,0,0,0,0,0,1,0
11662,1967,2,1,0,0,0,0,0,0,0,0
11667,1966,2,1,1,0,0,0,1,0,0,0
11677,1969,2,2,1,0,0,0,0,0,1,0
11725,1965,2,2,0,0,0,0,0,0,2,0
11733,1964,3,3,0,0,0,0,0,0,2,0
11733,1966,2,2,0,0,0,0,0,0,1,0
11845,1962,7,7,2,1,0,0,0,0,1,0
11845,1963,10,9,1,0,0,1,1,0,1,0
11845,1964,3,3,0,0,0,0,0,0,2,0
11845,1965,4,4,2,0,0,0,0,0,0,0
11845,1966,4,3,0,0,0,0,1,0,0,0
11932,1962,2,2,0,0,0,0,0,0,1,0
11932,1963,3,3,0,0,0,0,0,0,0,0
11932,1964,8,7,0,0,0,0,1,0,3,0
11932,1965,6,5,1,0,0,0,1,0,1,0
11932,1966,1,1,0,0,0,0,0,0,0,0
12039,1963,5,4,1,0,0,1,1,0,3,0
12039,1964,4,3,0,0,0,0,1,0,2,0
12039,1965,6,5,2,1,0,1,0,1,1,0
12039,1966,1,1,0,0,0,0,0,0,1,0
12039,1969,1,1,0,0,0,0,0,0,1,0
12073,1969,3,2,0,0,0,0,0,1,1,0
12128,1963,1,1,1,0,0,0,0,0,0,0
12128,1964,1,0,0,0,0,0,0,0,0,0
12128,1966,1,1,0,0,0,0,0,0,0,0
12128,1969,1,1,0,0,0,0,0,0,0,0
12165,1963,4,4,0,0,0,0,0,0,2,0
12165,1964,7,5,1,0,0,0,1,0,1,1
12165,1965,2,1,0,0,0,0,1,0,0,0
12165,1966,5,4,3,1,0,0,0,0,0,1
12167,1962,4,4,1,0,0,0,0,0,1,0
12167,1963,3,3,0,0,0,0,0,0,0,0
12215,1963,6,6,1,0,0,1,0,0,4,0
12215,1964,6,4,1,1,0,0,1,1,2,0
12215,1965,7,7,3,0,0,2,0,0,0,0
12215,1966,1,1,0,0,0,0,0,0,0,0
12233,1965,2,2,1,0,0,0,0,0,0,0
12233,1966,4,2,0,0,0,0,2,0,0,0
12233,1969,1,1,0,0,0,0,0,0,0,0
12269,1963,3,3,0,0,0,0,0,0,2,0
12269,1964,1,1,0,0,0,0,0,0,0,0
12269,1965,2,1,0,0,0,0,1,0,1,0
12306,1962,1,0,0,0,0,0,1,0,0,0
12318,1964,2,2,0,0,0,0,0,0,1,0
12340,1969,1,1,0,0,0,0,0,0,0,0
12375,1966,1,0,0,0,0,0,1,0,0,0
12412,1967,1,1,0,0,0,0,0,0,0,0
12434,1967,1,1,0,0,0,0,0,0,1,0
12464,1966,1,1,0,0,0,0,0,0,0,0
12490,1962,5,4,0,0,0,0,1,0,3,0
12490,1963,6,5,0,0,0,0,1,0,2,0
12490,1964,1,1,0,0,0,0,0,0,0,0
12504,1967,2,1,0,0,0,0,1,0,1,0
12504,1969,1,1,0,0,0,0,0,0,1,0
12514,1965,1,1,0,0,0,0,0,0,1,0
12542,1964,1,0,0,0,0,0,0,0,0,0
12547,1967,1,1,1,1,0,0,0,0,0,0
12547,1969,3,2,0,0,0,0,1,0,2,0
12564,1966,5,5,2,2,0,0,0,0,1,0
12564,1969,4,3,2,1,0,1,1,0,0,0
12660,1963,2,2,2,1,0,0,0,0,0,0
12660,1964,7,7,0,0,0,0,0,0,4,0
12660,1965,2,2,0,0,0,0,0,0,1,0
12664,1962,1,1,0,0,0,0,0,0,0,0
12664,1963,1,1,0,0,0,0,0,0,0,0
12664,1965,1,1,0,0,0,0,0,0,1,0
12669,1962,3,2,0,0,0,0,1,0,1,0
