188,2017,2,2,2,1,0,1,0,0,0,0
268,2017,1,1,0,0,0,0,0,0,0,0
348,2017,1,1,0,0,0,0,0,0,0,0
448,2017,1,1,0,0,0,0,0,0,0,0
486,2017,3,3,0,0,0,0,0,0,0,0
1467,2017,3,3,1,0,0,0,0,0,1,0
2746,2017,1,1,0,0,0,0,0,0,0,0
3636,2017,1,1,0,0,0,0,0,0,0,0
4154,2017,1,1,1,0,0,1,0,0,0,0
4170,2017,1,1,0,0,0,0,0,0,1,0
4268,2017,1,1,0,0,0,0,0,0,0,0
4274,2017,1,1,1,0,0,1,0,0,0,0
4609,2017,2,2,0,0,0,0,0,0,1,0
4634,2017,2,2,0,0,0,0,0,0,2,0
4891,2017,1,1,0,0,0,0,0,0,0,0
4969,2017,2,2,0,0,0,0,0,0,0,0
5455,2017,2,2,0,0,0,0,0,0,1,0
6225,2017,1,1,0,0,0,0,0,0,1,0
6378,2017,1,1,0,0,0,0,0,0,0,0
6432,2017,1,1,0,0,0,0,0,0,0,0
6940,2017,1,1,1,0,0,0,0,0,0,0
7847,2017,1,0,0,0,0,0,0,0,0,1
8107,2017,1,1,1,0,0,0,0,0,0,0
8904,2017,1,1,1,0,0,0,0,0,0,0
9013,2017,1,1,1,0,0,0,0,0,0,0
9064,2017,1,1,1,1,0,0,0,0,0,0
9085,2017,1,1,0,0,0,0,0,0,1,0
9232,2017,1,1,0,0,0,0,0,0,0,0
9499,2017,1,1,0,0,0,0,0,0,0,0
9663,2017,2,2,1,0,0,0,0,0,0,0
9668,2017,2,1,1,0,0,1,1,0,0,0
10366,2017,1,1,1,0,0,1,0,0,0,0
10823,2017,1,1,0,0,0,0,0,0,0,0
11111,2017,1,1,0,0,0,0,0,0,0,0
11301,2017,1,1,0,0,0,0,0,0,0,0
11313,2017,1,1,0,0,0,0,0,0,0,0
11643,2017,1,1,0,0,0,0,0,0,0,0
11651,2017,2,2,0,0,0,0,0,0,1,0
11698,2017,1,1,1,1,0,0,0,0,0,0
12468,2017,1,1,1,0,0,0,0,0,0,0
12672,2017,2,2,1,0,0,0,0,0,1,0
