29,2025,2,2,0,0,0,0,0,0,2,0
95,2021,2,2,1,0,0,1,0,0,0,0
101,2021,1,1,0,0,0,0,0,0,1,0
114,2022,1,1,0,0,0,0,0,0,0,0
117,2025,1,1,1,0,0,1,0,0,0,0
136,2024,1,1,0,0,0,0,0,0,1,0
199,2022,1,1,0,0,0,0,0,0,0,0
212,2024,2,2,0,0,0,0,0,0,1,0
212,2025,2,2,0,0,0,0,0,0,1,0
223,2025,1,1,0,0,0,0,0,0,0,0
228,2021,1,1,0,0,0,0,0,0,1,0
240,2024,1,0,0,0,0,0,1,0,0,0
265,2021,1,1,0,0,0,0,0,0,0,0
316,2024,1,1,0,0,0,0,0,0,0,0
322,2025,1,1,0,0,0,0,0,0,0,0
352,2022,1,1,0,0,0,0,0,0,1,0
356,2025,2,2,1,0,0,0,0,0,0,0
378,2024,1,1,0,0,0,0,0,0,1,0
378,2025,2,1,0,0,0,0,1,0,1,0
379,2024,1,1,0,0,0,0,0,0,0,0
480,2025,2,2,0,0,0,0,0,0,1,0
486,2025,1,1,0,0,0,0,0,0,0,0
504,2025,1,1,0,0,0,0,0,0,0,0
536,2025,1,1,0,0,0,0,0,0,1,0
554,2025,1,1,0,0,0,0,0,0,0,0
599,2025,2,2,1,1,0,0,0,0,1,0
616,2022,2,2,1,0,0,0,0,0,0,0
671,2022,2,2,0,0,0,0,0,0,2,0
671,2023,1,0,0,0,0,0,0,1,0,0
707,2025,1,0,0,0,0,0,1,0,0,0
803,2022,1,0,0,0,0,0,1,0,0,0
803,2025,2,2,1,0,1,0,0,0,1,0
817,2022,1,0,0,0,0,0,1,0,0,0
817,2024,1,1,0,0,0,0,0,0,0,0
849,2024,2,2,0,0,0,0,0,0,2,0
849,2025,1,1,1,0,0,0,0,0,0,0
909,2024,1,1,0,0,0,0,0,0,0,0
929,2022,2,1,0,0,0,0,1,0,0,0
929,2025,1,1,0,0,0,0,0,0,0,0
941,2025,2,2,0,0,0,0,0,0,0,0
1029,2024,1,1,0,0,0,0,0,0,1,0
1067,2025,1,1,0,0,0,0,0,0,1,0
1076,2022,2,2,0,0,0,0,0,0,0,0
1076,2025,2,2,0,0,0,0,0,0,1,0
1227,2021,1,1,1,0,0,1,0,0,0,0
1279,2024,1,1,0,0,0,0,0,0,0,0
1288,2024,1,1,0,0,0,0,0,0,1,0
1307,2024,1,1,1,1,0,0,0,0,0,0
1444,2024,1,1,1,0,0,0,0,0,0,0
1535,2024,1,1,0,0,0,0,0,0,1,0
1535,2025,2,2,0,0,0,0,0,0,0,0
1593,2025,2,2,0,0,0,0,0,0,1,0
1607,2021,1,1,0,0,0,0,0,0,0,0
1620,2024,1,1,0,0,0,0,0,0,0,0
1620,2025,3,3,1,0,0,0,0,0,0,0
1626,2025,1,1,1,1,0,0,0,0,0,0
1639,2024,1,1,0,0,0,0,0,0,1,0
1642,2021,2,1,0,0,0,0,1,0,1,0
1658,2025,2,2,1,0,0,0,0,0,1,0
1677,2021,1,1,0,0,0,0,0,0,0,0
1726,2024,1,1,0,0,0,0,0,0,0,0
1742,2024,1,1,0,0,0,0,0,0,1,0
1746,2022,1,1,0,0,0,0,0,0,0,0
1761,2025,1,1,1,0,0,0,0,0,0,0
1776,2024,1,1,0,0,0,0,0,0,0,0
1793,2021,1,1,0,0,0,0,0,0,1,0
1793,2022,1,1,0,0,0,0,0,0,0,0
1813,2021,1,1,0,0,0,0,0,0,0,0
1822,2024,1,1,0,0,0,0,0,0,0,0
1841,2025,1,1,0,0,0,0,0,0,0,0
1856,2024,1,1,0,0,0,0,0,0,0,0
1911,2022,1,1,0,0,0,0,0,0,1,0
1911,2024,1,0,0,0,0,0,0,1,0,0
1911,2025,1,1,1,0,0,0,0,0,0,0
1926,2024,1,1,0,0,0,0,0,0,1,0
1926,2025,1,1,1,0,0,0,0,0,0,0
1992,2025,1,1,0,0,0,0,0,0,1,0
2012,2022,1,1,0,0,0,0,0,0,1,0
2036,2021,4,3,3,0,0,0,0,0,0,0
2036,2025,2,2,0,0,0,0,0,0,1,0
2073,2025,1,1,0,0,0,0,0,0,0,0
2106,2025,1,0,0,0,0,0,0,1,0,0
2140,2024,3,2,1,1,0,0,1,0,0,0
2140,2025,2,2,1,1,0,0,0,0,0,0
2142,2025,2,2,0,0,0,0,0,0,1,0
2262,2023,1,1,0,0,0,0,0,0,0,0
2262,2025,1,1,0,0,0,0,0,0,0,0
2312,2021,3,2,0,0,0,0,1,0,1,0
2356,2025,1,1,1,0,0,0,0,0,0,0
2364,2025,1,1,0,0,0,0,0,0,0,0
2403,2024,3,3,0,0,0,0,0,0,1,0
2403,2025,3,3,2,1,0,1,0,0,1,0
2430,2021,2,2,1,1,0,0,0,0,0,0
2430,2023,1,1,0,0,0,0,0,0,1,0
2435,2024,1,1,1,1,0,0,0,0,0,0
2435,2025,2,1,0,0,0,0,1,0,1,0
2447,2025,1,1,0,0,0,0,0,0,1,0
2487,2025,1,1,0,0,0,0,0,0,0,0
2509,2022,1,1,0,0,0,0,0,0,0,0
2510,2025,1,0,0,0,0,0,0,0,0,1
2602,2025,1,1,0,0,0,0,0,0,0,0
2655,2021,1,0,0,0,0,0,0,0,0,1
2655,2022,1,0,0,0,0,0,1,0,0,0
2746,2022,2,2,1,0,0,1,0,0,1,0
2746,2024,2,2,0,0,0,0,0,0,1,0
2746,2025,1,1,0,0,0,0,0,0,1,0
2747,2025,1,1,0,0,0,0,0,0,1,0
2752,2024,1,1,1,0,0,0,0,0,0,0
2752,2025,1,1,1,1,0,0,0,0,0,0
2787,2024,1,1,0,0,0,0,0,0,0,0
2862,2025,2,2,0,0,0,0,0,0,2,0
2877,2025,1,1,0,0,0,0,0,0,1,0
2880,2021,1,1,0,0,0,0,0,0,1,0
2899,2024,2,2,0,0,0,0,0,0,1,0
2899,2025,2,2,0,0,0,0,0,0,1,0
2905,2021,2,2,0,0,0,0,0,0,1,0
2975,2025,2,2,1,0,0,0,0,0,1,0
3057,2021,1,1,0,0,0,0,0,0,0,0
3064,2021,1,0,0,0,0,0,0,0,0,1
3064,2024,1,1,0,0,0,0,0,0,0,0
3064,2025,1,1,1,0,0,1,0,0,0,0
3082,2021,3,3,1,1,0,0,0,0,2,0
3125,2025,3,2,0,0,0,0,1,0,2,0
3132,2025,1,1,0,0,0,0,0,0,0,0
3142,2021,3,3,1,0,0,1,0,0,0,0
3190,2021,1,1,0,0,0,0,0,0,0,0
3190,2022,1,1,0,0,0,0,0,0,0,0
3190,2024,1,1,0,0,0,0,0,0,1,0
3203,2024,1,1,1,0,0,0,0,0,0,0
3240,2021,1,1,0,0,0,0,0,0,1,0
3304,2025,2,2,0,0,0,0,0,0,0,0
3310,2021,1,1,0,0,0,0,0,0,0,0
3310,2022,1,1,0,0,0,0,0,0,0,0
3348,2022,2,2,0,0,0,0,0,0,1,0
3348,2023,1,1,0,0,0,0,0,0,1,0
3386,2024,1,1,0,0,0,0,0,0,1,0
3452,2025,1,1,0,0,0,0,0,0,0,0
3554,2025,1,1,0,0,0,0,0,0,1,0
3569,2021,1,1,0,0,0,0,0,0,0,0
3592,2022,1,1,0,0,0,0,0,0,0,0
3592,2023,1,1,0,0,0,0,0,0,0,0
3640,2025,1,1,0,0,0,0,0,0,0,0
3675,2025,1,0,0,0,0,0,1,0,0,0
3697,2025,2,2,1,0,0,0,0,0,0,0
3705,2025,1,1,1,0,0,0,0,0,0,0
3713,2025,1,1,0,0,0,0,0,0,1,0
3719,2022,2,2,2,2,0,0,0,0,0,0
3738,2025,1,1,0,0,0,0,0,0,0,0
3757,2024,1,1,0,0,0,0,0,0,1,0
3841,2022,1,1,0,0,0,0,0,0,0,0
3855,2021,1,1,1,0,0,0,0,0,0,0
3857,2025,3,2,0,0,0,0,0,1,1,0
3890,2024,1,1,0,0,0,0,0,0,0,0
3894,2024,1,1,0,0,0,0,0,0,0,0
3947,2024,1,1,0,0,0,0,0,0,1,0
3947,2025,1,0,0,0,0,0,1,0,0,0
4044,2025,1,1,0,0,0,0,0,0,0,0
4068,2024,1,1,0,0,0,0,0,0,0,0
4068,2025,1,0,0,0,0,0,0,0,0,1
4126,2022,1,1,1,0,0,1,0,0,0,0
4126,2025,2,2,0,0,0,0,0,0,1,0
4179,2022,2,2,0,0,0,0,0,0,1,0
4193,2024,1,1,0,0,0,0,0,0,0,0
4206,2025,1,1,0,0,0,0,0,0,0,0
4218,2024,1,1,1,0,0,0,0,0,0,0
4335,2021,1,1,1,0,0,0,0,0,0,0
4335,2022,1,1,1,0,0,0,0,0,0,0
4346,2024,1,1,0,0,0,0,0,0,1,0
4368,2024,1,1,0,0,0,0,0,0,0,0
4368,2025,1,1,1,0,0,0,0,0,0,0
4369,2024,1,1,1,0,0,0,0,0,0,0
4418,2024,2,2,1,0,0,0,0,0,0,0
4418,2025,3,1,0,0,0,0,2,0,1,0
4427,2022,1,1,1,0,0,0,0,0,0,0
4442,2024,2,2,0,0,0,0,0,0,1,0
4442,2025,2,2,1,0,0,0,0,0,0,0
4609,2025,2,2,1,0,0,1,0,0,1,0
4634,2022,1,1,0,0,0,0,0,0,0,0
4634,2024,1,1,1,1,0,0,0,0,0,0
4740,2022,1,1,1,0,0,0,0,0,0,0
4746,2025,1,1,0,0,0,0,0,0,1,0
4775,2025,1,1,0,0,0,0,0,0,0,0
4787,2024,1,1,1,0,0,1,0,0,0,0
4787,2025,1,1,1,0,0,0,0,0,0,0
4818,2024,1,1,0,0,0,0,0,0,0,0
4818,2025,3,3,0,0,0,0,0,0,1,0
4883,2022,1,1,1,1,0,0,0,0,0,0
4891,2024,1,1,1,0,0,0,0,0,0,0
4927,2024,1,1,0,0,0,0,0,0,1,0
4940,2025,1,1,0,0,0,0,0,0,0,0
4947,2022,2,2,0,0,0,0,0,0,1,0
4985,2025,1,1,0,0,0,0,0,0,1,0
4987,2025,1,1,0,0,0,0,0,0,0,0
5067,2025,2,2,2,1,1,0,0,0,0,0
5099,2024,2,1,0,0,0,0,1,0,0,0
5099,2025,2,2,0,0,0,0,0,0,0,0
5156,2024,1,1,0,0,0,0,0,0,0,0
5159,2022,1,1,1,0,0,0,0,0,0,0
5159,2025,1,1,0,0,0,0,0,0,0,0
5169,2025,1,1,0,0,0,0,0,0,0,0
5328,2021,1,1,0,0,0,0,0,0,0,0
5337,2024,1,1,0,0,0,0,0,0,0,0
5337,2025,1,1,0,0,0,0,0,0,0,0
5358,2025,1,1,0,0,0,0,0,0,1,0
5387,2025,1,1,0,0,0,0,0,0,1,0
5436,2022,1,0,0,0,0,0,1,0,0,0
5439,2024,2,2,0,0,0,0,0,0,1,0
5500,2024,4,4,0,0,0,0,0,0,1,0
5512,2024,1,1,0,0,0,0,0,0,1,0
5650,2025,2,2,0,0,0,0,0,0,2,0
5698,2025,2,2,0,0,0,0,0,0,0,0
5700,2024,1,1,1,0,0,0,0,0,0,0
5704,2025,1,0,0,0,0,0,1,0,0,0
5771,2025,1,1,1,0,0,1,0,0,0,0
5779,2025,1,1,0,0,0,0,0,0,1,0
5818,2024,1,1,1,0,0,0,0,0,0,0
5834,2025,2,2,0,0,0,0,0,0,1,0
5887,2025,1,0,0,0,0,0,0,1,0,0
5920,2024,2,1,0,0,0,0,1,0,0,0
5920,2025,2,2,1,0,0,1,0,0,0,0
5968,2021,1,1,0,0,0,0,0,0,0,0
5968,2022,1,1,1,0,0,0,0,0,0,0
5968,2025,1,1,0,0,0,0,0,0,0,0
6028,2025,2,1,1,0,0,0,0,1,0,0
6102,2025,1,1,0,0,0,0,0,0,1,0
6109,2025,2,2,0,0,0,0,0,0,1,0
6185,2024,1,1,0,0,0,0,0,0,0,0
6185,2025,1,1,0,0,0,0,0,0,1,0
6234,2025,3,2,0,0,0,0,1,0,2,0
6287,2024,1,1,0,0,0,0,0,0,1,0
6287,2025,1,1,1,0,0,0,0,0,0,0
6302,2025,1,1,1,0,0,0,0,0,0,0
6304,2024,1,0,0,0,0,0,1,0,0,0
6364,2024,2,2,0,0,0,0,0,0,1,0
6365,2021,1,1,1,0,0,0,0,0,0,0
6397,2025,3,3,0,0,0,0,0,0,1,0
6419,2025,1,1,1,0,0,0,0,0,0,0
6436,2022,1,1,0,0,0,0,0,0,0,0
6436,2025,1,1,0,0,0,0,0,0,1,0
6496,2021,1,1,0,0,0,0,0,0,0,0
6517,2024,1,1,0,0,0,0,0,0,0,0
6575,2025,1,1,0,0,0,0,0,0,1,0
6583,2025,2,2,1,0,0,1,0,0,1,0
6585,2021,1,1,0,0,0,0,0,0,0,0
6618,2024,1,1,0,0,0,0,0,0,1,0
6618,2025,1,0,0,0,0,0,0,1,0,0
6656,2024,1,1,0,0,0,0,0,0,1,0
6656,2025,1,1,0,0,0,0,0,0,0,0
6671,2022,2,2,1,0,0,0,0,0,0,0
6671,2024,1,1,0,0,0,0,0,0,1,0
6709,2025,2,2,0,0,0,0,0,0,0,0
6796,2024,1,1,0,0,0,0,0,0,1,0
6842,2025,1,1,0,0,0,0,0,0,0,0
6884,2025,1,1,1,0,0,0,0,0,0,0
6904,2024,1,1,0,0,0,0,0,0,0,0
6904,2025,2,2,0,0,0,0,0,0,0,0
6948,2021,1,0,0,0,0,0,1,0,0,0
6977,2021,2,0,0,0,0,0,1,0,0,0
6977,2022,1,1,0,0,0,0,0,0,0,0
6977,2025,1,1,0,0,0,0,0,0,1,0
6999,2024,1,1,0,0,0,0,0,0,0,0
7036,2021,1,1,0,0,0,0,0,0,1,0
7064,2025,1,1,0,0,0,0,0,0,0,0
7093,2025,1,1,0,0,0,0,0,0,1,0
7096,2024,1,1,0,0,0,0,0,0,1,0
7132,2021,1,1,0,0,0,0,0,0,1,0
7132,2022,1,0,0,0,0,0,0,1,0,0
7132,2024,1,1,0,0,0,0,0,0,1,0
7167,2025,1,1,0,0,0,0,0,0,1,0
7236,2025,1,1,0,0,0,0,0,0,0,0
7253,2021,1,1,1,0,0,0,0,0,0,0
7255,2025,1,0,0,0,0,0,1,0,0,0
7263,2025,1,1,0,0,0,0,0,0,0,0
7273,2025,3,3,0,0,0,0,0,0,2,0
7284,2021,1,0,0,0,0,0,1,0,0,0
7329,2025,1,1,0,0,0,0,0,0,0,0
7349,2024,1,1,0,0,0,0,0,0,0,0
7377,2024,1,1,0,0,0,0,0,0,0,0
7396,2022,1,0,0,0,0,0,1,0,0,0
7407,2025,1,1,0,0,0,0,0,0,0,0
7431,2025,1,1,0,0,0,0,0,0,0,0
7462,2021,1,1,0,0,0,0,0,0,1,0
7847,2022,1,1,1,0,0,0,0,0,0,0
7864,2021,1,1,0,0,0,0,0,0,0,0
7875,2025,1,1,0,0,0,0,0,0,1,0
7964,2025,2,2,1,0,0,0,0,0,0,0
8044,2024,1,1,0,0,0,0,0,0,0,0
8044,2025,1,1,0,0,0,0,0,0,0,0
8063,2024,1,1,1,0,0,0,0,0,0,0
8072,2022,1,1,0,0,0,0,0,0,0,0
8073,2025,1,1,0,0,0,0,0,0,0,0
8143,2025,1,1,0,0,0,0,0,0,1,0
8177,2025,1,1,0,0,0,0,0,0,0,0
8178,2021,1,1,0,0,0,0,0,0,0,0
8200,2024,2,2,1,0,0,0,0,0,0,0
8200,2025,1,0,0,0,0,0,1,0,0,0
8262,2022,1,1,0,0,0,0,0,0,0,0
8305,2021,1,1,0,0,0,0,0,0,1,0
8305,2025,1,1,0,0,0,0,0,0,1,0
8343,2022,2,1,0,0,0,0,1,0,1,0
8343,2025,2,0,0,0,0,0,2,0,0,0
8344,2025,1,1,0,0,0,0,0,0,0,0
8388,2024,1,1,0,0,0,0,0,0,0,0
8448,2024,1,1,0,0,0,0,0,0,0,0
8448,2025,3,2,0,0,0,0,1,0,1,0
8456,2021,1,1,0,0,0,0,0,0,0,0
8501,2025,1,1,0,0,0,0,0,0,0,0
8515,2022,1,1,0,0,0,0,0,0,0,0
8515,2025,1,1,0,0,0,0,0,0,0,0
8528,2025,1,1,0,0,0,0,0,0,0,0
8623,2025,1,1,1,0,0,1,0,0,0,0
8645,2025,1,1,0,0,0,0,0,0,1,0
8649,2025,2,2,0,0,0,0,0,0,2,0
8693,2025,2,2,1,0,0,1,0,0,0,0
8698,2025,1,1,0,0,0,0,0,0,0,0
8744,2024,1,1,1,0,0,0,0,0,0,0
8809,2025,1,1,0,0,0,0,0,0,1,0
8844,2024,1,1,0,0,0,0,0,0,0,0
8844,2025,2,2,1,0,0,0,0,0,1,0
8870,2021,2,2,2,0,0,0,0,0,0,0
8871,2021,1,1,0,0,0,0,0,0,1,0
8878,2025,1,1,0,0,0,0,0,0,0,0
8885,2024,1,1,1,0,0,0,0,0,0,0
8925,2024,1,1,0,0,0,0,0,0,1,0
9002,2024,1,1,0,0,0,0,0,0,1,0
9119,2024,1,1,0,0,0,0,0,0,0,0
9119,2025,2,1,1,0,0,0,1,0,0,0
9156,2021,1,1,0,0,0,0,0,0,1,0
9218,2024,1,1,0,0,0,0,0,0,1,0
9233,2022,1,1,0,0,0,0,0,0,1,0
9261,2025,2,2,0,0,0,0,0,0,1,0
9297,2025,2,2,1,0,0,0,0,0,1,0
9315,2024,2,1,0,0,0,0,1,0,0,0
9315,2025,1,1,0,0,0,0,0,0,1,0
9316,2024,1,1,0,0,0,0,0,0,0,0
9316,2025,1,0,0,0,0,0,0,0,0,0
9320,2025,1,1,1,0,0,0,0,0,0,0
9332,2024,1,1,0,0,0,0,0,0,0,0
9335,2024,2,2,0,0,0,0,0,0,0,0
9335,2025,1,1,0,0,0,0,0,0,0,0
9355,2024,2,2,0,0,0,0,0,0,0,0
9361,2025,2,2,0,0,0,0,0,0,0,0
9409,2025,1,1,0,0,0,0,0,0,1,0
9428,2025,2,2,1,0,0,0,0,0,1,0
9436,2021,1,1,1,0,0,0,0,0,0,0
9501,2024,1,1,0,0,0,0,0,0,1,0
9503,2025,1,0,0,0,0,0,1,0,0,0
9542,2022,1,1,1,1,0,0,0,0,0,0
9542,2025,1,1,0,0,0,0,0,0,0,0
9568,2025,2,1,0,0,0,0,1,0,0,0
9615,2025,2,2,0,0,0,0,0,0,1,0
9627,2022,2,2,0,0,0,0,0,0,1,0
9645,2024,1,1,0,0,0,0,0,0,1,0
9651,2024,1,1,0,0,0,0,0,0,1,0
9746,2024,1,1,1,0,0,0,0,0,0,0
9749,2025,2,1,0,0,0,0,1,0,0,0
9797,2024,2,2,0,0,0,0,0,0,2,0
9856,2021,1,1,0,0,0,0,0,0,1,0
9856,2024,1,1,0,0,0,0,0,0,0,0
9857,2021,1,1,0,0,0,0,0,0,0,0
9860,2024,1,1,0,0,0,0,0,0,0,0
9860,2025,1,1,0,0,0,0,0,0,0,0
9910,2021,1,1,0,0,0,0,0,0,0,0
9914,2024,1,1,0,0,0,0,0,0,0,0
9914,2025,3,3,0,0,0,0,0,0,2,0
10003,2022,1,1,0,0,0,0,0,0,0,0
10003,2023,1,1,0,0,0,0,0,0,0,0
10015,2022,1,1,0,0,0,0,0,0,0,0
10031,2025,1,1,0,0,0,0,0,0,0,0
10141,2024,1,0,0,0,0,0,0,0,0,0
10151,2025,1,1,1,0,0,0,0,0,0,0
10157,2024,1,1,0,0,0,0,0,0,1,0
10157,2025,2,2,0,0,0,0,0,0,1,0
10196,2025,1,1,1,1,0,0,0,0,0,0
10200,2024,1,1,0,0,0,0,0,0,1,0
10200,2025,2,1,0,0,0,0,1,0,0,0
10205,2024,1,1,1,0,0,0,0,0,0,0
10283,2025,3,2,0,0,0,0,1,0,0,0
10310,2025,1,0,0,0,0,0,0,1,0,0
10319,2024,1,1,0,0,0,0,0,0,1,0
10320,2025,1,1,0,0,0,0,0,0,1,0
10355,2025,2,1,1,0,0,0,0,1,0,0
10366,2022,2,2,0,0,0,0,0,0,0,0
10451,2025,1,1,0,0,0,0,0,0,1,0
10457,2024,1,1,0,0,0,0,0,0,1,0
10509,2025,2,2,1,0,0,0,0,0,0,0
10510,2021,1,1,0,0,0,0,0,0,1,0
10518,2024,1,1,1,1,0,0,0,0,0,0
10518,2025,1,1,0,0,0,0,0,0,1,0
10545,2024,1,1,0,0,0,0,0,0,0,0
10590,2021,2,2,1,0,0,0,0,0,1,0
10613,2025,1,1,0,0,0,0,0,0,0,0
10630,2024,1,1,0,0,0,0,0,0,1,0
10667,2021,1,0,0,0,0,0,1,0,0,0
10667,2022,1,1,0,0,0,0,0,0,0,0
10667,2024,3,3,1,0,0,0,0,0,2,0
10712,2025,2,2,1,0,0,0,0,0,1,0
10738,2025,2,1,1,1,0,0,1,0,0,0
10760,2021,1,1,0,0,0,0,0,0,1,0
10777,2024,1,1,1,0,0,0,0,0,0,0
10819,2025,2,2,1,0,0,0,0,0,1,0
10824,2024,1,1,0,0,0,0,0,0,1,0
10824,2025,1,1,0,0,0,0,0,0,0,0
10826,2021,2,1,0,0,0,0,0,0,1,1
10826,2024,1,1,0,0,0,0,0,0,1,0
10833,2025,1,1,1,1,0,0,0,0,0,0
10852,2021,1,1,0,0,0,0,0,0,0,0
10858,2025,1,1,1,0,0,0,0,0,0,0
10864,2022,1,1,0,0,0,0,0,0,0,0
10864,2025,1,1,0,0,0,0,0,0,0,0
10922,2025,3,1,0,0,0,0,2,0,1,0
10944,2025,1,1,0,0,0,0,0,0,1,0
10964,2025,2,2,0,0,0,0,0,0,2,0
10994,2024,1,1,0,0,0,0,0,0,1,0
10994,2025,1,0,0,0,0,0,1,0,0,0
11021,2024,1,1,0,0,0,0,0,0,1,0
11021,2025,1,1,0,0,0,0,0,0,1,0
11028,2024,1,1,1,1,0,0,0,0,0,0
11086,2024,1,1,0,0,0,0,0,0,1,0
11086,2025,1,1,0,0,0,0,0,0,0,0
11087,2022,2,2,0,0,0,0,0,0,0,0
11087,2025,1,1,1,0,0,1,0,0,0,0
11096,2024,2,2,0,0,0,0,0,0,2,0
11107,2025,1,1,0,0,0,0,0,0,0,0
11135,2022,2,2,0,0,0,0,0,0,0,0
11135,2024,1,1,0,0,0,0,0,0,1,0
11148,2025,3,3,1,0,0,0,0,0,0,0
11275,2025,1,1,0,0,0,0,0,0,0,0
11283,2021,1,0,0,0,0,0,1,0,0,0
11283,2025,1,1,0,0,0,0,0,0,1,0
11289,2024,1,1,0,0,0,0,0,0,0,0
11292,2025,1,0,0,0,0,0,1,0,0,0
11301,2022,2,2,0,0,0,0,0,0,1,0
11313,2025,1,1,0,0,0,0,0,0,1,0
11329,2025,1,1,0,0,0,0,0,0,1,0
11397,2025,1,1,0,0,0,0,0,0,0,0
11407,2025,1,1,0,0,0,0,0,0,1,0
11432,2021,1,1,0,0,0,0,0,0,0,0
11432,2024,2,2,0,0,0,0,0,0,1,0
11539,2025,1,1,0,0,0,0,0,0,1,0
11548,2025,1,1,0,0,0,0,0,0,1,0
11555,2021,1,1,0,0,0,0,0,0,0,0
11566,2025,1,1,0,0,0,0,0,0,0,0
11609,2025,3,3,0,0,0,0,0,0,2,0
11643,2024,1,0,0,0,0,0,1,0,0,0
11651,2022,1,1,0,0,0,0,0,0,0,0
11651,2024,1,1,1,0,0,1,0,0,0,0
11651,2025,1,1,1,1,0,0,0,0,0,0
11682,2021,1,0,0,0,0,0,1,0,0,0
11689,2021,1,1,1,0,0,0,0,0,0,0
11689,2025,1,1,0,0,0,0,0,0,1,0
11690,2025,3,2,1,1,0,0,0,1,1,0
11697,2025,1,1,1,0,0,0,0,0,0,0
11762,2021,1,1,0,0,0,0,0,0,0,0
11775,2025,1,1,0,0,0,0,0,0,0,0
11780,2021,2,1,0,0,0,0,1,0,1,0
11780,2024,1,1,0,0,0,0,0,0,0,0
11780,2025,3,3,1,0,0,1,0,0,0,0
11793,2024,2,1,0,0,0,0,1,0,0,0
11835,2024,1,1,0,0,0,0,0,0,0,0
11859,2025,1,1,0,0,0,0,0,0,0,0
11865,2022,1,1,0,0,0,0,0,0,0,0
11865,2023,1,0,0,0,0,0,1,0,0,0
11872,2021,1,1,0,0,0,0,0,0,1,0
11892,2025,1,1,1,0,0,0,0,0,0,0
11898,2021,1,0,0,0,0,0,1,0,0,0
11900,2021,1,0,0,0,0,0,1,0,0,0
11903,2024,1,1,0,0,0,0,0,0,1,0
11903,2025,3,3,0,0,0,0,0,0,3,0
11909,2021,1,1,0,0,0,0,0,0,0,0
11924,2023,2,1,0,0,0,0,1,0,1,0
11928,2025,2,2,1,0,0,0,0,0,0,0
11962,2021,2,1,1,0,0,0,1,0,0,0
11962,2025,1,0,0,0,0,0,1,0,0,0
11985,2021,1,1,0,0,0,0,0,0,1,0
11996,2025,1,1,1,0,0,0,0,0,0,0
12006,2021,1,1,0,0,0,0,0,0,1,0
12041,2021,1,1,0,0,0,0,0,0,0,0
12041,2025,2,2,0,0,0,0,0,0,1,0
12068,2025,1,1,0,0,0,0,0,0,1,0
12139,2025,1,1,0,0,0,0,0,0,1,0
12173,2025,2,2,1,0,0,0,0,0,1,0
12384,2025,1,1,0,0,0,0,0,0,1,0
12404,2025,1,1,1,0,0,0,0,0,0,0
12418,2024,1,1,0,0,0,0,0,0,0,0
12430,2023,2,2,0,0,0,0,0,0,0,0
12443,2024,1,1,1,0,0,0,0,0,0,0
12443,2025,1,1,0,0,0,0,0,0,1,0
12466,2025,1,1,0,0,0,0,0,0,0,0
12468,2021,1,1,0,0,0,0,0,0,0,0
12544,2022,1,1,0,0,0,0,0,0,0,0
12565,2021,2,2,1,1,0,0,0,0,0,0
12585,2024,1,1,0,0,0,0,0,0,0,0
12599,2025,1,0,0,0,0,0,0,0,0,1
12613,2024,1,1,0,0,0,0,0,0,0,0
12613,2025,1,1,0,0,0,0,0,0,0,0
