46,2026,1,1,0,0,0,0,0,0,0,0
77,2025,1,1,0,0,0,0,0,0,0,0
117,2026,1,1,0,0,0,0,0,0,0,0
298,2025,1,1,0,0,0,0,0,0,0,0
486,2025,1,1,0,0,0,0,0,0,0,0
536,2025,1,1,0,0,0,0,0,0,1,0
538,2026,1,1,1,0,0,0,0,0,0,0
864,2025,1,1,0,0,0,0,0,0,0,0
864,2026,1,1,0,0,0,0,0,0,1,0
1620,2026,1,1,0,0,0,0,0,0,0,0
2106,2026,1,1,0,0,0,0,0,0,0,0
2752,2025,1,1,0,0,0,0,0,0,0,0
2752,2026,1,1,1,0,0,0,0,0,0,0
2936,2025,1,1,0,0,0,0,0,0,1,0
3064,2026,1,1,1,0,0,0,0,0,0,0
3327,2025,1,1,0,0,0,0,0,0,1,0
3750,2025,2,2,2,0,0,0,0,0,0,0
3981,2026,2,2,0,0,0,0,0,0,1,0
4068,2026,1,0,0,0,0,0,0,0,0,0
4322,2025,2,2,1,0,0,0,0,0,0,0
4418,2026,2,2,1,0,0,0,0,0,0,0
4443,2025,1,0,0,0,0,0,1,0,0,0
4740,2026,1,1,0,0,0,0,0,0,0,0
4787,2025,1,1,0,0,0,0,0,0,1,0
4787,2026,1,1,1,0,0,0,0,0,0,0
5328,2025,1,1,0,0,0,0,0,0,0,0
5519,2025,2,1,0,0,0,0,1,0,0,0
5704,2025,1,1,0,0,0,0,0,0,0,0
5705,2025,1,1,0,0,0,0,0,0,0,0
5771,2025,1,1,0,0,0,0,0,0,0,0
5920,2026,1,0,0,0,0,0,0,0,0,1
6618,2026,1,1,0,0,0,0,0,0,1,0
6656,2026,1,1,1,0,0,0,0,0,0,0
6671,2025,1,1,1,0,0,0,0,0,0,0
7255,2025,1,1,1,0,0,0,0,0,0,0
7263,2025,2,1,1,0,0,1,1,0,0,0
7284,2026,1,1,0,0,0,0,0,0,0,0
7558,2026,1,1,0,0,0,0,0,0,1,0
7593,2026,1,1,1,0,0,0,0,0,0,0
7602,2026,1,1,0,0,0,0,0,0,0,0
7722,2026,1,1,0,0,0,0,0,0,1,0
7767,2026,1,1,0,0,0,0,0,0,0,0
7768,2026,1,1,0,0,0,0,0,0,1,0
7772,2026,1,1,1,0,0,0,0,0,0,0
8112,2026,1,1,0,0,0,0,0,0,0,0
8200,2026,1,1,0,0,0,0,0,0,0,0
8282,2025,1,1,1,0,0,0,0,0,0,0
8455,2025,1,1,0,0,0,0,0,0,1,0
8577,2025,1,1,0,0,0,0,0,0,0,0
8656,2025,1,1,0,0,0,0,0,0,0,0
8698,2025,1,1,0,0,0,0,0,0,0,0
8931,2025,1,1,0,0,0,0,0,0,0,0
9186,2025,1,1,1,0,0,0,0,0,0,0
9315,2026,1,1,0,0,0,0,0,0,0,0
9503,2025,2,2,1,0,0,0,0,0,0,0
9615,2026,1,1,0,0,0,0,0,0,0,0
9797,2026,2,2,1,0,0,0,0,0,0,0
10094,2025,1,1,1,1,0,0,0,0,0,0
10151,2026,1,1,0,0,0,0,0,0,1,0
10283,2025,1,1,0,0,0,0,0,0,0,0
10319,2026,1,1,0,0,0,0,0,0,0,0
10391,2025,1,1,0,0,0,0,0,0,0,0
10833,2025,2,1,0,0,0,0,0,1,0,0
10858,2025,1,1,0,0,0,0,0,0,0,0
10922,2026,2,2,1,0,0,0,0,0,0,0
10994,2025,1,1,0,0,0,0,0,0,1,0
10994,2026,2,2,0,0,0,0,0,0,1,0
10996,2026,1,0,0,0,0,0,1,0,0,0
11021,2025,1,1,0,0,0,0,0,0,1,0
11048,2026,1,1,0,0,0,0,0,0,0,0
11214,2025,1,1,1,0,0,0,0,0,0,0
11374,2025,1,1,1,0,0,0,0,0,0,0
11548,2025,1,1,0,0,0,0,0,0,0,0
11609,2025,2,2,0,0,0,0,0,0,0,0
11780,2026,2,2,0,0,0,0,0,0,0,0
11793,2025,1,1,1,0,0,0,0,0,0,0
11793,2026,1,1,0,0,0,0,0,0,0,0
11967,2025,1,1,1,0,0,0,0,0,0,0
12013,2026,1,1,0,0,0,0,0,0,0,0
12041,2025,1,1,1,0,0,1,0,0,0,0
12565,2026,1,1,1,0,0,1,0,0,0,0
12599,2026,1,1,0,0,0,0,0,0,1,0
