22,2008,3,3,0,0,0,0,0,0,0,0
22,2012,7,5,2,1,1,0,2,0,1,0
22,2014,3,2,1,0,0,0,1,0,0,0
26,2015,15,14,3,2,0,0,1,0,5,0
26,2016,9,8,3,0,0,0,1,0,0,0
27,2013,5,4,1,0,0,0,1,0,0,0
37,2012,7,7,1,0,0,0,0,0,2,0
61,2012,3,1,0,0,0,0,2,0,0,0
61,2013,2,2,0,0,0,0,0,0,0,0
61,2014,13,11,3,0,0,0,1,1,1,0
61,2015,3,1,0,0,0,0,2,0,0,0
61,2016,3,3,0,0,0,0,0,0,2,0
77,2020,1,1,0,0,0,0,0,0,1,0
95,2017,3,3,0,0,0,0,0,0,1,0
101,2017,3,3,0,0,0,0,0,0,2,0
101,2020,1,1,0,0,0,0,0,0,0,0
114,2015,2,2,0,0,0,0,0,0,1,0
120,2014,3,3,0,0,0,0,0,0,1,0
187,2015,5,5,1,0,0,1,0,0,1,0
187,2016,3,3,1,0,0,0,0,0,0,0
188,2019,2,1,0,0,0,0,1,0,0,0
195,2014,2,2,1,0,0,1,0,0,0,0
200,2016,4,3,0,0,0,0,1,0,0,0
200,2017,2,1,0,0,0,0,1,0,0,0
209,2017,3,3,1,0,0,0,0,0,0,0
212,2012,4,4,0,0,0,0,0,0,0,0
212,2015,3,3,3,0,0,0,0,0,0,0
212,2016,2,2,1,0,0,0,0,0,0,0
233,2010,3,3,0,0,0,0,0,0,1,0
233,2011,5,4,0,0,0,0,1,0,3,0
233,2012,5,2,0,0,0,0,3,0,1,0
233,2016,2,2,1,0,0,0,0,0,1,0
257,2008,3,3,1,0,0,0,0,0,1,0
257,2009,3,3,0,0,0,0,0,0,0,0
275,2005,1,1,0,0,0,0,0,0,0,0
275,2006,4,4,1,0,0,0,0,0,1,0
275,2007,3,2,0,0,0,0,0,0,0,1
291,2008,3,3,1,0,0,0,0,0,1,0
298,2016,7,6,2,0,0,0,0,0,2,0
304,2012,3,2,0,0,0,0,1,0,0,0
304,2015,6,4,2,0,0,0,2,0,0,0
304,2016,6,5,1,0,0,0,0,0,0,0
319,2008,3,2,0,0,0,0,1,0,1,0
319,2009,1,1,0,0,0,0,0,0,1,0
319,2010,2,1,0,0,0,0,1,0,1,0
319,2012,3,3,0,0,0,0,0,0,2,0
327,2012,6,5,1,1,0,0,1,0,0,0
327,2013,6,5,1,0,0,0,1,0,0,0
347,2015,6,6,1,0,0,1,0,0,1,0
347,2016,3,2,2,1,0,0,0,1,0,0
351,2013,3,2,0,0,0,0,1,0,2,0
352,2013,10,10,4,0,0,0,0,0,0,0
352,2014,3,2,0,0,0,0,1,0,0,0
357,2012,5,4,1,0,0,0,0,1,0,0
357,2013,2,1,0,0,0,0,0,0,0,1
382,2015,2,2,0,0,0,0,0,0,2,0
394,2014,3,3,1,0,0,1,0,0,1,0
421,2008,5,5,3,2,0,0,0,0,1,0
423,2008,3,3,1,0,0,1,0,0,0,0
435,2008,3,2,0,0,0,0,0,1,1,0
440,2016,2,2,0,0,0,0,0,0,2,0
448,2014,3,3,1,0,0,1,0,0,0,0
448,2015,6,5,1,1,0,0,1,0,3,0
460,2016,5,3,1,0,0,0,1,0,0,1
479,2008,1,1,0,0,0,0,0,0,0,0
486,2014,3,2,1,0,0,0,1,0,1,0
486,2017,3,2,1,0,0,0,1,0,0,0
486,2019,2,2,2,0,0,0,0,0,0,0
523,2008,6,4,1,0,0,1,2,0,1,0
524,2009,4,3,0,0,0,0,1,0,2,0
524,2014,7,4,0,0,0,0,2,0,1,1
546,2008,2,0,0,0,0,0,0,1,0,0
568,2008,1,1,0,0,0,0,0,0,0,0
582,2012,5,4,0,0,0,0,0,1,1,0
591,2009,3,2,1,1,0,0,0,1,0,0
615,2008,3,3,1,0,0,0,0,0,0,0
615,2010,2,2,1,0,0,0,0,0,1,0
615,2011,2,1,0,0,0,0,1,0,0,0
615,2012,5,5,3,0,0,0,0,0,2,0
618,2014,2,1,1,0,0,1,1,0,0,0
621,2011,9,9,4,0,0,0,0,0,1,0
621,2013,4,2,1,1,0,0,2,0,0,0
621,2014,4,4,3,0,0,0,0,0,0,0
621,2016,2,2,0,0,0,0,0,0,1,0
669,2007,3,3,1,0,0,0,0,0,0,0
698,2011,3,2,0,0,0,0,0,0,1,0
724,2008,4,3,1,1,0,0,1,0,0,0
724,2011,3,3,1,0,0,0,0,0,1,0
724,2013,3,3,0,0,0,0,0,0,1,0
724,2014,3,2,0,0,0,0,1,0,0,0
724,2015,6,6,1,1,0,0,0,0,0,0
726,2011,3,3,1,0,0,1,0,0,0,0
726,2012,4,3,1,1,0,0,1,0,1,0
727,2008,5,3,0,0,0,0,2,0,1,0
727,2013,1,1,0,0,0,0,0,0,1,0
759,2015,3,3,0,0,0,0,0,0,1,0
759,2016,3,3,1,0,0,0,0,0,0,0
762,2012,2,2,0,0,0,0,0,0,1,0
768,2016,3,3,0,0,0,0,0,0,1,0
768,2017,2,2,0,0,0,0,0,0,1,0
803,2017,3,3,0,0,0,0,0,0,1,0
816,2012,3,3,1,0,0,0,0,0,0,0
817,2017,1,1,1,1,0,0,0,0,0,0
824,2008,3,3,1,0,0,0,0,0,0,0
832,2005,1,1,0,0,0,0,0,0,0,0
832,2006,6,5,0,0,0,0,1,0,0,0
832,2007,3,3,1,0,0,0,0,0,0,0
832,2012,3,2,1,1,0,0,0,0,0,1
832,2015,3,3,0,0,0,0,0,0,0,0
832,2016,6,6,3,0,0,0,0,0,1,0
833,2012,4,4,1,0,0,0,0,0,2,0
833,2013,14,14,7,1,0,1,0,0,2,0
834,2008,3,3,1,0,0,0,0,0,0,0
834,2009,3,3,2,0,0,0,0,0,0,0
834,2012,6,6,2,0,0,0,0,0,0,0
834,2013,5,5,1,0,0,0,0,0,1,0
834,2015,3,3,0,0,0,0,0,0,0,0
849,2019,1,1,1,0,0,0,0,0,0,0
888,2008,6,4,1,1,0,0,2,0,2,0
888,2009,4,2,1,0,0,0,2,0,0,0
888,2011,6,5,2,0,0,1,1,0,0,0
895,2008,3,3,2,0,0,0,0,0,0,0
895,2010,2,2,0,0,0,0,0,0,1,0
895,2013,2,2,0,0,0,0,0,0,1,0
900,2005,1,1,1,0,0,1,0,0,0,0
921,2006,5,4,1,0,0,0,1,0,0,0
921,2011,6,6,2,0,0,1,0,0,1,0
921,2013,6,6,4,0,0,1,0,0,0,0
924,2014,1,1,0,0,0,0,0,0,1,0
929,2015,7,6,2,0,0,1,0,0,0,0
929,2016,3,2,2,1,0,1,1,0,0,0
929,2019,1,1,0,0,0,0,0,0,0,0
974,2019,1,1,0,0,0,0,0,0,1,0
979,2008,3,3,0,0,0,0,0,0,1,0
982,2013,5,5,0,0,0,0,0,0,0,0
982,2014,3,2,1,1,0,0,1,0,0,0
999,2006,1,0,0,0,0,0,1,0,0,0
999,2008,3,2,1,0,0,0,1,0,0,0
1002,2017,3,2,0,0,0,0,1,0,0,0
1006,2008,4,4,0,0,0,0,0,0,2,0
1006,2012,3,2,1,0,0,0,1,0,1,0
1006,2013,15,13,4,0,0,0,2,0,6,0
1008,2008,2,2,0,0,0,0,0,0,2,0
1012,2013,3,3,1,0,0,0,0,0,0,0
1012,2015,3,3,2,1,0,0,0,0,1,0
1042,2006,5,3,2,0,0,0,2,0,0,0
1042,2007,2,2,1,0,0,0,0,0,1,0
1042,2012,7,7,3,1,0,0,0,0,1,0
1042,2013,3,3,0,0,0,0,0,0,1,0
1048,2008,6,6,0,0,0,0,0,0,2,0
1048,2009,6,6,0,0,0,0,0,0,3,0
1048,2012,1,1,0,0,0,0,0,0,1,0
1060,2008,3,3,0,0,0,0,0,0,3,0
1067,2015,3,2,1,0,0,0,0,0,0,0
1067,2016,3,2,0,0,0,0,1,0,0,0
1067,2019,1,1,1,0,0,0,0,0,0,0
1074,2011,2,1,0,0,0,0,1,0,1,0
1074,2012,1,1,0,0,0,0,0,0,0,0
1074,2013,1,1,1,0,1,0,0,0,0,0
1101,2009,4,3,0,0,0,0,1,0,1,0
1101,2011,2,2,0,0,0,0,0,0,1,0
1101,2014,5,5,0,0,0,0,0,0,2,0
1101,2015,1,1,0,0,0,0,0,0,0,0
1123,2013,1,1,0,0,0,0,0,0,0,0
1157,2019,2,2,0,0,0,0,0,0,2,0
1168,2010,3,3,0,0,0,0,0,0,1,0
1169,2019,2,1,0,0,0,0,1,0,0,0
1171,2008,3,3,0,0,0,0,0,0,1,0
1171,2009,6,6,1,0,0,0,0,0,2,0
1171,2011,6,5,3,2,0,0,1,0,1,0
1171,2012,3,3,1,0,0,0,0,0,1,0
1171,2015,5,3,0,0,0,0,2,0,1,0
1172,2014,6,4,2,0,0,0,0,1,1,0
1172,2015,2,2,1,0,0,0,0,0,0,0
1191,2008,3,3,0,0,0,0,0,0,1,0
1227,2015,3,3,2,2,0,0,0,0,1,0
1227,2016,3,2,1,0,0,1,1,0,1,0
1227,2019,1,1,1,1,0,0,0,0,0,0
1231,2006,5,5,0,0,0,0,0,0,1,0
1251,2011,3,2,2,0,0,0,0,0,0,1
1251,2015,8,6,4,0,0,0,2,0,1,0
1251,2016,3,3,1,0,0,0,0,0,0,0
1253,2008,3,3,0,0,0,0,0,0,1,0
1254,2013,3,3,0,0,0,0,0,0,1,0
1261,2008,9,8,5,1,0,0,1,0,2,0
1261,2009,3,2,0,0,0,0,1,0,0,0
1261,2010,6,5,0,0,0,0,1,0,1,0
1261,2011,6,4,2,0,0,1,2,0,1,0
1261,2012,6,6,2,0,0,0,0,0,1,0
1261,2013,3,3,1,0,0,0,0,0,0,0
1261,2014,16,16,3,1,0,0,0,0,4,0
1261,2015,3,2,1,0,0,0,1,0,0,0
1318,2013,5,3,1,1,0,0,1,0,1,0
1369,2006,2,2,0,0,0,0,0,0,0,0
1389,2014,6,5,1,0,0,0,1,0,0,0
1391,2005,2,2,1,1,0,0,0,0,0,0
1434,2017,2,2,0,0,0,0,0,0,0,0
1439,2012,6,4,2,1,0,1,2,0,1,0
1439,2013,3,3,2,0,0,0,0,0,0,0
1439,2014,8,7,3,0,0,0,1,0,1,0
1439,2015,3,2,1,0,0,0,1,0,1,0
1439,2017,6,6,2,0,0,1,0,0,2,0
1441,2017,3,3,0,0,0,0,0,0,0,0
1467,2015,3,3,1,1,0,0,0,0,2,0
1467,2017,3,2,1,0,0,0,1,0,1,0
1467,2019,3,1,1,1,0,0,2,0,0,0
1478,2014,4,4,1,0,0,0,0,0,1,0
1486,2005,1,1,0,0,0,0,0,0,1,0
1486,2011,2,1,0,0,0,0,1,0,0,0
1486,2013,2,1,1,0,0,0,1,0,0,0
1488,2011,2,1,0,0,0,0,1,0,0,0
1514,2012,2,2,0,0,0,0,0,0,1,0
1514,2013,3,2,1,0,0,0,0,0,0,0
1542,2009,2,2,0,0,0,0,0,0,0,0
1572,2008,4,3,2,0,0,0,1,0,1,0
1572,2011,3,3,0,0,0,0,0,0,1,0
1572,2012,1,1,0,0,0,0,0,0,0,0
1576,2008,6,4,1,0,0,0,2,0,0,0
1576,2010,1,1,1,1,0,0,0,0,0,0
1589,2007,2,2,0,0,0,0,0,0,2,0
1596,2008,4,4,0,0,0,0,0,0,1,0
1596,2010,1,1,0,0,0,0,0,0,0,0
1607,2014,2,2,0,0,0,0,0,0,1,0
1607,2020,1,1,1,0,0,0,0,0,0,0
1612,2015,3,3,0,0,0,0,0,0,0,0
1626,2015,3,3,1,0,0,0,0,0,2,0
1626,2016,2,2,0,0,0,0,0,0,1,0
1630,2007,2,2,1,0,1,0,0,0,1,0
1633,2010,3,3,1,0,0,0,0,0,0,0
1633,2011,6,6,2,0,0,0,0,0,3,0
1633,2013,5,5,1,0,0,0,0,0,2,0
1633,2014,6,5,1,0,0,0,1,0,2,0
1633,2015,3,3,0,0,0,0,0,0,2,0
1633,2016,2,2,1,0,0,0,0,0,0,0
1642,2008,3,2,0,0,0,0,1,0,0,0
1642,2011,3,3,3,0,0,1,0,0,0,0
1642,2014,3,3,0,0,0,0,0,0,0,0
1642,2015,5,5,1,0,0,0,0,0,1,0
1642,2016,2,2,1,0,0,0,0,0,0,0
1642,2017,6,6,1,0,0,0,0,0,2,0
1654,2014,3,1,1,0,0,0,2,0,0,0
1654,2015,8,7,4,1,0,0,1,0,0,0
1654,2016,11,9,1,0,0,0,1,0,0,1
1655,2008,3,3,1,0,0,0,0,0,1,0
1655,2010,2,2,0,0,0,0,0,0,1,0
1655,2012,3,3,0,0,0,0,0,0,1,0
1655,2013,3,3,1,0,0,0,0,0,0,0
1655,2014,3,3,2,0,0,1,0,0,0,0
1655,2015,16,14,5,2,0,0,2,0,0,0
1655,2016,9,8,2,1,0,0,1,0,0,0
1657,2005,1,1,1,1,0,0,0,0,0,0
1657,2006,5,5,1,0,0,0,0,0,0,0
1657,2007,3,2,0,0,0,0,0,1,0,0
1657,2011,2,2,0,0,0,0,0,0,1,0
1666,2012,5,4,0,0,0,0,0,0,2,0
1666,2013,2,2,0,0,0,0,0,0,1,0
1669,2010,1,1,0,0,0,0,0,0,0,0
1671,2012,2,2,0,0,0,0,0,0,2,0
1677,2016,3,3,0,0,0,0,0,0,0,0
1677,2019,2,2,1,0,0,1,0,0,1,0
1677,2020,1,1,0,0,0,0,0,0,0,0
1700,2008,8,7,2,0,0,0,1,0,3,0
1700,2009,3,3,1,0,0,0,0,0,1,0
1714,2014,3,3,2,0,0,0,0,0,0,0
1734,2011,3,3,0,0,0,0,0,0,2,0
1746,2019,1,1,0,0,0,0,0,0,0,0
1746,2020,1,0,0,0,0,0,1,0,0,0
1755,2008,3,3,2,0,0,0,0,0,0,0
1755,2016,3,3,1,0,0,0,0,0,0,0
1755,2017,2,2,1,0,0,0,0,0,1,0
1759,2008,6,5,2,0,0,0,1,0,2,0
1759,2009,3,2,0,0,0,0,1,0,0,0
1796,2008,3,2,0,0,0,0,1,0,2,0
1812,2013,3,3,2,1,0,0,0,0,1,0
1813,2012,1,1,1,1,0,0,0,0,0,0
1813,2013,6,5,1,1,0,0,1,0,1,0
1813,2014,16,14,3,1,0,0,1,0,4,1
1813,2015,3,3,1,0,0,0,0,0,0,0
1813,2016,3,2,0,0,0,0,1,0,1,0
1813,2017,3,2,0,0,0,0,0,0,0,1
1817,2009,1,1,0,0,0,0,0,0,0,0
1827,2014,3,3,1,1,0,0,0,0,1,0
1827,2015,2,2,0,0,0,0,0,0,0,0
1827,2016,3,2,0,0,0,0,1,0,1,0
1830,2008,3,2,1,0,0,0,1,0,1,0
1840,2015,3,3,1,0,0,1,0,0,1,0
1852,2015,2,2,0,0,0,0,0,0,2,0
1852,2016,3,3,1,0,0,0,0,0,1,0
1857,2006,2,2,1,0,0,0,0,0,0,0
1860,2008,3,2,0,0,0,0,1,0,1,0
1898,2008,3,2,0,0,0,0,1,0,0,0
1899,2010,2,2,1,0,0,0,0,0,0,0
1899,2015,2,1,0,0,0,0,1,0,0,0
1899,2016,1,1,1,0,0,0,0,0,0,0
1903,2009,2,1,0,0,0,0,1,0,1,0
1911,2015,11,9,3,1,0,0,2,0,3,0
1911,2016,6,4,2,0,0,0,1,1,1,0
1914,2008,3,3,1,0,0,1,0,0,0,0
1916,2015,3,3,2,0,0,0,0,0,0,0
1919,2010,3,3,1,0,0,0,0,0,0,0
1919,2011,9,9,2,1,0,0,0,0,2,0
1919,2013,5,5,1,0,0,1,0,0,0,0
1919,2014,4,4,1,0,0,0,0,0,1,0
1919,2015,3,3,1,0,0,0,0,0,0,0
1919,2016,2,2,1,0,0,0,0,0,0,0
1925,2011,2,2,0,0,0,0,0,0,1,0
1925,2013,3,3,1,1,0,0,0,0,2,0
1951,2008,3,3,0,0,0,0,0,0,1,0
1951,2010,2,2,0,0,0,0,0,0,1,0
1951,2011,5,3,0,0,0,0,1,0,1,1
1951,2013,3,3,0,0,0,0,0,0,1,0
1954,2016,7,7,1,1,0,0,0,0,2,0
1965,2015,3,3,1,0,0,0,0,0,1,0
1965,2016,3,3,1,0,0,0,0,0,1,0
1965,2017,3,3,1,0,0,0,0,0,1,0
1971,2012,2,2,0,0,0,0,0,0,1,0
1971,2013,7,7,1,0,0,0,0,0,2,0
1977,2012,3,2,1,0,0,0,1,0,0,0
1998,2020,1,1,1,0,0,0,0,0,0,0
2006,2013,3,2,1,0,0,0,1,0,1,0
2009,2006,4,3,2,0,0,0,1,0,0,0
2009,2013,3,3,0,0,0,0,0,0,0,0
2010,2008,3,3,0,0,0,0,0,0,1,0
2010,2013,4,4,0,0,0,0,0,0,0,0
2034,2015,5,5,1,0,0,0,0,0,1,0
2034,2016,6,6,0,0,0,0,0,0,1,0
2037,2015,8,6,3,1,1,0,1,0,1,1
2037,2016,18,16,5,0,1,0,1,0,3,1
2050,2011,2,2,2,1,0,0,0,0,0,0
2050,2013,3,3,0,0,0,0,0,0,0,0
2050,2015,6,6,1,0,0,1,0,0,1,0
2074,2009,2,2,1,1,0,0,0,0,0,0
2074,2010,4,3,1,0,0,0,1,0,0,0
2123,2008,1,0,0,0,0,0,1,0,0,0
2141,2007,3,2,0,0,0,0,1,0,1,0
2175,2017,2,2,0,0,0,0,0,0,2,0
2190,2011,3,1,0,0,0,0,2,0,0,0
2190,2014,6,4,1,1,0,0,1,0,0,1
2190,2016,3,3,0,0,0,0,0,0,0,0
2193,2015,6,4,1,0,0,1,2,0,2,0
2212,2017,1,0,0,0,0,0,0,0,0,0
2233,2015,8,8,3,2,0,0,0,0,2,0
2233,2016,6,6,1,1,0,0,0,0,2,0
2237,2014,2,2,0,0,0,0,0,0,2,0
2247,2012,3,3,2,1,0,1,0,0,0,0
2247,2013,3,3,1,0,0,0,0,0,1,0
2262,2016,2,0,0,0,0,0,2,0,0,0
2262,2017,6,4,2,0,0,1,1,0,1,1
2275,2010,3,1,0,0,0,0,2,0,0,0
2287,2017,1,0,0,0,0,0,1,0,0,0
2287,2019,2,2,2,1,0,0,0,0,0,0
2291,2008,4,4,1,0,0,0,0,0,1,0
2318,2008,3,3,1,1,0,0,0,0,0,0
2356,2016,2,1,0,0,0,0,1,0,0,0
2358,2012,2,1,0,0,0,0,0,0,1,0
2374,2008,3,2,0,0,0,0,0,1,0,0
2389,2008,10,7,2,0,0,0,3,0,1,0
2389,2010,3,2,1,0,0,0,1,0,0,0
2389,2011,3,2,0,0,0,0,1,0,0,0
2401,2013,3,3,1,1,0,0,0,0,1,0
2415,2012,6,6,0,0,0,0,0,0,2,0
2415,2013,3,2,1,0,0,0,1,0,0,0
2415,2014,8,8,2,1,0,0,0,0,2,0
2415,2019,2,2,0,0,0,0,0,0,0,0
2420,2012,3,1,1,0,0,0,2,0,0,0
2420,2013,5,5,2,1,0,0,0,0,0,0
2420,2014,8,6,2,0,0,0,2,0,0,0
2430,2011,3,3,0,0,0,0,0,0,1,0
2430,2012,5,5,1,0,0,0,0,0,2,0
2430,2013,12,12,2,0,0,0,0,0,4,0
2432,2014,3,3,0,0,0,0,0,0,1,0
2455,2008,3,3,0,0,0,0,0,0,1,0
2455,2016,6,5,0,0,0,0,1,0,3,0
2466,2016,3,2,2,0,0,0,1,0,0,0
2507,2012,6,5,2,0,0,0,1,0,1,0
2509,2012,3,2,1,1,0,0,1,0,1,0
2509,2016,3,3,2,1,0,0,0,0,0,0
2509,2017,2,2,1,1,0,0,0,0,1,0
2515,2014,5,5,0,0,0,0,0,0,1,0
2521,2007,3,2,1,0,0,0,1,0,0,0
2521,2012,5,3,0,0,0,0,2,0,3,0
2521,2013,7,6,3,0,0,0,0,0,1,1
2525,2014,3,3,0,0,0,0,0,0,0,0
2556,2007,3,2,1,0,0,0,1,0,0,0
2565,2020,1,1,0,0,0,0,0,0,0,0
2583,2008,3,3,1,0,0,0,0,0,1,0
2583,2011,3,3,1,0,0,0,0,0,0,0
2602,2013,3,2,0,0,0,0,1,0,0,0
2602,2014,3,2,0,0,0,0,1,0,0,0
2602,2016,2,2,0,0,0,0,0,0,1,0
2630,2011,2,2,1,0,1,0,0,0,1,0
2638,2013,3,3,1,0,0,0,0,0,2,0
2640,2011,2,1,0,0,0,0,0,0,0,0
2649,2012,4,4,1,0,0,0,0,0,2,0
2649,2013,5,5,1,0,0,0,0,0,1,0
2649,2015,3,3,1,0,0,0,0,0,0,0
2662,2014,15,14,3,2,0,0,0,1,1,0
2662,2016,6,5,2,1,0,0,1,0,0,0
2662,2017,5,5,1,0,0,1,0,0,0,0
2669,2013,2,2,0,0,0,0,0,0,1,0
2675,2011,3,3,1,0,1,0,0,0,1,0
2675,2014,3,3,0,0,0,0,0,0,0,0
2675,2015,2,1,0,0,0,0,1,0,0,0
2675,2016,3,3,0,0,0,0,0,0,0,0
2675,2017,4,4,0,0,0,0,0,0,1,0
2710,2015,3,3,1,0,1,0,0,0,0,0
2716,2015,3,2,0,0,0,0,1,0,0,0
2737,2013,3,3,0,0,0,0,0,0,0,0
2746,2017,2,1,1,0,0,0,1,0,0,0
2754,2010,1,1,0,0,0,0,0,0,1,0
2754,2013,4,3,1,0,0,0,0,0,2,0
2773,2008,3,2,2,1,0,0,1,0,0,0
2773,2009,3,3,1,0,0,1,0,0,1,0
2776,2017,2,2,0,0,0,0,0,0,1,0
2778,2008,3,2,0,0,0,0,0,1,2,0
2819,2013,4,4,0,0,0,0,0,0,2,0
2829,2008,2,0,0,0,0,0,2,0,0,0
2834,2011,3,3,0,0,0,0,0,0,2,0
2834,2012,2,1,0,0,0,0,0,1,0,0
2834,2013,5,4,3,1,0,0,1,0,0,0
2834,2014,5,5,0,0,0,0,0,0,1,0
2834,2017,1,1,0,0,0,0,0,0,1,0
2836,2015,5,2,1,0,1,0,2,0,0,0
2836,2016,2,1,1,1,0,0,1,0,0,0
2839,2012,3,3,0,0,0,0,0,0,0,0
2839,2013,2,2,0,0,0,0,0,0,1,0
2839,2014,6,6,2,0,0,1,0,0,4,0
2839,2016,6,6,0,0,0,0,0,0,1,0
2853,2019,1,1,1,0,0,0,0,0,0,0
2859,2010,3,2,1,0,0,0,1,0,0,0
2859,2011,3,3,2,1,0,0,0,0,0,0
2867,2019,1,1,0,0,0,0,0,0,0,0
2877,2017,2,1,0,0,0,0,1,0,0,0
2892,2009,3,2,0,0,0,0,1,0,2,0
2902,2020,1,1,0,0,0,0,0,0,0,0
2904,2010,2,2,0,0,0,0,0,0,1,0
2905,2013,6,5,3,2,0,0,1,0,0,0
2905,2014,3,3,0,0,0,0,0,0,1,0
2905,2016,3,2,0,0,0,0,1,0,0,0
2905,2017,3,3,1,0,0,0,0,0,2,0
2911,2012,2,2,1,0,0,0,0,0,0,0
2916,2013,3,3,2,1,0,0,0,0,1,0
2926,2008,1,1,0,0,0,0,0,0,1,0
2955,2011,2,2,0,0,0,0,0,0,0,0
2978,2015,3,1,0,0,0,0,1,1,1,0
2978,2016,3,2,0,0,0,0,1,0,0,0
3003,2008,11,11,5,1,0,0,0,0,1,0
3003,2010,2,2,0,0,0,0,0,0,1,0
3003,2011,2,2,2,0,0,0,0,0,0,0
3003,2014,1,1,0,0,0,0,0,0,1,0
3015,2011,2,0,0,0,0,0,1,0,0,1
3015,2012,3,3,1,0,0,0,0,0,0,0
3024,2015,13,9,1,0,0,0,2,1,2,1
3024,2016,9,9,3,0,0,2,0,0,0,0
3044,2008,3,3,1,0,1,0,0,0,1,0
3045,2008,3,2,1,0,0,0,1,0,0,0
3045,2010,7,7,3,0,0,0,0,0,1,0
3045,2015,2,2,0,0,0,0,0,0,0,0
3045,2016,3,3,0,0,0,0,0,0,2,0
3045,2017,5,5,1,0,0,0,0,0,1,0
3057,2017,3,3,0,0,0,0,0,0,0,0
3069,2012,3,2,0,0,0,0,1,0,1,0
3069,2013,2,1,0,0,0,0,1,0,1,0
3069,2014,6,5,2,1,0,0,1,0,0,0
3069,2016,3,3,0,0,0,0,0,0,1,0
3069,2017,6,5,3,0,0,1,1,0,1,0
3086,2008,2,2,0,0,0,0,0,0,1,0
3095,2009,4,3,1,1,0,0,1,0,1,0
3102,2008,3,3,1,0,0,0,0,0,1,0
3102,2010,2,2,1,0,0,1,0,0,1,0
3137,2008,6,6,2,1,0,0,0,0,1,0
3147,2005,2,2,1,0,0,1,0,0,0,0
3153,2017,2,1,0,0,0,0,1,0,0,0
3167,2012,3,3,1,0,1,0,0,0,1,0
3167,2013,3,3,0,0,0,0,0,0,0,0
3167,2015,16,16,3,0,0,0,0,0,3,0
3167,2016,9,9,5,1,0,0,0,0,0,0
3167,2017,2,1,1,1,0,0,1,0,0,0
3175,2009,3,3,1,1,0,0,0,0,0,0
3235,2012,14,10,1,0,0,0,4,0,3,0
3235,2013,3,2,0,0,0,0,1,0,1,0
3235,2014,3,2,1,0,0,0,0,1,0,0
3247,2006,4,3,2,1,0,1,1,0,0,0
3247,2007,3,1,1,0,0,0,2,0,0,0
3247,2012,16,15,3,0,0,0,1,0,3,0
3247,2013,3,3,1,0,0,0,0,0,0,0
3247,2014,3,3,1,0,0,0,0,0,0,0
3253,2008,4,4,2,0,0,0,0,0,1,0
3253,2013,3,3,1,0,0,0,0,0,0,0
3253,2015,3,3,0,0,0,0,0,0,1,0
3253,2016,3,3,3,1,0,0,0,0,0,0
3255,2012,3,3,0,0,0,0,0,0,0,0
3266,2013,3,2,1,0,0,1,1,0,0,0
3266,2014,3,2,0,0,0,0,1,0,0,0
3266,2015,6,5,2,0,0,0,1,0,1,0
3266,2016,3,3,1,0,0,0,0,0,1,0
3266,2019,1,1,0,0,0,0,0,0,0,0
3297,2013,3,3,0,0,0,0,0,0,0,0
3298,2005,2,1,0,0,0,0,1,0,1,0
3298,2008,4,4,1,0,0,0,0,0,1,0
3298,2009,4,4,0,0,0,0,0,0,1,0
3309,2010,3,3,1,1,0,0,0,0,0,0
3310,2015,7,6,1,0,0,0,1,0,0,0
3310,2016,9,9,3,0,0,0,0,0,2,0
3310,2020,1,1,0,0,0,0,0,0,0,0
3315,2008,6,6,2,0,0,0,0,0,2,0
3315,2009,3,2,0,0,0,0,0,1,1,0
3315,2011,3,3,1,1,0,0,0,0,2,0
3315,2013,2,2,0,0,0,0,0,0,1,0
3315,2014,3,2,1,0,0,0,1,0,0,0
3315,2016,4,4,3,0,0,0,0,0,0,0
3321,2012,3,3,0,0,0,0,0,0,1,0
3321,2014,2,2,0,0,0,0,0,0,0,0
3321,2016,3,3,1,0,0,0,0,0,0,0
3339,2008,2,1,0,0,0,0,0,0,1,0
3347,2013,2,2,0,0,0,0,0,0,1,0
3352,2008,3,2,1,1,0,0,1,0,0,0
3352,2012,15,13,5,2,0,0,2,0,2,0
3352,2013,3,1,0,0,0,0,2,0,0,0
3352,2014,6,6,0,0,0,0,0,0,0,0
3362,2011,3,3,1,0,0,0,0,0,1,0
3369,2005,3,2,0,0,0,0,0,0,0,1
3434,2012,2,2,0,0,0,0,0,0,1,0
3441,2008,5,5,0,0,0,0,0,0,2,0
3495,2008,9,8,2,0,0,1,1,0,2,0
3495,2009,3,3,0,0,0,0,0,0,1,0
3495,2010,6,3,0,0,0,0,3,0,1,0
3495,2011,6,4,2,0,0,0,2,0,0,0
3495,2015,6,5,1,0,0,0,0,0,2,1
3496,2011,2,1,0,0,0,0,1,0,0,0
3496,2015,2,2,1,0,0,0,0,0,0,0
3501,2013,1,1,0,0,0,0,0,0,1,0
3502,2005,1,1,1,0,0,0,0,0,0,0
3502,2006,4,4,3,0,0,1,0,0,0,0
3502,2012,3,3,0,0,0,0,0,0,0,0
3509,2011,2,2,1,0,0,0,0,0,0,0
3520,2005,2,0,0,0,0,0,2,0,0,0
3546,2014,2,2,0,0,0,0,0,0,1,0
3558,2016,2,2,1,1,0,0,0,0,0,0
3569,2019,1,1,1,0,0,0,0,0,0,0
3569,2020,1,1,0,0,0,0,0,0,0,0
3587,2015,3,3,0,0,0,0,0,0,2,0
3592,2013,3,3,1,1,0,0,0,0,0,0
3592,2017,2,2,0,0,0,0,0,0,0,0
3592,2020,1,1,0,0,0,0,0,0,0,0
3593,2015,10,10,5,0,0,0,0,0,2,0
3593,2016,3,3,2,0,0,0,0,0,0,0
3593,2017,3,2,0,0,0,0,0,1,0,0
3598,2014,1,1,0,0,0,0,0,0,0,0
3609,2008,6,4,0,0,0,0,2,0,1,0
3636,2015,6,6,1,1,0,0,0,0,3,0
3636,2016,4,3,2,1,0,0,1,0,0,0
3662,2010,3,3,1,1,0,0,0,0,0,0
3662,2011,3,1,0,0,0,0,2,0,0,0
3662,2012,8,8,1,0,0,0,0,0,4,0
3662,2013,15,13,6,0,1,1,2,0,3,0
3662,2015,3,3,0,0,0,0,0,0,1,0
3676,2008,3,2,1,1,0,0,0,1,0,0
3684,2008,6,5,1,0,0,0,1,0,2,0
3684,2009,3,2,1,0,0,1,1,0,0,0
3684,2016,3,3,1,0,0,0,0,0,0,0
3685,2012,2,2,1,1,0,0,0,0,1,0
3685,2013,3,2,0,0,0,0,1,0,1,0
3685,2014,3,2,1,0,0,0,1,0,1,0
3688,2014,1,1,1,0,0,0,0,0,0,0
3692,2014,3,3,1,1,0,0,0,0,1,0
3692,2017,5,4,1,0,0,0,1,0,0,0
3693,2013,3,3,0,0,0,0,0,0,1,0
3693,2016,3,3,3,0,1,0,0,0,0,0
3705,2017,3,3,0,0,0,0,0,0,0,0
3710,2012,3,3,1,0,0,0,0,0,1,0
3710,2013,3,3,0,0,0,0,0,0,1,0
3710,2014,9,8,2,0,0,0,0,1,1,0
3710,2015,3,3,0,0,0,0,0,0,1,0
3710,2016,9,7,0,0,0,0,1,0,1,0
3718,2011,3,2,1,0,0,0,1,0,1,0
3718,2012,3,2,0,0,0,0,1,0,1,0
3718,2013,2,2,1,0,0,0,0,0,0,0
3718,2017,2,1,0,0,0,0,1,0,1,0
3719,2012,2,2,0,0,0,0,0,0,1,0
3719,2013,3,3,2,0,0,0,0,0,0,0
3719,2014,3,3,0,0,0,0,0,0,3,0
3719,2016,3,3,0,0,0,0,0,0,0,0
3719,2017,3,3,1,1,0,0,0,0,0,0
3727,2017,2,2,0,0,0,0,0,0,0,0
3747,2012,1,0,0,0,0,0,1,0,0,0
3761,2015,1,0,0,0,0,0,1,0,0,0
3770,2013,1,1,0,0,0,0,0,0,0,0
3770,2017,3,3,0,0,0,0,0,0,1,0
3774,2008,5,5,0,0,0,0,0,0,1,0
3774,2010,4,2,1,1,0,0,2,0,0,0
3774,2011,10,9,0,0,0,0,1,0,1,0
3777,2013,3,2,0,0,0,0,1,0,0,0
3777,2015,2,2,1,1,0,0,0,0,0,0
3794,2008,3,3,1,1,0,0,0,0,2,0
3794,2012,3,3,0,0,0,0,0,0,0,0
3830,2015,3,3,0,0,0,0,0,0,3,0
3830,2016,3,2,0,0,0,0,1,0,2,0
3834,2009,2,2,1,0,0,0,0,0,0,0
3834,2010,1,1,1,0,0,1,0,0,0,0
3834,2011,5,5,0,0,0,0,0,0,3,0
3834,2013,1,1,0,0,0,0,0,0,1,0
3834,2014,4,2,0,0,0,0,1,0,1,0
3837,2012,6,5,2,1,0,0,1,0,0,0
3837,2014,2,2,2,1,0,1,0,0,0,0
3837,2017,5,5,2,0,1,0,0,0,0,0
3842,2010,1,1,0,0,0,0,0,0,0,0
3855,2015,15,13,3,0,1,0,2,0,2,0
3855,2016,4,3,1,0,0,0,1,0,1,0
3873,2016,3,3,0,0,0,0,0,0,0,0
3873,2017,2,2,2,0,0,0,0,0,0,0
3878,2011,2,2,1,0,0,0,0,0,0,0
3896,2008,3,3,0,0,0,0,0,0,0,0
3911,2014,3,3,1,0,0,1,0,0,0,0
3911,2015,3,3,0,0,0,0,0,0,1,0
3911,2016,3,1,0,0,0,0,2,0,0,0
3924,2006,2,1,0,0,0,0,1,0,1,0
3951,2011,4,4,1,0,0,0,0,0,2,0
3951,2014,5,3,0,0,0,0,1,0,1,0
3951,2017,2,2,0,0,0,0,0,0,0,0
3964,2013,3,3,0,0,0,0,0,0,0,0
3964,2014,2,2,0,0,0,0,0,0,0,0
3964,2015,3,3,1,0,0,0,0,0,2,0
3964,2016,1,1,0,0,0,0,0,0,0,0
3976,2009,2,1,0,0,0,0,0,0,0,0
3983,2014,15,13,6,1,0,1,1,0,2,0
3983,2015,2,2,0,0,0,0,0,0,0,0
4006,2008,4,4,1,1,0,0,0,0,1,0
4006,2009,3,2,0,0,0,0,0,0,0,1
4012,2008,3,3,0,0,0,0,0,0,1,0
4017,2016,3,3,2,0,0,1,0,0,0,0
4020,2005,2,2,1,1,0,0,0,0,1,0
4039,2005,2,2,0,0,0,0,0,0,0,0
4053,2008,4,4,1,1,0,0,0,0,0,0
4053,2009,3,2,1,0,0,1,1,0,0,0
4059,2015,6,6,1,0,0,0,0,0,3,0
4071,2013,2,2,0,0,0,0,0,0,0,0
4093,2008,6,5,0,0,0,0,1,0,2,0
4095,2008,2,2,0,0,0,0,0,0,1,0
4101,2009,1,1,1,0,0,0,0,0,0,0
4123,2015,2,1,0,0,0,0,1,0,0,0
4126,2012,12,9,4,2,0,1,2,1,0,0
4126,2013,6,5,3,2,0,0,1,0,0,0
4126,2017,3,3,0,0,0,0,0,0,2,0
4133,2008,3,2,2,1,0,0,1,0,0,0
4134,2010,3,3,1,0,0,0,0,0,1,0
4134,2011,3,3,1,0,0,1,0,0,1,0
4134,2012,2,2,0,0,0,0,0,0,0,0
4134,2013,6,6,3,0,0,1,0,0,2,0
4134,2014,17,17,4,0,0,1,0,0,2,0
4134,2016,2,1,1,0,0,0,1,0,0,0
4135,2014,3,3,0,0,0,0,0,0,3,0
4135,2015,2,1,0,0,0,0,0,1,1,0
4147,2015,6,6,0,0,0,0,0,0,1,0
4147,2016,9,7,1,0,0,1,1,1,1,0
4153,2010,3,2,1,0,0,1,0,1,0,0
4153,2012,3,3,1,0,0,0,0,0,1,0
4154,2008,4,3,1,0,0,1,0,1,1,0
4154,2009,3,3,1,0,0,0,0,0,1,0
4154,2012,3,3,1,0,0,0,0,0,0,0
4154,2013,3,3,1,0,0,1,0,0,2,0
4154,2014,6,4,2,1,0,0,2,0,2,0
4154,2017,3,3,1,0,0,0,0,0,1,0
4156,2011,2,2,0,0,0,0,0,0,0,0
4158,2010,3,3,1,0,0,0,0,0,2,0
4158,2012,9,9,4,1,0,0,0,0,1,0
4158,2013,9,7,5,2,2,0,2,0,1,0
4170,2017,2,2,0,0,0,0,0,0,1,0
4175,2008,6,5,2,0,0,0,1,0,0,0
4181,2012,4,3,0,0,0,0,1,0,1,0
4181,2015,2,2,1,0,0,1,0,0,1,0
4181,2016,2,2,1,0,0,0,0,0,0,0
4200,2017,3,3,1,0,0,0,0,0,1,0
4200,2019,2,1,0,0,0,0,1,0,1,0
4200,2020,1,1,0,0,0,0,0,0,0,0
4215,2012,9,7,1,0,0,0,1,0,3,1
4215,2014,7,7,2,0,0,0,0,0,3,0
4215,2016,3,3,0,0,0,0,0,0,0,0
4215,2019,1,1,0,0,0,0,0,0,0,0
4232,2015,13,11,5,1,0,1,2,0,3,0
4236,2017,2,1,1,0,0,0,0,0,0,0
4238,2014,3,3,1,0,0,0,0,0,1,0
4238,2017,1,1,0,0,0,0,0,0,1,0
4268,2006,3,2,0,0,0,0,1,0,0,0
4268,2007,3,2,0,0,0,0,1,0,2,0
4268,2014,6,5,0,0,0,0,1,0,2,0
4268,2016,3,3,0,0,0,0,0,0,1,0
4268,2017,3,2,0,0,0,0,1,0,1,0
4274,2017,3,3,0,0,0,0,0,0,1,0
4314,2008,3,3,0,0,0,0,0,0,2,0
4314,2009,3,3,0,0,0,0,0,0,1,0
4331,2012,3,3,0,0,0,0,0,0,0,0
4335,2013,5,5,3,0,0,2,0,0,1,0
4335,2014,3,2,1,0,0,0,1,0,1,0
4335,2015,2,2,0,0,0,0,0,0,1,0
4335,2016,2,2,1,0,0,0,0,0,0,0
4335,2019,1,1,0,0,0,0,0,0,0,0
4344,2013,3,1,0,0,0,0,2,0,1,0
4344,2014,2,2,0,0,0,0,0,0,0,0
4346,2015,3,2,0,0,0,0,1,0,0,0
4379,2016,6,5,0,0,0,0,1,0,2,0
4379,2020,1,1,0,0,0,0,0,0,0,0
4417,2006,4,4,1,0,0,1,0,0,0,0
4417,2007,3,3,2,1,0,0,0,0,0,0
4417,2011,3,2,0,0,0,0,1,0,0,0
4424,2005,2,2,1,0,0,0,0,0,1,0
4425,2006,2,2,1,0,0,0,0,0,0,0
4425,2007,3,3,1,0,0,0,0,0,2,0
4426,2007,3,3,0,0,0,0,0,0,0,0
4426,2010,1,1,0,0,0,0,0,0,1,0
4452,2012,3,1,0,0,0,0,1,1,0,0
4452,2016,1,1,0,0,0,0,0,0,0,0
4458,2014,3,3,1,0,0,0,0,0,0,0
4458,2015,2,1,0,0,0,0,1,0,0,0
4460,2008,3,3,0,0,0,0,0,0,1,0
4460,2010,2,2,0,0,0,0,0,0,2,0
4470,2013,1,1,0,0,0,0,0,0,0,0
4478,2012,2,2,1,0,0,0,0,0,0,0
4479,2013,4,3,2,1,0,1,1,0,0,0
4479,2017,1,0,0,0,0,0,0,0,0,1
4508,2008,3,2,0,0,0,0,1,0,2,0
4508,2009,3,2,0,0,0,0,1,0,0,0
4513,2014,1,0,0,0,0,0,0,0,0,0
4518,2009,3,2,0,0,0,0,1,0,1,0
4518,2011,3,3,0,0,0,0,0,0,3,0
4530,2012,2,2,0,0,0,0,0,0,1,0
4543,2012,2,2,1,1,0,0,0,0,0,0
4545,2014,9,8,2,0,0,0,1,0,3,0
4545,2015,2,2,0,0,0,0,0,0,0,0
4553,2012,3,3,2,0,1,0,0,0,1,0
4561,2014,1,1,0,0,0,0,0,0,0,0
4567,2020,1,1,0,0,0,0,0,0,0,0
4590,2017,2,1,1,0,0,0,1,0,0,0
4591,2012,4,3,0,0,0,0,1,0,2,0
4591,2014,3,3,0,0,0,0,0,0,0,0
4591,2015,3,3,1,0,0,0,0,0,2,0
4594,2007,2,2,0,0,0,0,0,0,1,0
4594,2011,2,0,0,0,0,0,2,0,0,0
4594,2013,1,0,0,0,0,0,1,0,0,0
4608,2010,2,2,0,0,0,0,0,0,1,0
4609,2017,3,3,0,0,0,0,0,0,2,0
4611,2012,5,4,0,0,0,0,0,0,2,0
4616,2008,10,10,2,0,0,1,0,0,4,0
4616,2009,3,3,1,0,0,1,0,0,0,0
4616,2011,3,2,1,0,0,0,1,0,0,0
4616,2013,3,2,0,0,0,0,1,0,1,0
4634,2013,3,3,0,0,0,0,0,0,1,0
4634,2014,3,3,0,0,0,0,0,0,0,0
4634,2016,3,3,1,0,0,0,0,0,1,0
4634,2017,5,4,1,0,0,0,1,0,2,0
4659,2012,1,1,0,0,0,0,0,0,0,0
4659,2017,3,3,2,1,0,0,0,0,1,0
4665,2012,2,2,0,0,0,0,0,0,1,0
4677,2010,2,1,1,0,1,0,1,0,0,0
4677,2011,3,2,0,0,0,0,1,0,0,0
4682,2008,9,8,2,1,1,0,0,0,2,1
4682,2009,3,2,1,0,0,1,1,0,0,0
4682,2010,3,3,1,0,0,0,0,0,1,0
4682,2011,4,4,1,1,0,0,0,0,1,0
4682,2012,6,6,3,0,0,2,0,0,2,0
4733,2008,6,6,1,0,0,1,0,0,2,0
4733,2010,3,3,0,0,0,0,0,0,1,0
4733,2011,2,1,0,0,0,0,0,0,1,1
4752,2011,3,1,0,0,0,0,2,0,0,0
4752,2013,3,2,0,0,0,0,1,0,1,0
4752,2015,3,3,1,0,0,0,0,0,0,0
4752,2016,2,1,0,0,0,0,0,0,0,1
4756,2016,2,2,2,1,0,1,0,0,0,0
4756,2017,6,6,2,1,0,1,0,0,0,0
4774,2013,3,3,1,0,0,0,0,0,1,0
4774,2014,2,2,0,0,0,0,0,0,0,0
4774,2016,2,2,1,0,0,0,0,0,0,0
4781,2012,1,1,0,0,0,0,0,0,1,0
4795,2012,4,4,2,1,1,0,0,0,0,0
4795,2014,1,1,0,0,0,0,0,0,0,0
4801,2017,4,3,0,0,0,0,1,0,0,0
4806,2008,4,4,0,0,0,0,0,0,1,0
4806,2010,3,2,2,0,0,0,0,1,0,0
4808,2012,5,5,1,0,0,0,0,0,2,0
4808,2013,12,10,5,2,0,1,2,0,1,0
4825,2008,2,2,2,0,0,0,0,0,0,0
4872,2008,6,4,2,0,0,0,2,0,1,0
4872,2009,3,3,1,1,0,0,0,0,2,0
4883,2017,3,3,1,1,0,0,0,0,2,0
4891,2014,1,1,0,0,0,0,0,0,1,0
4891,2017,1,1,0,0,0,0,0,0,0,0
4910,2010,1,1,1,0,0,0,0,0,0,0
4921,2007,3,3,1,0,0,0,0,0,0,0
4934,2015,2,2,0,0,0,0,0,0,1,0
4934,2017,3,2,0,0,0,0,1,0,1,0
4937,2014,3,3,0,0,0,0,0,0,0,0
4942,2010,3,0,0,0,0,0,2,0,0,0
4942,2013,6,5,3,0,0,0,0,0,0,0
4947,2017,3,3,0,0,0,0,0,0,0,0
4969,2010,3,3,0,0,0,0,0,0,1,0
4969,2012,3,2,2,2,0,0,1,0,0,0
4969,2013,3,3,1,1,0,0,0,0,1,0
4969,2014,3,3,1,0,0,0,0,0,0,0
4969,2019,2,2,0,0,0,0,0,0,0,0
4974,2015,6,6,3,0,0,0,0,0,1,0
4997,2011,3,3,0,0,0,0,0,0,1,0
4997,2012,12,11,1,0,0,0,1,0,3,0
4997,2014,3,3,0,0,0,0,0,0,2,0
5013,2010,3,2,0,0,0,0,1,0,0,0
5033,2010,3,3,0,0,0,0,0,0,1,0
5055,2005,2,2,1,0,0,0,0,0,0,0
5101,2008,6,6,2,0,0,0,0,0,2,0
5101,2011,6,6,3,1,0,2,0,0,1,0
5101,2012,6,5,2,0,0,0,1,0,1,0
5101,2013,3,3,1,0,0,0,0,0,0,0
5101,2014,15,12,3,0,0,0,1,1,0,1
5101,2015,3,2,0,0,0,0,0,1,1,0
5101,2016,3,3,0,0,0,0,0,0,0,0
5114,2008,3,2,1,0,0,0,1,0,1,0
5117,2015,3,3,1,1,0,0,0,0,0,0
5117,2016,3,3,0,0,0,0,0,0,1,0
5194,2008,6,5,1,0,0,0,1,0,3,0
5194,2014,6,5,0,0,0,0,1,0,3,0
5225,2005,1,1,0,0,0,0,0,0,0,0
5234,2012,2,1,0,0,0,0,0,0,1,1
5241,2011,3,3,1,0,0,0,0,0,1,0
5243,2008,2,2,0,0,0,0,0,0,2,0
5244,2007,3,3,0,0,0,0,0,0,1,0
5244,2010,1,1,1,1,0,0,0,0,0,0
5244,2011,3,3,2,1,0,0,0,0,0,0
5244,2012,2,2,0,0,0,0,0,0,1,0
5277,2009,2,2,1,0,0,0,0,0,0,0
5277,2011,2,2,0,0,0,0,0,0,1,0
5277,2013,3,2,1,0,0,0,1,0,1,0
5292,2007,3,2,0,0,0,0,0,1,1,0
5292,2015,13,11,2,0,0,0,2,0,2,0
5322,2008,2,2,1,0,0,0,0,0,1,0
5322,2011,1,1,0,0,0,0,0,0,0,0
5322,2016,2,2,0,0,0,0,0,0,0,0
5324,2005,1,1,0,0,0,0,0,0,1,0
5324,2006,6,6,2,0,0,0,0,0,0,0
5324,2007,3,2,1,0,0,0,1,0,1,0
5324,2013,3,3,0,0,0,0,0,0,0,0
5328,2013,2,1,0,0,0,0,0,1,0,0
5328,2015,8,8,2,0,0,0,0,0,0,0
5328,2016,9,9,2,0,0,0,0,0,2,0
5329,2015,2,2,1,0,0,0,0,0,1,0
5332,2005,3,3,1,0,0,0,0,0,1,0
5332,2008,4,4,0,0,0,0,0,0,4,0
5336,2014,3,3,1,0,0,1,0,0,0,0
5336,2016,3,3,0,0,0,0,0,0,0,0
5336,2017,3,3,0,0,0,0,0,0,1,0
5340,2006,2,1,1,0,0,0,1,0,0,0
5340,2010,3,2,2,0,0,0,1,0,0,0
5340,2011,3,3,2,0,0,0,0,0,0,0
5341,2006,2,2,1,0,0,0,0,0,0,0
5341,2007,3,3,1,0,0,0,0,0,0,0
5342,2008,3,2,1,0,0,0,1,0,0,0
5342,2010,3,3,0,0,0,0,0,0,2,0
5360,2008,3,2,1,0,0,0,1,0,0,0
5360,2012,3,2,0,0,0,0,1,0,0,0
5360,2015,3,3,0,0,0,0,0,0,2,0
5368,2008,6,5,0,0,0,0,1,0,1,0
5369,2006,5,5,3,1,0,0,0,0,0,0
5369,2007,3,3,2,0,0,0,0,0,1,0
5369,2013,2,2,1,0,0,0,0,0,1,0
5371,2016,3,3,1,0,0,0,0,0,1,0
5384,2012,2,1,0,0,0,0,0,0,0,0
5384,2013,2,2,0,0,0,0,0,0,0,0
5409,2008,4,4,0,0,0,0,0,0,1,0
5409,2012,1,1,0,0,0,0,0,0,0,0
5434,2012,2,1,0,0,0,0,0,1,0,0
5447,2012,6,4,1,0,0,0,2,0,0,0
5447,2015,6,6,2,1,0,1,0,0,0,0
5447,2017,3,2,0,0,0,0,0,1,0,0
5455,2011,3,3,1,0,0,0,0,0,1,0
5455,2012,3,3,0,0,0,0,0,0,0,0
5455,2013,6,6,2,0,0,0,0,0,2,0
5455,2014,12,10,2,0,1,0,1,0,3,0
5455,2017,2,1,1,0,0,0,1,0,0,0
5474,2008,5,5,2,0,0,0,0,0,1,0
5478,2014,4,4,1,0,0,0,0,0,0,0
5491,2008,3,3,1,0,0,0,0,0,1,0
5491,2014,3,3,2,0,0,0,0,0,0,0
5520,2006,6,6,3,0,0,1,0,0,0,0
5520,2007,3,3,1,1,0,0,0,0,0,0
5536,2010,3,3,1,0,0,0,0,0,2,0
5536,2011,4,4,2,1,0,0,0,0,0,0
5536,2012,3,3,0,0,0,0,0,0,2,0
5536,2013,3,2,0,0,0,0,1,0,1,0
5536,2015,3,3,1,0,0,0,0,0,2,0
5540,2007,2,2,0,0,0,0,0,0,0,0
5548,2011,2,2,0,0,0,0,0,0,1,0
5562,2010,2,2,0,0,0,0,0,0,0,0
5562,2011,2,1,0,0,0,0,1,0,1,0
5568,2008,6,5,1,1,0,0,1,0,2,0
5568,2009,3,2,0,0,0,0,1,0,2,0
5568,2010,6,5,3,0,0,0,1,0,1,0
5568,2014,2,2,0,0,0,0,0,0,0,0
5568,2016,3,3,1,1,0,0,0,0,2,0
5577,2008,3,3,1,0,0,0,0,0,1,0
5580,2015,5,5,1,1,0,0,0,0,0,0
5588,2008,2,1,0,0,0,0,1,0,1,0
5591,2008,6,6,2,0,0,0,0,0,2,0
5607,2014,1,1,0,0,0,0,0,0,0,0
5610,2006,3,3,0,0,0,0,0,0,2,0
5610,2011,3,3,1,0,0,1,0,0,1,0
5610,2013,3,3,3,0,0,1,0,0,0,0
5610,2016,3,2,0,0,0,0,0,0,0,1
5619,2008,6,5,1,0,0,0,1,0,1,0
5619,2009,3,3,0,0,0,0,0,0,0,0
5629,2007,2,2,0,0,0,0,0,0,0,0
5629,2010,3,2,0,0,0,0,1,0,1,0
5629,2011,5,4,2,0,0,2,1,0,0,0
5629,2012,5,5,1,0,0,1,0,0,1,0
5629,2014,3,3,0,0,0,0,0,0,2,0
5637,2008,1,1,0,0,0,0,0,0,0,0
5688,2017,3,2,0,0,0,0,1,0,2,0
5693,2011,3,3,0,0,0,0,0,0,1,0
5693,2013,3,2,1,0,0,0,1,0,0,0
5693,2014,3,3,0,0,0,0,0,0,0,0
5693,2017,4,2,1,1,0,0,2,0,0,0
5698,2016,2,2,1,0,0,1,0,0,1,0
5698,2019,1,0,0,0,0,0,1,0,0,0
5730,2015,3,3,2,0,0,0,0,0,1,0
5743,2008,2,2,0,0,0,0,0,0,1,0
5743,2011,2,2,0,0,0,0,0,0,1,0
5753,2012,3,3,0,0,0,0,0,0,2,0
5753,2013,2,1,0,0,0,0,1,0,0,0
5761,2008,3,2,1,0,0,0,1,0,0,0
5761,2011,2,0,0,0,0,0,1,1,0,0
5807,2008,3,2,0,0,0,0,1,0,1,0
5807,2012,12,10,5,0,0,1,1,1,2,0
5807,2014,5,4,2,2,0,0,1,0,0,0
5807,2017,3,3,0,0,0,0,0,0,1,0
5813,2006,4,4,2,0,0,0,0,0,1,0
5813,2007,2,2,2,1,0,0,0,0,0,0
5813,2017,3,3,1,0,0,0,0,0,0,0
5814,2006,6,6,4,1,0,0,0,0,0,0
5814,2008,7,7,2,1,0,1,0,0,3,0
5814,2009,3,2,2,0,0,0,1,0,0,0
5816,2005,1,1,1,0,0,0,0,0,0,0
5816,2006,4,4,2,0,0,0,0,0,0,0
5816,2008,6,6,1,0,0,0,0,0,0,0
5816,2010,2,1,1,0,0,0,1,0,0,0
5816,2012,7,6,1,1,0,0,1,0,2,0
5819,2013,2,1,1,1,0,0,1,0,0,0
5827,2008,3,3,0,0,0,0,0,0,2,0
5834,2015,1,1,0,0,0,0,0,0,0,0
5834,2016,5,5,0,0,0,0,0,0,1,0
5836,2010,3,2,1,0,0,0,1,0,0,0
5845,2012,3,2,1,0,0,0,0,0,1,0
5863,2006,3,3,0,0,0,0,0,0,1,0
5866,2014,3,3,1,0,0,0,0,0,0,0
5866,2015,5,5,1,0,0,0,0,0,1,0
5866,2016,3,2,1,0,0,0,1,0,0,0
5866,2017,3,2,0,0,0,0,1,0,2,0
5878,2016,3,3,1,0,0,0,0,0,0,0
5910,2012,3,3,1,0,0,0,0,0,1,0
5910,2014,3,3,1,0,0,0,0,0,1,0
5910,2015,12,11,4,1,0,0,1,0,0,0
5910,2016,11,10,5,1,0,0,1,0,1,0
5913,2015,12,11,4,1,0,1,1,0,1,0
5913,2016,19,17,5,2,0,0,2,0,4,0
5959,2017,2,1,1,0,0,0,1,0,0,0
5990,2016,2,1,0,0,0,0,0,0,0,0
6008,2005,3,3,0,0,0,0,0,0,2,0
6030,2005,2,2,1,1,0,0,0,0,0,0
6030,2007,3,1,0,0,0,0,2,0,1,0
6030,2009,3,2,0,0,0,0,1,0,1,0
6030,2011,3,2,1,0,0,0,1,0,0,0
6031,2006,3,2,0,0,0,0,1,0,0,0
6031,2008,2,2,0,0,0,0,0,0,0,0
6031,2011,3,3,0,0,0,0,0,0,1,0
6031,2013,1,1,0,0,0,0,0,0,0,0
6034,2006,1,1,1,0,0,1,0,0,0,0
6034,2008,3,2,0,0,0,0,1,0,1,0
6034,2009,3,2,0,0,0,0,1,0,1,0
6034,2011,3,3,0,0,0,0,0,0,0,0
6038,2012,3,3,1,0,0,0,0,0,1,0
6038,2013,3,3,1,0,0,0,0,0,1,0
6046,2014,2,2,0,0,0,0,0,0,0,0
6080,2007,3,3,1,0,0,0,0,0,0,0
6080,2012,9,8,0,0,0,0,1,0,2,0
6080,2013,3,3,0,0,0,0,0,0,1,0
6098,2008,1,1,1,1,0,0,0,0,0,0
6131,2013,2,2,2,0,0,0,0,0,0,0
6131,2014,6,6,1,1,0,0,0,0,1,0
6131,2016,2,2,0,0,0,0,0,0,0,0
6140,2013,1,1,1,0,0,0,0,0,0,0
6140,2014,4,4,1,0,0,0,0,0,2,0
6140,2015,2,1,0,0,0,0,1,0,0,0
6150,2017,3,2,0,0,0,0,1,0,1,0
6208,2008,8,7,3,1,0,0,1,0,2,0
6208,2010,5,4,1,0,0,0,1,0,2,0
6208,2012,3,3,1,1,0,0,0,0,1,0
6208,2013,3,2,1,0,0,1,1,0,0,0
6208,2014,3,1,0,0,0,0,2,0,0,0
6208,2015,12,10,1,0,0,0,1,1,2,0
6209,2008,6,6,1,1,0,0,0,0,4,0
6218,2009,1,1,0,0,0,0,0,0,1,0
6225,2017,3,2,1,0,0,0,0,0,0,1
6225,2019,2,2,0,0,0,0,0,0,0,0
6229,2011,2,2,0,0,0,0,0,0,0,0
6229,2012,3,3,0,0,0,0,0,0,2,0
6229,2013,2,1,0,0,0,0,0,0,0,0
6249,2014,3,3,1,0,0,0,0,0,0,0
6249,2015,3,3,0,0,0,0,0,0,2,0
6249,2016,3,3,1,0,0,0,0,0,1,0
6273,2014,2,2,0,0,0,0,0,0,2,0
6273,2017,1,0,0,0,0,0,0,0,0,0
6290,2008,3,3,0,0,0,0,0,0,2,0
6290,2009,6,4,0,0,0,0,2,0,0,0
6290,2010,3,3,0,0,0,0,0,0,1,0
6290,2011,3,2,0,0,0,0,1,0,1,0
6292,2008,2,2,0,0,0,0,0,0,1,0
6296,2008,7,7,1,0,0,0,0,0,3,0
6296,2010,3,2,0,0,0,0,0,0,0,1
6296,2011,6,4,1,1,0,0,2,0,1,0
6298,2016,2,2,0,0,0,0,0,0,1,0
6339,2012,2,1,0,0,0,0,1,0,1,0
6339,2013,8,6,2,1,0,1,2,0,0,0
6339,2014,2,2,2,0,0,0,0,0,0,0
6339,2019,1,1,0,0,0,0,0,0,0,0
6388,2008,4,3,1,0,0,0,1,0,1,0
6423,2008,2,0,0,0,0,0,1,0,0,0
6429,2013,1,1,0,0,0,0,0,0,0,0
6431,2012,2,0,0,0,0,0,2,0,0,0
6431,2013,4,2,0,0,0,0,1,0,1,0
6432,2008,2,2,0,0,0,0,0,0,0,0
6432,2011,3,3,1,0,0,0,0,0,1,0
6432,2013,3,3,2,1,0,0,0,0,1,0
6432,2015,3,3,1,0,0,0,0,0,0,0
6432,2016,2,2,1,1,0,0,0,0,0,0
6436,2015,9,6,0,0,0,0,3,0,0,0
6436,2016,18,15,3,0,0,1,3,0,5,0
6494,2013,2,2,0,0,0,0,0,0,0,0
6494,2016,3,3,1,0,0,0,0,0,0,0
6502,2011,2,2,0,0,0,0,0,0,1,0
6510,2008,3,3,0,0,0,0,0,0,0,0
6522,2008,5,5,0,0,0,0,0,0,2,0
6522,2015,1,1,1,0,0,0,0,0,0,0
6535,2013,3,3,1,0,0,0,0,0,1,0
6538,2008,3,3,0,0,0,0,0,0,0,0
6538,2012,8,6,1,1,0,0,2,0,2,0
6538,2013,3,3,0,0,0,0,0,0,0,0
6538,2014,3,3,1,0,0,0,0,0,1,0
6538,2015,6,4,1,1,0,0,2,0,0,0
6542,2011,3,3,1,1,0,0,0,0,0,0
6542,2013,3,3,2,0,0,0,0,0,1,0
6542,2014,3,3,0,0,0,0,0,0,0,0
6542,2015,6,6,2,0,0,0,0,0,1,0
6542,2016,3,2,0,0,0,0,0,0,1,1
6549,2005,2,1,0,0,0,0,1,0,0,0
6565,2008,7,5,1,0,0,0,1,1,0,0
6568,2005,2,2,0,0,0,0,0,0,0,0
6570,2005,1,0,0,0,0,0,0,1,0,0
6570,2006,3,3,0,0,0,0,0,0,0,0
6570,2007,2,2,0,0,0,0,0,0,0,0
6586,2010,4,3,0,0,0,0,0,0,1,0
6616,2008,3,3,1,0,0,0,0,0,0,0
6618,2019,1,1,1,0,0,0,0,0,0,0
6623,2016,3,2,0,0,0,0,1,0,0,0
6623,2017,6,4,4,3,0,0,2,0,0,0
6636,2010,5,4,1,0,0,0,1,0,1,0
6636,2011,3,3,0,0,0,0,0,0,1,0
6636,2012,3,3,0,0,0,0,0,0,0,0
6636,2013,6,6,1,0,0,0,0,0,0,0
6636,2014,16,12,7,0,0,0,3,0,0,1
6636,2015,3,2,1,1,0,0,1,0,0,0
6636,2019,2,2,0,0,0,0,0,0,0,0
6639,2008,3,2,1,0,0,0,1,0,0,0
6639,2009,4,3,0,0,0,0,1,0,3,0
6639,2011,3,2,0,0,0,0,0,1,1,0
6639,2012,3,3,1,1,0,0,0,0,2,0
6639,2014,3,3,0,0,0,0,0,0,1,0
6660,2006,1,1,0,0,0,0,0,0,0,0
6682,2013,1,1,0,0,0,0,0,0,0,0
6682,2014,2,1,0,0,0,0,1,0,0,0
6704,2015,3,3,0,0,0,0,0,0,1,0
6709,2013,3,3,0,0,0,0,0,0,0,0
6709,2016,2,2,0,0,0,0,0,0,2,0
6778,2008,2,2,0,0,0,0,0,0,1,0
6778,2012,2,2,0,0,0,0,0,0,1,0
6778,2013,2,2,1,0,0,0,0,0,1,0
6796,2012,2,1,1,0,0,1,1,0,0,0
6796,2013,3,3,0,0,0,0,0,0,1,0
6796,2019,1,1,0,0,0,0,0,0,0,0
6811,2019,1,1,1,0,0,0,0,0,0,0
6849,2012,4,4,0,0,0,0,0,0,2,0
6864,2007,3,3,1,0,0,1,0,0,1,0
6864,2011,3,2,1,0,0,0,1,0,0,0
6864,2013,3,3,0,0,0,0,0,0,1,0
6864,2016,4,4,0,0,0,0,0,0,0,0
6864,2017,3,3,2,0,0,0,0,0,0,0
6891,2011,2,2,0,0,0,0,0,0,1,0
6895,2008,1,1,1,0,0,0,0,0,0,0
6900,2006,1,1,0,0,0,0,0,0,0,0
6900,2014,3,3,1,0,0,0,0,0,0,0
6914,2016,2,2,1,0,0,0,0,0,0,0
6938,2012,3,1,0,0,0,0,2,0,0,0
6938,2014,3,3,0,0,0,0,0,0,0,0
6938,2015,8,8,1,1,0,0,0,0,3,0
6938,2016,8,7,3,1,0,1,1,0,1,0
6938,2019,1,1,1,0,0,0,0,0,0,0
6939,2015,3,2,0,0,0,0,1,0,0,0
6940,2017,2,2,1,0,0,0,0,0,0,0
6948,2016,2,2,1,0,0,0,0,0,0,0
6948,2020,1,1,1,0,0,0,0,0,0,0
6954,2015,3,2,1,0,0,0,1,0,0,0
6954,2016,3,2,0,0,0,0,1,0,1,0
6954,2017,1,0,0,0,0,0,1,0,0,0
6958,2015,2,2,0,0,0,0,0,0,2,0
6972,2008,3,1,0,0,0,0,2,0,1,0
6972,2015,5,5,1,0,0,0,0,0,1,0
6972,2016,3,2,0,0,0,0,1,0,1,0
6977,2012,3,3,2,0,0,0,0,0,1,0
6977,2015,4,4,3,0,0,0,0,0,0,0
6977,2020,1,0,0,0,0,0,0,1,0,0
6985,2006,2,1,0,0,0,0,0,0,0,1
6985,2008,3,3,0,0,0,0,0,0,1,0
6985,2014,3,3,0,0,0,0,0,0,0,0
6985,2015,11,8,2,1,0,0,1,0,1,2
6985,2016,11,11,2,0,0,1,0,0,2,0
7019,2007,2,2,0,0,0,0,0,0,0,0
7019,2017,2,2,0,0,0,0,0,0,0,0
7042,2008,3,3,1,0,0,0,0,0,0,0
7043,2008,7,6,3,0,0,1,0,0,0,0
7043,2009,3,3,0,0,0,0,0,0,2,0
7048,2007,3,3,0,0,0,0,0,0,2,0
7060,2007,3,3,1,0,0,1,0,0,1,0
7060,2015,13,13,4,1,0,0,0,0,4,0
7060,2016,12,10,6,0,0,0,2,0,0,0
7072,2012,3,3,0,0,0,0,0,0,0,0
7088,2011,2,1,0,0,0,0,1,0,1,0
7088,2016,5,5,3,0,0,0,0,0,0,0
7089,2012,3,3,1,1,0,0,0,0,1,0
7089,2014,1,1,1,0,0,0,0,0,0,0
7103,2016,7,7,3,1,0,0,0,0,1,0
7127,2008,6,5,3,1,0,1,1,0,0,0
7127,2010,3,2,0,0,0,0,1,0,1,0
7127,2012,2,2,0,0,0,0,0,0,1,0
7127,2014,3,3,0,0,0,0,0,0,2,0
7127,2015,3,3,1,0,0,0,0,0,2,0
7127,2016,2,2,2,0,0,0,0,0,0,0
7132,2015,5,5,2,0,0,0,0,0,0,0
7132,2016,3,3,0,0,0,0,0,0,1,0
7153,2008,2,2,1,0,0,0,0,0,1,0
7171,2010,3,3,0,0,0,0,0,0,1,0
7171,2011,6,5,4,1,1,1,1,0,1,0
7171,2012,6,5,1,0,0,0,1,0,1,0
7171,2015,4,4,1,0,0,0,0,0,2,0
7171,2017,3,3,0,0,0,0,0,0,2,0
7193,2012,3,3,1,0,0,0,0,0,1,0
7194,2012,2,0,0,0,0,0,2,0,0,0
7209,2010,5,3,0,0,0,0,1,1,0,0
7209,2011,6,5,0,0,0,0,0,0,2,1
7220,2014,2,2,0,0,0,0,0,0,2,0
7269,2008,11,9,4,1,0,0,2,0,1,0
7269,2013,3,3,1,1,0,0,0,0,1,0
7269,2014,2,2,1,1,0,0,0,0,0,0
7300,2019,1,1,0,0,0,0,0,0,0,0
7320,2013,3,2,0,0,0,0,1,0,0,0
7337,2013,2,2,0,0,0,0,0,0,1,0
7387,2017,2,2,0,0,0,0,0,0,2,0
7411,2012,1,0,0,0,0,0,1,0,0,0
7411,2013,3,3,1,0,0,0,0,0,2,0
7411,2014,5,2,1,0,0,0,1,2,0,0
7439,2006,2,2,2,0,0,0,0,0,0,0
7439,2008,1,1,0,0,0,0,0,0,1,0
7439,2009,1,0,0,0,0,0,1,0,0,0
7445,2008,7,5,1,0,0,0,1,0,0,1
7453,2008,4,3,0,0,0,0,1,0,1,0
7462,2016,3,3,2,0,0,1,0,0,0,0
7462,2017,3,1,0,0,0,0,2,0,0,0
7492,2007,3,2,0,0,0,0,1,0,1,0
7510,2014,3,1,0,0,0,0,0,0,1,0
7546,2008,2,2,0,0,0,0,0,0,1,0
7840,2005,1,1,1,0,0,0,0,0,0,0
7840,2008,3,3,0,0,0,0,0,0,1,0
7845,2006,2,2,1,0,0,1,0,0,0,0
7845,2008,2,2,0,0,0,0,0,0,0,0
7845,2011,3,2,2,1,0,1,1,0,0,0
7847,2008,3,3,0,0,0,0,0,0,1,0
7847,2009,3,3,0,0,0,0,0,0,1,0
7847,2011,6,5,2,0,0,1,1,0,1,0
7847,2012,6,5,1,0,0,0,1,0,1,0
7847,2013,5,5,0,0,0,0,0,0,1,0
7847,2014,8,8,1,1,0,0,0,0,0,0
7847,2015,3,3,0,0,0,0,0,0,0,0
7847,2016,3,3,1,0,0,0,0,0,0,0
7847,2017,2,2,0,0,0,0,0,0,0,0
7865,2006,3,2,1,1,0,0,1,0,0,0
7880,2012,4,3,0,0,0,0,1,0,0,0
7886,2008,3,3,0,0,0,0,0,0,1,0
7886,2010,5,4,0,0,0,0,1,0,0,0
7886,2012,12,9,3,1,0,0,2,1,2,0
7886,2013,6,5,1,0,0,0,1,0,1,0
7886,2014,3,3,1,1,0,0,0,0,0,0
7886,2015,3,3,1,0,0,0,0,0,1,0
7886,2017,3,2,1,0,0,0,1,0,0,0
7887,2017,2,1,0,0,0,0,0,0,1,0
7917,2019,1,0,0,0,0,0,1,0,0,0
7929,2012,4,4,0,0,0,0,0,0,0,0
7931,2014,3,3,0,0,0,0,0,0,1,0
7941,2014,2,1,0,0,0,0,0,0,0,0
7947,2007,3,3,1,0,0,0,0,0,0,0
7947,2013,3,3,1,0,0,0,0,0,1,0
7950,2005,2,2,0,0,0,0,0,0,1,0
7950,2007,3,3,2,1,0,0,0,0,0,0
7950,2010,1,1,0,0,0,0,0,0,0,0
7968,2012,1,1,0,0,0,0,0,0,0,0
7968,2015,3,2,2,0,0,1,1,0,0,0
7968,2016,6,4,2,0,0,0,1,1,1,0
7968,2019,1,1,0,0,0,0,0,0,0,0
7981,2008,7,7,2,1,0,0,0,0,3,0
7981,2010,2,1,0,0,0,0,1,0,0,0
7981,2011,4,3,1,0,0,0,0,1,0,0
7992,2007,3,3,0,0,0,0,0,0,1,0
7992,2016,6,6,4,2,0,0,0,0,0,0
7995,2017,1,1,0,0,0,0,0,0,1,0
7999,2011,2,2,0,0,0,0,0,0,1,0
8009,2010,3,2,1,0,0,0,1,0,0,0
8009,2013,3,3,1,0,1,0,0,0,0,0
8009,2017,3,2,1,0,0,1,1,0,1,0
8012,2005,1,1,1,0,0,0,0,0,0,0
8012,2007,3,2,1,0,0,0,1,0,0,0
8012,2013,2,1,1,0,0,0,1,0,0,0
8015,2010,2,2,0,0,0,0,0,0,1,0
8031,2008,6,5,0,0,0,0,1,0,3,0
8031,2015,5,4,0,0,0,0,1,0,2,0
8031,2016,1,1,1,0,0,0,0,0,0,0
8043,2017,2,2,0,0,0,0,0,0,1,0
8050,2016,3,3,1,1,0,0,0,0,2,0
8105,2013,1,0,0,0,0,0,0,1,0,0
8106,2012,2,1,0,0,0,0,1,0,0,0
8106,2015,5,4,1,0,0,0,1,0,0,0
8107,2009,3,3,1,0,0,0,0,0,0,0
8107,2012,4,2,1,0,0,0,2,0,0,0
8107,2013,5,5,1,0,0,0,0,0,1,0
8107,2014,6,5,3,1,0,0,1,0,1,0
8107,2016,3,3,2,1,0,0,0,0,0,0
8107,2017,5,3,1,0,0,0,2,0,1,0
8109,2016,2,2,0,0,0,0,0,0,1,0
8112,2019,1,1,0,0,0,0,0,0,0,0
8142,2008,5,3,0,0,0,0,0,0,2,0
8156,2012,3,3,0,0,0,0,0,0,2,0
8169,2006,2,2,0,0,0,0,0,0,0,0
8169,2012,2,1,0,0,0,0,1,0,1,0
8169,2015,3,2,0,0,0,0,1,0,0,0
8169,2016,18,16,3,2,0,1,2,0,3,0
8170,2016,14,12,3,0,0,1,2,0,3,0
8178,2016,2,2,0,0,0,0,0,0,0,0
8189,2013,1,1,1,0,0,0,0,0,0,0
8189,2016,5,5,2,0,0,0,0,0,2,0
8190,2013,3,3,1,0,0,0,0,0,0,0
8190,2015,3,3,3,0,0,0,0,0,0,0
8190,2017,3,2,0,0,0,0,1,0,1,0
8209,2014,3,3,0,0,0,0,0,0,1,0
8216,2009,1,1,0,0,0,0,0,0,0,0
8217,2012,6,6,1,0,0,0,0,0,2,0
8217,2013,3,2,0,0,0,0,1,0,0,0
8246,2019,1,1,1,0,0,0,0,0,0,0
8255,2005,2,2,0,0,0,0,0,0,0,0
8255,2008,2,2,1,0,0,0,0,0,1,0
8278,2012,2,2,0,0,0,0,0,0,0,0
8294,2013,2,1,1,0,0,0,1,0,0,0
8294,2014,2,2,0,0,0,0,0,0,2,0
8297,2012,3,3,0,0,0,0,0,0,1,0
8302,2010,1,0,0,0,0,0,1,0,0,0
8302,2011,3,3,2,1,0,0,0,0,0,0
8302,2012,1,1,0,0,0,0,0,0,1,0
8314,2011,2,0,0,0,0,0,1,0,0,1
8326,2012,2,2,2,0,0,0,0,0,0,0
8331,2020,1,1,0,0,0,0,0,0,1,0
8334,2013,2,2,0,0,0,0,0,0,1,0
8342,2013,3,3,1,0,0,0,0,0,0,0
8354,2013,2,2,1,0,0,0,0,0,0,0
8355,2017,2,1,0,0,0,0,1,0,0,0
8361,2008,3,3,1,1,0,0,0,0,1,0
8381,2016,7,7,4,0,0,0,0,0,0,0
8394,2014,2,1,0,0,0,0,0,1,1,0
8431,2016,6,5,4,1,0,1,1,0,0,0
8451,2008,2,2,0,0,0,0,0,0,0,0
8456,2020,2,2,1,1,0,0,0,0,0,0
8458,2008,3,2,0,0,0,0,0,1,0,0
8486,2010,2,2,0,0,0,0,0,0,1,0
8501,2016,2,1,0,0,0,0,1,0,1,0
8501,2020,1,0,0,0,0,0,1,0,0,0
8505,2014,4,2,0,0,0,0,2,0,0,0
8505,2015,3,3,1,0,0,0,0,0,0,0
8521,2006,2,2,0,0,0,0,0,0,1,0
8521,2007,3,2,1,0,0,1,1,0,0,0
8543,2016,4,4,1,0,0,0,0,0,0,0
8544,2013,3,2,0,0,0,0,1,0,0,0
8544,2015,6,4,0,0,0,0,1,0,1,1
8544,2016,3,3,0,0,0,0,0,0,0,0
8557,2013,1,1,0,0,0,0,0,0,1,0
8601,2008,2,2,1,0,0,0,0,0,0,0
8601,2011,3,1,0,0,0,0,2,0,0,0
8601,2014,9,7,4,2,0,0,2,0,0,0
8618,2017,1,1,0,0,0,0,0,0,1,0
8623,2013,3,3,0,0,0,0,0,0,1,0
8623,2014,3,3,0,0,0,0,0,0,0,0
8623,2016,3,3,1,0,0,0,0,0,1,0
8624,2005,2,1,0,0,0,0,1,0,0,0
8628,2011,3,3,1,0,0,0,0,0,0,0
8628,2012,9,5,1,1,0,0,4,0,0,0
8628,2013,3,3,1,0,0,0,0,0,0,0
8628,2014,3,3,0,0,0,0,0,0,0,0
8641,2012,3,3,0,0,0,0,0,0,1,0
8641,2013,7,7,1,0,0,0,0,0,2,0
8701,2016,3,3,0,0,0,0,0,0,3,0
8722,2010,5,5,2,1,0,0,0,0,1,0
8722,2012,9,9,1,0,0,0,0,0,2,0
8722,2013,5,4,0,0,0,0,1,0,0,0
8722,2014,1,1,0,0,0,0,0,0,0,0
8722,2015,3,3,1,1,0,0,0,0,0,0
8755,2011,3,2,1,1,0,0,0,0,1,0
8775,2014,3,3,1,1,0,0,0,0,0,0
8778,2009,4,4,1,0,0,0,0,0,1,0
8780,2005,1,1,1,0,0,0,0,0,0,0
8782,2010,3,2,0,0,0,0,1,0,0,0
8782,2011,3,3,0,0,0,0,0,0,1,0
8795,2006,4,4,1,0,0,0,0,0,1,0
8795,2007,3,3,1,0,0,0,0,0,0,0
8805,2008,3,3,0,0,0,0,0,0,0,0
8809,2017,3,3,1,0,0,0,0,0,1,0
8812,2008,4,4,1,0,0,0,0,0,0,0
8812,2013,3,3,1,0,0,0,0,0,1,0
8812,2015,3,3,0,0,0,0,0,0,0,0
8814,2015,2,2,0,0,0,0,0,0,0,0
8823,2008,2,1,0,0,0,0,1,0,1,0
8823,2009,2,2,0,0,0,0,0,0,1,0
8834,2014,3,3,1,0,0,0,0,0,0,0
8834,2015,2,1,0,0,0,0,1,0,0,0
8835,2011,9,4,1,0,0,1,5,0,1,0
8848,2014,3,3,1,0,0,0,0,0,0,0
8853,2008,3,3,1,0,0,0,0,0,1,0
8854,2008,6,6,2,1,0,1,0,0,3,0
8854,2009,6,5,0,0,0,0,1,0,1,0
8854,2010,3,3,1,0,0,0,0,0,1,0
8854,2011,5,4,0,0,0,0,1,0,3,0
8854,2012,8,6,0,0,0,0,2,0,4,0
8854,2013,13,12,4,1,1,2,1,0,4,0
8860,2013,1,1,0,0,0,0,0,0,0,0
8870,2014,3,2,1,0,0,0,1,0,0,0
8870,2017,3,3,0,0,0,0,0,0,0,0
8872,2006,1,0,0,0,0,0,1,0,0,0
8872,2014,15,13,4,0,0,2,2,0,4,0
8872,2015,3,3,1,1,0,0,0,0,0,0
8872,2016,3,3,1,0,0,0,0,0,0,0
8880,2014,2,1,0,0,0,0,1,0,1,0
8889,2014,1,0,0,0,0,0,1,0,0,0
8893,2016,3,3,1,0,0,0,0,0,1,0
8904,2015,1,1,1,0,0,0,0,0,0,0
8904,2017,2,2,1,0,0,0,0,0,0,0
8907,2013,4,4,2,0,0,0,0,0,1,0
8923,2015,4,3,0,0,0,0,1,0,1,0
8923,2016,8,5,0,0,0,0,3,0,2,0
8929,2007,3,3,1,0,0,0,0,0,0,0
8961,2013,1,1,0,0,0,0,0,0,0,0
8972,2017,2,0,0,0,0,0,2,0,0,0
8978,2015,2,2,0,0,0,0,0,0,1,0
9002,2017,3,3,1,1,0,0,0,0,0,0
9002,2019,1,0,0,0,0,0,1,0,0,0
9003,2017,2,2,0,0,0,0,0,0,0,0
9003,2019,1,1,0,0,0,0,0,0,0,0
9012,2012,6,5,1,0,0,0,1,0,1,0
9012,2013,3,2,0,0,0,0,1,0,0,0
9012,2014,9,8,1,1,0,0,0,1,0,0
9012,2015,3,3,1,0,0,0,0,0,0,0
9012,2017,3,3,0,0,0,0,0,0,1,0
9036,2007,3,3,0,0,0,0,0,0,2,0
9044,2008,3,3,0,0,0,0,0,0,3,0
9051,2008,3,3,0,0,0,0,0,0,0,0
9051,2012,3,3,0,0,0,0,0,0,0,0
9051,2013,3,3,0,0,0,0,0,0,1,0
9060,2015,5,5,0,0,0,0,0,0,0,0
9060,2016,3,2,1,0,0,0,0,1,0,0
9067,2017,5,5,1,1,0,0,0,0,2,0
9067,2019,1,1,0,0,0,0,0,0,1,0
9085,2016,3,3,1,0,0,0,0,0,1,0
9085,2017,2,2,1,0,0,0,0,0,0,0
9105,2015,12,12,4,0,0,0,0,0,1,0
9105,2016,5,5,1,0,0,0,0,0,2,0
9105,2017,3,3,1,0,0,0,0,0,1,0
9114,2005,3,3,2,1,0,0,0,0,0,0
9118,2015,4,4,1,1,0,0,0,0,1,0
9118,2017,3,3,0,0,0,0,0,0,0,0
9119,2015,3,2,1,0,0,0,1,0,0,0
9119,2016,6,6,1,1,0,0,0,0,2,0
9120,2007,3,2,1,1,0,0,1,0,0,0
9120,2012,6,6,2,0,0,0,0,0,0,0
9120,2013,3,2,1,0,0,0,1,0,1,0
9125,2013,3,3,0,0,0,0,0,0,1,0
9129,2011,1,0,0,0,0,0,0,0,0,0
9129,2012,1,1,1,0,0,1,0,0,0,0
9156,2010,1,1,1,0,0,0,0,0,0,0
9156,2012,3,3,0,0,0,0,0,0,1,0
9156,2013,8,5,4,2,0,0,2,0,0,1
9187,2012,3,3,2,0,0,0,0,0,0,0
9187,2013,6,6,0,0,0,0,0,0,1,0
9187,2016,3,3,0,0,0,0,0,0,0,0
9193,2011,3,3,1,0,0,0,0,0,0,0
9203,2011,3,3,1,1,0,0,0,0,1,0
9218,2016,7,5,2,1,0,1,1,0,1,0
9232,2013,3,2,0,0,0,0,1,0,1,0
9232,2014,3,3,2,1,0,0,0,0,0,0
9232,2017,3,2,1,0,0,1,1,0,0,0
9233,2008,6,4,1,0,0,1,2,0,0,0
9233,2009,5,3,2,1,0,1,2,0,0,0
9233,2011,3,3,1,0,0,0,0,0,1,0
9233,2016,3,2,1,0,0,0,1,0,0,0
9233,2019,2,0,0,0,0,0,2,0,0,0
9241,2007,2,2,1,0,0,0,0,0,1,0
9241,2011,3,2,0,0,0,0,1,0,0,0
9268,2008,3,3,0,0,0,0,0,0,0,0
9268,2009,3,3,0,0,0,0,0,0,0,0
9273,2013,2,1,0,0,0,0,1,0,1,0
9317,2008,6,5,2,0,0,0,1,0,2,0
9317,2010,3,3,1,0,0,0,0,0,0,0
9317,2011,9,8,2,1,0,0,0,1,0,0
9317,2012,6,6,1,0,0,0,0,0,0,0
9317,2014,15,14,3,0,0,0,0,1,2,0
9317,2015,2,2,0,0,0,0,0,0,0,0
9319,2015,12,12,2,0,0,0,0,0,2,0
9331,2008,6,4,0,0,0,0,1,0,0,1
9331,2009,3,3,1,1,0,0,0,0,1,0
9331,2010,3,3,1,0,0,0,0,0,1,0
9331,2011,3,3,0,0,0,0,0,0,2,0
9331,2012,3,3,1,0,0,0,0,0,0,0
9331,2013,3,3,0,0,0,0,0,0,0,0
9331,2014,2,1,0,0,0,0,1,0,1,0
9331,2015,3,3,2,0,0,0,0,0,0,0
9331,2016,3,3,0,0,0,0,0,0,1,0
9335,2015,6,6,1,0,0,1,0,0,1,0
9335,2016,15,12,3,0,0,0,2,1,0,0
9367,2012,2,1,1,0,0,0,1,0,0,0
9367,2014,6,6,1,0,0,0,0,0,0,0
9384,2012,3,2,0,0,0,0,1,0,2,0
9390,2009,5,4,2,1,0,0,0,0,0,0
9390,2011,6,6,0,0,0,0,0,0,3,0
9390,2013,2,2,1,1,0,0,0,0,1,0
9390,2014,2,2,2,1,0,1,0,0,0,0
9390,2016,2,2,2,0,0,0,0,0,0,0
9420,2014,2,2,1,0,0,0,0,0,0,0
9428,2016,2,1,0,0,0,0,0,1,0,0
9435,2014,3,3,0,0,0,0,0,0,2,0
9436,2015,3,3,1,0,0,0,0,0,0,0
9436,2016,3,2,1,1,0,0,1,0,0,0
9484,2016,2,1,1,1,0,0,1,0,0,0
9499,2014,6,6,2,0,0,0,0,0,1,0
9499,2016,4,4,1,0,0,0,0,0,0,0
9499,2020,2,2,0,0,0,0,0,0,0,0
9520,2014,7,6,0,0,0,0,1,0,0,0
9520,2015,2,2,0,0,0,0,0,0,0,0
9525,2008,3,2,0,0,0,0,0,1,0,0
9533,2008,3,3,3,0,1,0,0,0,0,0
9533,2009,3,2,1,0,0,0,1,0,0,0
9533,2011,1,1,1,0,0,0,0,0,0,0
9533,2014,3,3,1,1,0,0,0,0,0,0
9533,2015,3,3,2,0,0,0,0,0,0,0
9533,2017,5,4,0,0,0,0,1,0,1,0
9549,2008,3,1,1,0,0,0,2,0,0,0
9549,2010,5,4,0,0,0,0,1,0,2,0
9549,2011,2,2,0,0,0,0,0,0,1,0
9549,2014,6,5,0,0,0,0,1,0,2,0
9549,2015,2,2,0,0,0,0,0,0,0,0
9625,2008,3,3,1,1,0,0,0,0,0,0
9644,2008,5,5,0,0,0,0,0,0,0,0
9654,2005,2,2,1,0,0,0,0,0,0,0
9654,2006,4,3,1,0,0,0,0,1,1,0
9654,2012,8,6,3,0,0,0,1,0,0,1
9663,2015,3,2,0,0,0,0,1,0,1,0
9663,2017,5,5,1,0,0,0,0,0,1,0
9668,2013,5,4,3,2,0,0,1,0,0,0
9668,2014,3,3,0,0,0,0,0,0,1,0
9668,2015,3,3,1,0,0,0,0,0,2,0
9668,2017,3,2,0,0,0,0,0,0,0,1
9668,2019,3,2,0,0,0,0,1,0,0,0
9683,2005,2,1,0,0,0,0,1,0,1,0
9683,2007,3,2,1,0,0,0,0,0,0,1
9683,2013,2,2,0,0,0,0,0,0,0,0
9683,2014,2,2,0,0,0,0,0,0,0,0
9687,2008,3,2,0,0,0,0,1,0,0,0
9690,2017,2,0,0,0,0,0,2,0,0,0
9710,2012,3,1,0,0,0,0,2,0,1,0
9710,2013,3,2,0,0,0,0,1,0,1,0
9726,2013,3,3,0,0,0,0,0,0,0,0
9739,2015,4,4,0,0,0,0,0,0,0,0
9763,2008,3,2,1,0,0,0,1,0,1,0
9763,2015,3,3,1,1,0,0,0,0,0,0
9790,2006,2,2,2,0,0,0,0,0,0,0
9790,2007,3,3,0,0,0,0,0,0,2,0
9818,2011,2,2,0,0,0,0,0,0,2,0
9822,2008,2,2,0,0,0,0,0,0,0,0
9822,2010,2,1,0,0,0,0,0,0,1,0
9822,2011,2,2,0,0,0,0,0,0,0,0
9830,2012,1,1,0,0,0,0,0,0,1,0
9863,2008,3,3,2,1,0,1,0,0,0,0
9863,2012,3,2,1,0,0,0,1,0,0,0
9869,2008,7,7,1,0,0,0,0,0,2,0
9869,2012,6,5,0,0,0,0,1,0,1,0
9869,2014,3,2,0,0,0,0,1,0,0,0
9897,2015,1,1,0,0,0,0,0,0,1,0
9897,2016,4,4,2,1,0,0,0,0,0,0
9923,2017,2,2,0,0,0,0,0,0,1,0
9928,2015,3,3,0,0,0,0,0,0,0,0
9928,2016,7,7,3,1,0,0,0,0,1,0
9941,2011,2,2,1,0,0,0,0,0,0,0
9941,2012,7,5,2,0,0,1,2,0,1,0
9941,2013,13,13,5,1,0,1,0,0,2,0
9941,2014,3,2,1,1,0,0,1,0,0,0
9959,2008,3,3,0,0,0,0,0,0,0,0
9959,2009,3,2,0,0,0,0,0,1,1,0
9959,2010,3,3,0,0,0,0,0,0,1,0
9959,2011,3,2,0,0,0,0,1,0,0,0
9960,2009,2,1,0,0,0,0,1,0,1,0
9976,2005,3,2,1,0,0,0,0,1,0,0
9976,2008,6,5,1,0,0,0,0,1,2,0
10008,2014,1,1,0,0,0,0,0,0,0,0
10010,2008,2,2,1,1,0,0,0,0,1,0
10010,2012,3,3,0,0,0,0,0,0,0,0
10010,2014,3,3,0,0,0,0,0,0,1,0
10028,2014,3,3,0,0,0,0,0,0,1,0
10028,2017,2,2,0,0,0,0,0,0,0,0
10036,2015,2,2,1,1,0,0,0,0,0,0
10036,2017,2,2,0,0,0,0,0,0,0,0
10045,2012,3,3,2,0,0,0,0,0,1,0
10045,2013,5,4,2,0,1,0,1,0,0,0
10045,2014,3,3,0,0,0,0,0,0,1,0
10045,2015,3,2,1,0,0,0,0,0,0,0
10045,2016,3,3,2,1,0,0,0,0,0,0
10051,2012,3,3,0,0,0,0,0,0,1,0
10051,2013,3,3,0,0,0,0,0,0,0,0
10064,2014,3,2,0,0,0,0,0,0,0,0
10064,2017,2,1,1,1,0,0,0,1,0,0
10110,2015,6,5,1,0,0,0,0,0,1,0
10110,2016,7,7,3,2,0,0,0,0,0,0
10117,2013,3,3,1,1,0,0,0,0,2,0
10117,2014,2,1,0,0,0,0,1,0,1,0
10117,2016,8,7,0,0,0,0,1,0,4,0
10118,2014,3,1,1,1,0,0,0,0,0,0
10137,2010,3,3,1,0,0,0,0,0,1,0
10137,2011,3,1,1,0,0,0,2,0,0,0
10143,2015,9,8,2,0,0,0,1,0,0,0
10148,2008,9,7,1,1,0,0,1,1,2,0
10148,2010,1,1,1,1,0,0,0,0,0,0
10150,2010,3,3,1,1,0,0,0,0,1,0
10150,2011,2,1,0,0,0,0,1,0,0,0
10151,2016,3,3,1,0,0,0,0,0,2,0
10151,2019,1,1,1,0,0,1,0,0,0,0
10153,2012,2,2,1,0,0,0,0,0,0,0
10153,2013,4,4,2,0,0,0,0,0,0,0
10156,2011,2,2,0,0,0,0,0,0,1,0
10181,2008,3,3,1,0,0,0,0,0,1,0
10181,2010,1,1,1,0,0,0,0,0,0,0
10181,2012,1,1,1,1,0,0,0,0,0,0
10181,2013,8,8,3,2,0,0,0,0,0,0
10181,2015,6,6,1,1,0,0,0,0,0,0
10197,2015,1,1,0,0,0,0,0,0,1,0
10197,2016,8,7,1,0,0,0,1,0,4,0
10200,2019,1,1,0,0,0,0,0,0,0,0
10205,2011,2,2,0,0,0,0,0,0,1,0
10205,2015,11,8,2,0,0,1,3,0,3,0
10205,2016,20,15,3,1,0,2,5,0,2,0
10206,2015,9,9,2,0,0,0,0,0,4,0
10206,2016,5,4,0,0,0,0,1,0,2,0
10207,2017,2,2,0,0,0,0,0,0,1,0
10224,2007,3,3,0,0,0,0,0,0,0,0
10230,2013,1,0,0,0,0,0,1,0,0,0
10240,2011,1,1,1,0,0,0,0,0,0,0
10250,2012,6,6,1,0,0,0,0,0,1,0
10250,2013,3,1,1,1,0,0,2,0,0,0
10250,2016,3,3,0,0,0,0,0,0,1,0
10250,2017,5,5,1,0,0,0,0,0,0,0
10276,2009,2,1,0,0,0,0,1,0,0,0
10276,2012,3,3,0,0,0,0,0,0,1,0
10276,2013,1,1,0,0,0,0,0,0,1,0
10276,2015,5,5,0,0,0,0,0,0,2,0
10281,2011,1,0,0,0,0,0,0,0,0,0
10281,2014,1,1,0,0,0,0,0,0,1,0
10296,2011,3,2,1,0,0,0,1,0,1,0
10296,2012,3,2,1,1,0,0,1,0,1,0
10296,2013,4,4,1,0,0,1,0,0,0,0
10296,2014,3,3,0,0,0,0,0,0,1,0
10318,2009,2,1,0,0,0,0,1,0,0,0
10318,2012,2,2,0,0,0,0,0,0,1,0
10327,2016,2,1,0,0,0,0,1,0,0,0
10360,2008,7,4,1,0,0,0,3,0,0,0
10360,2009,5,5,2,2,0,0,0,0,1,0
10360,2011,3,3,1,1,0,0,0,0,0,0
10360,2012,3,1,0,0,0,0,2,0,0,0
10360,2013,3,3,0,0,0,0,0,0,1,0
10360,2014,5,2,1,0,0,0,2,0,0,1
10366,2019,2,2,1,0,0,0,0,0,0,0
10382,2011,3,2,0,0,0,0,1,0,1,0
10382,2013,3,3,0,0,0,0,0,0,0,0
10398,2016,2,2,1,0,0,0,0,0,0,0
10401,2006,4,2,0,0,0,0,2,0,1,0
10401,2007,2,2,0,0,0,0,0,0,0,0
10401,2008,3,2,0,0,0,0,0,1,0,0
10401,2012,6,4,2,0,0,0,1,1,0,0
10401,2013,8,7,0,0,0,0,1,0,2,0
10404,2017,3,2,1,0,0,0,1,0,0,0
10406,2012,3,2,1,0,0,0,1,0,1,0
10406,2013,4,4,1,0,0,0,0,0,2,0
10406,2016,3,3,1,0,0,1,0,0,0,0
10406,2017,2,1,1,1,0,0,1,0,0,0
10406,2020,1,1,1,0,0,0,0,0,0,0
10432,2013,6,6,0,0,0,0,0,0,0,0
10432,2014,10,9,0,0,0,0,0,0,0,0
10451,2015,2,2,0,0,0,0,0,0,0,0
10451,2016,4,3,1,1,0,0,1,0,1,0
10478,2005,1,1,1,0,0,1,0,0,0,0
10478,2006,6,5,2,1,0,0,1,0,0,0
10510,2015,3,2,1,1,0,0,0,1,1,0
10510,2016,3,2,0,0,0,0,1,0,1,0
10510,2017,3,2,0,0,0,0,1,0,0,0
10520,2007,3,2,2,0,0,1,1,0,0,0
10566,2011,2,2,0,0,0,0,0,0,1,0
10575,2016,3,3,2,0,0,0,0,0,0,0
10602,2013,4,4,1,0,0,0,0,0,2,0
10602,2014,3,2,1,0,0,0,1,0,0,0
10602,2016,3,3,1,0,0,0,0,0,0,0
10602,2019,1,1,0,0,0,0,0,0,1,0
10609,2012,1,1,0,0,0,0,0,0,0,0
10609,2014,1,1,0,0,0,0,0,0,0,0
10630,2015,3,3,1,0,0,0,0,0,2,0
10646,2006,2,2,2,0,0,1,0,0,0,0
10646,2008,3,2,0,0,0,0,1,0,0,0
10646,2015,6,5,0,0,0,0,1,0,1,0
10732,2009,3,3,0,0,0,0,0,0,2,0
10754,2016,3,2,0,0,0,0,0,0,0,0
10770,2010,3,3,0,0,0,0,0,0,1,0
10770,2011,3,2,0,0,0,0,1,0,0,0
10770,2016,3,3,0,0,0,0,0,0,1,0
10780,2012,6,5,0,0,0,0,1,0,1,0
10783,2016,2,2,0,0,0,0,0,0,0,0
10791,2006,2,1,0,0,0,0,1,0,1,0
10797,2012,7,6,2,0,0,1,1,0,3,0
10804,2011,1,1,1,0,0,0,0,0,0,0
10805,2013,3,3,0,0,0,0,0,0,2,0
10807,2010,2,2,0,0,0,0,0,0,2,0
10807,2011,3,2,0,0,0,0,1,0,2,0
10807,2012,3,3,0,0,0,0,0,0,2,0
10823,2015,3,3,0,0,0,0,0,0,0,0
10823,2017,3,2,1,0,0,0,1,0,1,0
10823,2019,1,1,0,0,0,0,0,0,0,0
10826,2014,2,2,1,0,0,0,0,0,0,0
10831,2014,3,3,0,0,0,0,0,0,0,0
10833,2015,3,3,1,0,0,1,0,0,1,0
10844,2010,3,3,1,1,0,0,0,0,1,0
10844,2011,5,4,0,0,0,0,1,0,2,0
10844,2013,2,2,1,0,0,0,0,0,1,0
10844,2014,3,3,1,0,0,1,0,0,1,0
10861,2008,3,1,0,0,0,0,2,0,1,0
10861,2011,5,5,1,0,0,0,0,0,2,0
10861,2015,2,2,0,0,0,0,0,0,1,0
10871,2016,3,3,2,0,0,1,0,0,0,0
10871,2017,2,2,1,0,0,0,0,0,1,0
10877,2013,3,2,1,0,0,0,1,0,1,0
10877,2014,7,6,1,0,0,0,1,0,1,0
10922,2015,3,2,1,0,0,0,0,1,0,0
10922,2016,2,2,2,0,1,1,0,0,0,0
10922,2019,1,1,0,0,0,0,0,0,0,0
10941,2005,2,1,1,1,0,0,1,0,0,0
10941,2008,3,1,0,0,0,0,2,0,0,0
10944,2017,2,2,0,0,0,0,0,0,0,0
10964,2010,3,3,2,1,0,1,0,0,0,0
10964,2011,2,2,0,0,0,0,0,0,0,0
10964,2013,3,3,2,1,0,0,0,0,1,0
10964,2014,3,3,0,0,0,0,0,0,1,0
10964,2019,1,1,1,0,0,0,0,0,0,0
10977,2017,3,3,1,0,1,0,0,0,1,0
11037,2011,2,2,1,1,0,0,0,0,1,0
11037,2015,3,3,0,0,0,0,0,0,0,0
11041,2008,5,3,1,0,0,0,1,1,0,0
11041,2010,2,2,0,0,0,0,0,0,2,0
11046,2007,3,3,0,0,0,0,0,0,0,0
11086,2020,1,1,0,0,0,0,0,0,0,0
11111,2013,2,2,0,0,0,0,0,0,1,0
11111,2017,2,2,0,0,0,0,0,0,0,0
11133,2012,3,3,2,0,0,1,0,0,0,0
11148,2014,3,3,0,0,0,0,0,0,3,0
11148,2015,3,3,1,0,0,1,0,0,1,0
11154,2013,3,2,0,0,0,0,0,0,0,1
11173,2005,2,2,2,0,0,0,0,0,0,0
11190,2006,7,7,2,0,0,0,0,0,1,0
11190,2007,3,3,1,0,0,0,0,0,0,0
11190,2012,7,6,2,0,0,0,1,0,0,0
11190,2016,2,2,0,0,0,0,0,0,0,0
11191,2007,2,2,0,0,0,0,0,0,0,0
11191,2013,2,2,1,0,0,0,0,0,1,0
11191,2015,9,9,0,0,0,0,0,0,1,0
11199,2017,2,2,1,0,0,0,0,0,1,0
11216,2015,2,2,2,1,0,0,0,0,0,0
11220,2006,4,4,2,0,0,0,0,0,2,0
11220,2007,2,2,0,0,0,0,0,0,2,0
11225,2017,5,4,1,0,0,0,1,0,2,0
11227,2014,3,3,1,0,0,0,0,0,1,0
11231,2010,3,3,1,0,0,0,0,0,1,0
11231,2011,3,3,1,0,0,1,0,0,1,0
11231,2012,4,4,2,1,0,0,0,0,1,0
11250,2013,3,3,0,0,0,0,0,0,1,0
11290,2014,4,4,0,0,0,0,0,0,1,0
11291,2008,6,4,2,0,0,0,2,0,0,0
11313,2014,3,2,1,0,0,0,0,1,0,0
11313,2016,4,3,0,0,0,0,1,0,1,0
11313,2017,2,1,1,1,0,0,1,0,0,0
11328,2005,2,1,1,1,0,0,1,0,0,0
11330,2017,2,2,0,0,0,0,0,0,1,0
11331,2008,6,4,0,0,0,0,1,0,3,1
11331,2014,3,3,1,0,0,1,0,0,0,0
11331,2015,3,2,0,0,0,0,0,1,0,0
11332,2005,2,2,0,0,0,0,0,0,1,0
11332,2007,3,2,0,0,0,0,1,0,1,0
11332,2008,6,6,2,1,0,0,0,0,0,0
11332,2009,6,6,2,1,0,0,0,0,0,0
11332,2011,3,3,1,0,0,0,0,0,0,0
11333,2011,3,3,0,0,0,0,0,0,0,0
11333,2012,2,1,0,0,0,0,1,0,0,0
11333,2013,2,2,1,1,0,0,0,0,1,0
11333,2014,5,4,2,1,0,0,1,0,2,0
11385,2008,5,4,2,0,0,0,1,0,1,0
11385,2011,6,5,1,0,0,0,1,0,0,0
11385,2012,6,4,2,0,0,0,2,0,0,0
11393,2012,1,0,0,0,0,0,1,0,0,0
11416,2006,5,5,1,0,0,0,0,0,0,0
11451,2015,4,3,2,0,0,0,1,0,0,0
11540,2010,2,0,0,0,0,0,2,0,0,0
11540,2011,3,2,0,0,0,0,1,0,0,0
11540,2012,1,1,0,0,0,0,0,0,1,0
11548,2019,1,1,0,0,0,0,0,0,0,0
11560,2008,2,2,0,0,0,0,0,0,1,0
11560,2013,2,2,1,0,0,0,0,0,0,0
11569,2009,2,1,0,0,0,0,0,1,1,0
11569,2011,5,4,1,0,0,0,1,0,0,0
11573,2008,3,3,0,0,0,0,0,0,3,0
11573,2010,1,1,0,0,0,0,0,0,1,0
11573,2012,3,3,0,0,0,0,0,0,0,0
11585,2015,3,3,1,0,0,0,0,0,1,0
11585,2016,2,2,0,0,0,0,0,0,0,0
11589,2008,6,4,0,0,0,0,2,0,1,0
11590,2014,2,1,0,0,0,0,1,0,0,0
11609,2016,3,3,1,0,0,0,0,0,2,0
11609,2019,2,2,2,0,0,1,0,0,0,0
11609,2020,1,1,1,0,0,0,0,0,0,0
11615,2014,3,3,2,0,0,0,0,0,1,0
11615,2016,2,2,0,0,0,0,0,0,2,0
11626,2015,2,2,0,0,0,0,0,0,0,0
11634,2008,2,2,0,0,0,0,0,0,1,0
11634,2012,3,2,0,0,0,0,1,0,1,0
11634,2013,9,8,3,2,0,0,0,1,0,0
11634,2015,3,2,0,0,0,0,1,0,0,0
11634,2016,3,3,2,0,0,0,0,0,0,0
11643,2011,3,3,0,0,0,0,0,0,1,0
11643,2012,3,3,2,1,0,0,0,0,0,0
11643,2014,6,6,4,1,0,1,0,0,1,0
11643,2017,3,2,1,0,0,0,1,0,0,0
11644,2014,2,2,0,0,0,0,0,0,2,0
11651,2017,6,5,1,1,0,0,1,0,0,0
11665,2008,6,6,1,0,0,0,0,0,3,0
11665,2009,3,2,0,0,0,0,1,0,0,0
11665,2010,3,3,1,0,0,0,0,0,2,0
11665,2012,2,1,1,0,0,1,1,0,0,0
11665,2013,3,2,0,0,0,0,1,0,2,0
11681,2011,3,3,1,0,0,1,0,0,1,0
11681,2013,3,3,0,0,0,0,0,0,1,0
11682,2008,3,3,2,2,0,0,0,0,0,0
11682,2010,3,3,1,0,0,0,0,0,1,0
11682,2012,6,6,4,2,0,0,0,0,1,0
11682,2013,3,2,1,0,0,0,1,0,0,0
11682,2014,3,3,0,0,0,0,0,0,2,0
11682,2016,11,11,4,1,0,1,0,0,1,0
11693,2005,2,1,0,0,0,0,1,0,0,0
11693,2010,1,0,0,0,0,0,1,0,0,0
11693,2012,5,4,1,1,0,0,1,0,1,0
11693,2013,3,2,0,0,0,0,1,0,1,0
11693,2014,3,3,2,0,0,0,0,0,0,0
11693,2016,8,8,0,0,0,0,0,0,3,0
11697,2015,5,4,2,0,0,1,1,0,1,0
11698,2008,6,5,1,0,0,0,0,1,2,0
11698,2014,6,4,2,0,0,0,1,1,0,0
11698,2017,3,2,2,0,0,0,0,0,0,0
11701,2014,3,3,1,1,0,0,0,0,0,0
11703,2013,3,2,1,0,0,1,1,0,0,0
11703,2014,6,5,2,1,0,0,1,0,1,0
11703,2015,3,3,0,0,0,0,0,0,2,0
11703,2016,1,0,0,0,0,0,1,0,0,0
11712,2012,2,2,1,1,0,0,0,0,1,0
11712,2014,3,2,0,0,0,0,1,0,1,0
11726,2012,3,3,1,0,0,0,0,0,2,0
11729,2015,2,2,1,0,0,0,0,0,0,0
11729,2016,6,5,0,0,0,0,1,0,1,0
11774,2015,7,7,2,0,0,0,0,0,2,0
11774,2016,3,3,0,0,0,0,0,0,1,0
11800,2016,3,3,2,0,0,0,0,0,1,0
11800,2019,1,0,0,0,0,0,1,0,0,0
11801,2009,2,1,0,0,0,0,1,0,0,0
11819,2008,7,7,3,1,1,0,0,0,2,0
11823,2011,3,3,2,0,0,0,0,0,0,0
11823,2013,4,4,2,0,0,0,0,0,1,0
11852,2008,6,5,0,0,0,0,1,0,3,0
11852,2012,9,7,5,1,0,0,2,0,1,0
11852,2013,3,3,1,1,0,0,0,0,0,0
11872,2017,3,3,0,0,0,0,0,0,1,0
11872,2019,1,1,0,0,0,0,0,0,1,0
11899,2013,2,2,0,0,0,0,0,0,2,0
11900,2015,3,3,0,0,0,0,0,0,1,0
11900,2016,6,5,2,1,0,1,1,0,0,0
11900,2017,4,3,1,0,0,1,1,0,0,0
11902,2017,2,1,0,0,0,0,1,0,1,0
11902,2019,1,1,0,0,0,0,0,0,1,0
11905,2009,1,1,0,0,0,0,0,0,0,0
11912,2012,3,3,0,0,0,0,0,0,0,0
11912,2013,3,1,0,0,0,0,2,0,0,0
11912,2014,5,3,1,0,0,0,2,0,0,0
11912,2015,3,2,0,0,0,0,1,0,1,0
11942,2009,3,3,0,0,0,0,0,0,1,0
11942,2012,6,6,0,0,0,0,0,0,3,0
11942,2013,2,0,0,0,0,0,0,0,0,0
11942,2014,4,4,1,0,0,0,0,0,1,0
11949,2008,3,3,0,0,0,0,0,0,3,0
11975,2010,3,3,0,0,0,0,0,0,1,0
11975,2011,6,6,1,1,0,0,0,0,0,0
11975,2012,5,5,1,0,0,0,0,0,1,0
11975,2015,4,3,1,0,0,0,0,0,0,1
11975,2016,2,2,0,0,0,0,0,0,1,0
11975,2017,3,3,1,0,0,0,0,0,0,0
11984,2010,3,3,2,0,0,0,0,0,1,0
11984,2011,5,4,0,0,0,0,1,0,2,0
12034,2008,1,0,0,0,0,0,1,0,0,0
12119,2009,3,2,1,0,0,0,0,1,1,0
12119,2010,6,5,3,0,0,1,1,0,0,0
12119,2011,3,3,2,1,0,1,0,0,0,0
12119,2012,6,4,0,0,0,0,2,0,0,0
12119,2013,6,5,1,0,0,0,1,0,1,0
12142,2012,3,3,0,0,0,0,0,0,2,0
12147,2010,3,3,0,0,0,0,0,0,1,0
12151,2008,3,3,1,1,0,0,0,0,0,0
12155,2016,3,3,2,0,0,0,0,0,1,0
12155,2019,1,1,0,0,0,0,0,0,0,0
12166,2012,3,3,1,0,0,1,0,0,1,0
12166,2014,3,3,0,0,0,0,0,0,1,0
12166,2016,3,3,0,0,0,0,0,0,2,0
12166,2017,2,2,0,0,0,0,0,0,2,0
12172,2011,2,2,0,0,0,0,0,0,0,0
12185,2012,4,4,1,0,0,0,0,0,2,0
12249,2005,2,2,1,0,0,0,0,0,0,0
12256,2011,2,2,2,2,0,0,0,0,0,0
12256,2013,3,2,0,0,0,0,1,0,1,0
12256,2016,2,2,0,0,0,0,0,0,0,0
12256,2017,4,4,0,0,0,0,0,0,1,0
12259,2008,4,4,2,1,0,1,0,0,1,0
12259,2011,2,2,1,0,0,1,0,0,1,0
12259,2012,6,6,1,0,0,0,0,0,3,0
12380,2008,2,2,1,0,0,0,0,0,0,0
12425,2008,7,7,2,0,0,0,0,0,2,0
12460,2010,1,1,0,0,0,0,0,0,1,0
12468,2014,6,5,1,0,0,0,0,1,2,0
12468,2015,3,3,1,0,0,0,0,0,0,0
12468,2016,3,3,1,0,0,0,0,0,0,0
12523,2008,3,1,0,0,0,0,1,0,0,1
12523,2009,3,2,0,0,0,0,1,0,1,0
12523,2011,2,2,1,0,0,0,0,0,0,0
12523,2012,4,3,0,0,0,0,1,0,0,0
12523,2013,2,2,1,0,0,0,0,0,0,0
12523,2014,3,3,0,0,0,0,0,0,0,0
12523,2016,3,2,0,0,0,0,1,0,0,0
12544,2019,1,1,0,0,0,0,0,0,0,0
12565,2020,1,1,0,0,0,0,0,0,1,0
12571,2014,3,2,0,0,0,0,1,0,1,0
12571,2016,3,2,0,0,0,0,1,0,1,0
12588,2008,3,3,1,0,0,0,0,0,2,0
12598,2008,3,2,0,0,0,0,1,0,2,0
12598,2010,6,6,1,0,0,1,0,0,3,0
12598,2012,9,7,1,0,0,0,2,0,2,0
12600,2006,2,2,1,0,0,0,0,0,0,0
12600,2008,3,2,0,0,0,0,1,0,1,0
12603,2008,1,1,0,0,0,0,0,0,1,0
12608,2011,3,3,1,0,0,0,0,0,2,0
12608,2012,1,0,0,0,0,0,1,0,0,0
12608,2013,9,9,3,2,0,0,0,0,0,0
12608,2014,3,3,1,1,0,0,0,0,1,0
12619,2012,1,1,0,0,0,0,0,0,1,0
12625,2005,2,1,1,0,0,0,1,0,0,0
12642,2008,2,2,0,0,0,0,0,0,0,0
12666,2010,2,2,1,0,0,0,0,0,0,0
12666,2013,3,1,1,0,0,0,2,0,0,0
12666,2016,3,3,1,1,0,0,0,0,1,0
12666,2017,5,5,2,1,0,0,0,0,1,0
12671,2008,2,2,1,0,0,0,0,0,0,0
12671,2013,2,1,0,0,0,0,0,0,1,0
12672,2011,3,1,0,0,0,0,2,0,1,0
12672,2013,3,2,0,0,0,0,1,0,0,0
12672,2014,3,2,0,0,0,0,1,0,0,0
12672,2015,3,2,0,0,0,0,1,0,0,0
12672,2019,3,3,0,0,0,0,0,0,1,0
12681,2017,1,1,1,1,0,0,0,0,0,0
